SR00535	31/5/2026	R	9,93153E+11	ACCIONADISA CONSTRUCTORES S,A,	J	9	1	50				2,001E+12	507,48	478,33	28/5/2026	27/6/2026	27/6/2026	30	30	0	0	0	478,33	0	0	0	0	0	0	0	0	0	0	0	507,48
SR00535	31/5/2026	R	1,79285E+12	ACERCONS-QUITO CIA,LTDA,	J	17	1	50				1,001E+12	79,81	79,81	27/4/2026	6/6/2026	6/6/2026	40	40	0	0	0	79,81	0	0	0	0	0	0	0	0	0	0	0	79,81
SR00535	31/5/2026	R	1,79285E+12	ACERCONS-QUITO CIA,LTDA,	J	17	1	50				1,001E+12	1137,67	1125,01	24/4/2026	3/6/2026	3/6/2026	40	40	0	0	0	1125,01	0	0	0	0	0	0	0	0	0	0	0	1137,67
SR00535	31/5/2026	R	1,79E+12	ACERIA DEL ECUADOR CA ADELCA	J	17	1	50				1,001E+12	5454,75	5454,75	29/5/2026	13/6/2026	13/6/2026	15	15	0	0	0	5454,75	0	0	0	0	0	0	0	0	0	0	0	5454,75
SR00535	31/5/2026	R	1,79001E+12	ACERO COMERCIAL ECUATORIANO S,A,	J	17	1	4				1,001E+12	2792,06	2755,64	11/5/2026	30/6/2026	30/6/2026	50	50	0	0	0	2755,64	0	0	0	0	0	0	0	0	0	0	0	2792,06
SR00535	31/5/2026	R	1,79173E+12	ACEROSCENTER CIA,LTDA,	J	17	1	8				1,001E+12	1664,77	1643,06	19/4/2026	3/7/2026	3/7/2026	75	75	0	0	0	0	1643,06	0	0	0	0	0	0	0	0	0	0	1664,77
SR00535	31/5/2026	R	1,79173E+12	ACEROSCENTER CIA,LTDA,	J	17	1	8				3,001E+12	725,12	715,66	12/5/2026	26/7/2026	26/7/2026	75	75	0	0	0	0	715,66	0	0	0	0	0	0	0	0	0	0	725,12
SR00535	31/5/2026	R	1,79173E+12	ACEROSCENTER CIA,LTDA,	J	17	1	8				1,001E+12	83,75	82,66	11/3/2026	25/5/2026	25/5/2026	75	75	6	82,66	0	0	0	0	0	0	82,66	0	0	0	0	0	0	83,75
SR00535	31/5/2026	R	1,79173E+12	ACEROSCENTER CIA,LTDA,	J	17	1	8				1,001E+12	1035,32	1021,82	10/4/2026	24/6/2026	24/6/2026	75	75	0	0	0	1021,82	0	0	0	0	0	0	0	0	0	0	0	1035,32
SR00535	31/5/2026	R	1,79173E+12	ACEROSCENTER CIA,LTDA,	J	17	1	8				1,001E+12	761,63	751,7	9/4/2026	23/6/2026	23/6/2026	75	75	0	0	0	751,7	0	0	0	0	0	0	0	0	0	0	0	761,63
SR00535	31/5/2026	R	1,79173E+12	ACEROSCENTER CIA,LTDA,	J	17	1	8				1,001E+12	2766,53	2730,44	26/4/2026	10/7/2026	10/7/2026	75	75	0	0	0	0	2730,44	0	0	0	0	0	0	0	0	0	0	2766,53
SR00535	31/5/2026	R	1,79173E+12	ACEROSCENTER CIA,LTDA,	J	17	1	8				1,001E+12	1832,82	1808,91	7/4/2026	21/6/2026	21/6/2026	75	75	0	0	0	1808,91	0	0	0	0	0	0	0	0	0	0	0	1832,82
SR00535	31/5/2026	R	1,79173E+12	ACEROSCENTER CIA,LTDA,	J	17	1	8				1,001E+12	1136,86	1122,03	27/5/2026	10/8/2026	10/8/2026	75	75	0	0	0	0	1122,03	0	0	0	0	0	0	0	0	0	0	1136,86
SR00535	31/5/2026	R	1,79173E+12	ACEROSCENTER CIA,LTDA,	J	17	1	8				1,001E+12	628,25	620,05	15/4/2026	29/6/2026	29/6/2026	75	75	0	0	0	620,05	0	0	0	0	0	0	0	0	0	0	0	628,25
SR00535	31/5/2026	R	1,79173E+12	ACEROSCENTER CIA,LTDA,	J	17	1	8				2,001E+12	236,97	233,88	7/5/2026	21/7/2026	21/7/2026	75	75	0	0	0	0	233,88	0	0	0	0	0	0	0	0	0	0	236,97
SR00535	31/5/2026	R	1,79173E+12	ACEROSCENTER CIA,LTDA,	J	17	1	8				1,001E+12	465,75	459,67	20/3/2026	3/6/2026	3/6/2026	75	75	0	0	0	459,67	0	0	0	0	0	0	0	0	0	0	0	465,75
SR00535	31/5/2026	R	1,79173E+12	ACEROSCENTER CIA,LTDA,	J	17	1	8				1,001E+12	805,25	794,75	13/4/2026	27/6/2026	27/6/2026	75	75	0	0	0	794,75	0	0	0	0	0	0	0	0	0	0	0	805,25
SR00535	31/5/2026	R	1,79173E+12	ACEROSCENTER CIA,LTDA,	J	17	1	8				1,001E+12	1424,51	1405,93	15/4/2026	29/6/2026	29/6/2026	75	75	0	0	0	1405,93	0	0	0	0	0	0	0	0	0	0	0	1424,51
SR00535	31/5/2026	R	1,79173E+12	ACEROSCENTER CIA,LTDA,	J	17	1	8				1,001E+12	931,48	919,33	24/3/2026	7/6/2026	7/6/2026	75	75	0	0	0	919,33	0	0	0	0	0	0	0	0	0	0	0	931,48
SR00535	31/5/2026	R	1,79173E+12	ACEROSCENTER CIA,LTDA,	J	17	1	8				1,001E+12	412,45	407,07	26/5/2026	9/8/2026	9/8/2026	75	75	0	0	0	0	407,07	0	0	0	0	0	0	0	0	0	0	412,45
SR00535	31/5/2026	R	1,79173E+12	ACEROSCENTER CIA,LTDA,	J	17	1	8				1,001E+12	4637,52	4577,03	6/4/2026	20/6/2026	20/6/2026	75	75	0	0	0	4577,03	0	0	0	0	0	0	0	0	0	0	0	4637,52
SR00535	31/5/2026	R	1,79173E+12	ACEROSCENTER CIA,LTDA,	J	17	1	8				1,001E+12	2225,33	2196,3	14/5/2026	28/7/2026	28/7/2026	75	75	0	0	0	0	2196,3	0	0	0	0	0	0	0	0	0	0	2225,33
SR00535	31/5/2026	R	1,79173E+12	ACEROSCENTER CIA,LTDA,	J	17	1	8				1,001E+12	342,36	337,89	22/4/2026	6/7/2026	6/7/2026	75	75	0	0	0	0	337,89	0	0	0	0	0	0	0	0	0	0	342,36
SR00535	31/5/2026	R	1,79173E+12	ACEROSCENTER CIA,LTDA,	J	17	1	8				1,001E+12	4964,21	4899,46	21/4/2026	5/7/2026	5/7/2026	75	75	0	0	0	0	4899,46	0	0	0	0	0	0	0	0	0	0	4964,21
SR00535	31/5/2026	R	1,79173E+12	ACEROSCENTER CIA,LTDA,	J	17	1	8				1,001E+12	4896,69	4832,82	21/4/2026	5/7/2026	5/7/2026	75	75	0	0	0	0	4832,82	0	0	0	0	0	0	0	0	0	0	4896,69
SR00535	31/5/2026	R	1,79173E+12	ACEROSCENTER CIA,LTDA,	J	17	1	8				1,001E+12	181,55	179,18	5/5/2026	19/7/2026	19/7/2026	75	75	0	0	0	0	179,18	0	0	0	0	0	0	0	0	0	0	181,55
SR00535	31/5/2026	R	1,79173E+12	ACEROSCENTER CIA,LTDA,	J	17	1	8				1,001E+12	948,95	936,57	19/3/2026	2/6/2026	2/6/2026	75	75	0	0	0	936,57	0	0	0	0	0	0	0	0	0	0	0	948,95
SR00535	31/5/2026	R	1,79173E+12	ACEROSCENTER CIA,LTDA,	J	17	1	8				1,001E+12	358,89	354,21	9/4/2026	23/6/2026	23/6/2026	75	75	0	0	0	354,21	0	0	0	0	0	0	0	0	0	0	0	358,89
SR00535	31/5/2026	R	1,79173E+12	ACEROSCENTER CIA,LTDA,	J	17	1	8				1,001E+12	4279,48	4223,66	11/5/2026	25/7/2026	25/7/2026	75	75	0	0	0	0	4223,66	0	0	0	0	0	0	0	0	0	0	4279,48
SR00535	31/5/2026	R	1,79173E+12	ACEROSCENTER CIA,LTDA,	J	17	1	8				1,001E+12	5513,15	5441,24	31/3/2026	14/6/2026	14/6/2026	75	75	0	0	0	5441,24	0	0	0	0	0	0	0	0	0	0	0	5513,15
SR00535	31/5/2026	R	1,79173E+12	ACEROSCENTER CIA,LTDA,	J	17	1	8				2,001E+12	1489,09	1469,67	24/4/2026	8/7/2026	8/7/2026	75	75	0	0	0	0	1469,67	0	0	0	0	0	0	0	0	0	0	1489,09
SR00535	31/5/2026	R	1,79173E+12	ACEROSCENTER CIA,LTDA,	J	17	1	8				1,001E+12	709,72	700,46	28/5/2026	11/8/2026	11/8/2026	75	75	0	0	0	0	700,46	0	0	0	0	0	0	0	0	0	0	709,72
SR00535	31/5/2026	R	1,79173E+12	ACEROSCENTER CIA,LTDA,	J	17	1	8				1,001E+12	1757,2	1734,28	21/4/2026	5/7/2026	5/7/2026	75	75	0	0	0	0	1734,28	0	0	0	0	0	0	0	0	0	0	1757,2
SR00535	31/5/2026	R	1,79173E+12	ACEROSCENTER CIA,LTDA,	J	17	1	8				3,001E+12	583,66	576,05	6/5/2026	20/7/2026	20/7/2026	75	75	0	0	0	0	576,05	0	0	0	0	0	0	0	0	0	0	583,66
SR00535	31/5/2026	R	1,79173E+12	ACEROSCENTER CIA,LTDA,	J	17	1	8				1,001E+12	2546,54	2513,32	21/4/2026	5/7/2026	5/7/2026	75	75	0	0	0	0	2513,32	0	0	0	0	0	0	0	0	0	0	2546,54
SR00535	31/5/2026	R	1,79173E+12	ACEROSCENTER CIA,LTDA,	J	17	1	8				1,001E+12	148,53	146,59	9/4/2026	23/6/2026	23/6/2026	75	75	0	0	0	146,59	0	0	0	0	0	0	0	0	0	0	0	148,53
SR00535	31/5/2026	R	1,79173E+12	ACEROSCENTER CIA,LTDA,	J	17	1	8				1,001E+12	372,6	367,74	10/4/2026	24/6/2026	24/6/2026	75	75	0	0	0	367,74	0	0	0	0	0	0	0	0	0	0	0	372,6
SR00535	31/5/2026	R	1,79173E+12	ACEROSCENTER CIA,LTDA,	J	17	1	8				1,001E+12	2218,38	2189,44	16/4/2026	30/6/2026	30/6/2026	75	75	0	0	0	2189,44	0	0	0	0	0	0	0	0	0	0	0	2218,38
SR00535	31/5/2026	R	1,79173E+12	ACEROSCENTER CIA,LTDA,	J	17	1	8				1,001E+12	4450,66	4392,61	5/5/2026	19/7/2026	19/7/2026	75	75	0	0	0	0	4392,61	0	0	0	0	0	0	0	0	0	0	4450,66
SR00535	31/5/2026	R	1,79173E+12	ACEROSCENTER CIA,LTDA,	J	17	1	8				1,001E+12	4206,23	4151,37	16/4/2026	30/6/2026	30/6/2026	75	75	0	0	0	4151,37	0	0	0	0	0	0	0	0	0	0	0	4206,23
SR00535	31/5/2026	R	1,79173E+12	ACEROSCENTER CIA,LTDA,	J	17	1	8				1,001E+12	1226,03	1210,04	28/4/2026	12/7/2026	12/7/2026	75	75	0	0	0	0	1210,04	0	0	0	0	0	0	0	0	0	0	1226,03
SR00535	31/5/2026	R	1,79173E+12	ACEROSCENTER CIA,LTDA,	J	17	1	8				2,001E+12	127,42	125,76	11/5/2026	25/7/2026	25/7/2026	75	75	0	0	0	0	125,76	0	0	0	0	0	0	0	0	0	0	127,42
SR00535	31/5/2026	R	1,79173E+12	ACEROSCENTER CIA,LTDA,	J	17	1	8				1,001E+12	3171,37	3171,37	21/4/2026	5/7/2026	5/7/2026	75	75	0	0	0	0	3171,37	0	0	0	0	0	0	0	0	0	0	3171,37
SR00535	31/5/2026	R	1,79173E+12	ACEROSCENTER CIA,LTDA,	J	17	1	8				1,001E+12	89,72	88,55	2/4/2026	16/6/2026	16/6/2026	75	75	0	0	0	88,55	0	0	0	0	0	0	0	0	0	0	0	89,72
SR00535	31/5/2026	R	1,79173E+12	ACEROSCENTER CIA,LTDA,	J	17	1	8				2,001E+12	1932,76	1907,55	16/4/2026	30/6/2026	30/6/2026	75	75	0	0	0	1907,55	0	0	0	0	0	0	0	0	0	0	0	1932,76
SR00535	31/5/2026	R	1,79173E+12	ACEROSCENTER CIA,LTDA,	J	17	1	8				1,001E+12	363,1	358,36	1/4/2026	15/6/2026	15/6/2026	75	75	0	0	0	358,36	0	0	0	0	0	0	0	0	0	0	0	363,1
SR00535	31/5/2026	R	1,79173E+12	ACEROSCENTER CIA,LTDA,	J	17	1	8				2,001E+12	986,34	973,47	21/5/2026	4/8/2026	4/8/2026	75	75	0	0	0	0	973,47	0	0	0	0	0	0	0	0	0	0	986,34
SR00535	31/5/2026	R	1,79173E+12	ACEROSCENTER CIA,LTDA,	J	17	1	8				1,001E+12	1483,68	1464,33	12/5/2026	26/7/2026	26/7/2026	75	75	0	0	0	0	1464,33	0	0	0	0	0	0	0	0	0	0	1483,68
SR00535	31/5/2026	R	1,79173E+12	ACEROSCENTER CIA,LTDA,	J	17	1	8				1,001E+12	1483,68	1464,33	12/5/2026	26/7/2026	26/7/2026	75	75	0	0	0	0	1464,33	0	0	0	0	0	0	0	0	0	0	1483,68
SR00535	31/5/2026	R	1,79173E+12	ACEROSCENTER CIA,LTDA,	J	17	1	8				2,001E+12	2051,26	2024,5	16/4/2026	30/6/2026	30/6/2026	75	75	0	0	0	2024,5	0	0	0	0	0	0	0	0	0	0	0	2051,26
SR00535	31/5/2026	R	1,79173E+12	ACEROSCENTER CIA,LTDA,	J	17	1	8				1,001E+12	2497,77	2465,19	23/4/2026	7/7/2026	7/7/2026	75	75	0	0	0	0	2465,19	0	0	0	0	0	0	0	0	0	0	2497,77
SR00535	31/5/2026	R	1,79173E+12	ACEROSCENTER CIA,LTDA,	J	17	1	8				2,001E+12	1435,97	1417,24	24/4/2026	8/7/2026	8/7/2026	75	75	0	0	0	0	1417,24	0	0	0	0	0	0	0	0	0	0	1435,97
SR00535	31/5/2026	R	1,79173E+12	ACEROSCENTER CIA,LTDA,	J	17	1	8				1,001E+12	7849,1	7746,72	12/4/2026	26/6/2026	26/6/2026	75	75	0	0	0	7746,72	0	0	0	0	0	0	0	0	0	0	0	7849,1
SR00535	31/5/2026	R	1,79173E+12	ACEROSCENTER CIA,LTDA,	J	17	1	8				1,001E+12	5635	5561,5	27/4/2026	11/7/2026	11/7/2026	75	75	0	0	0	0	5561,5	0	0	0	0	0	0	0	0	0	0	5635
SR00535	31/5/2026	R	1,79173E+12	ACEROSCENTER CIA,LTDA,	J	17	1	8				2,001E+12	1851,57	1827,42	4/5/2026	18/7/2026	18/7/2026	75	75	0	0	0	0	1827,42	0	0	0	0	0	0	0	0	0	0	1851,57
SR00535	31/5/2026	R	1,79173E+12	ACEROSCENTER CIA,LTDA,	J	17	1	8				1,001E+12	2052,93	2026,15	7/5/2026	21/7/2026	21/7/2026	75	75	0	0	0	0	2026,15	0	0	0	0	0	0	0	0	0	0	2052,93
SR00535	31/5/2026	R	1,79173E+12	ACEROSCENTER CIA,LTDA,	J	17	1	8				1,001E+12	2772,01	2735,85	29/5/2026	12/8/2026	12/8/2026	75	75	0	0	0	0	2735,85	0	0	0	0	0	0	0	0	0	0	2772,01
SR00535	31/5/2026	R	1,79173E+12	ACEROSCENTER CIA,LTDA,	J	17	1	8				1,001E+12	1083,08	1068,95	9/4/2026	23/6/2026	23/6/2026	75	75	0	0	0	1068,95	0	0	0	0	0	0	0	0	0	0	0	1083,08
SR00535	31/5/2026	R	1,79173E+12	ACEROSCENTER CIA,LTDA,	J	17	1	8				1,001E+12	4964,21	4899,46	21/4/2026	5/7/2026	5/7/2026	75	75	0	0	0	0	4899,46	0	0	0	0	0	0	0	0	0	0	4964,21
SR00535	31/5/2026	R	1,79173E+12	ACEROSCENTER CIA,LTDA,	J	17	1	8				1,001E+12	7229,49	7135,19	13/3/2026	27/5/2026	27/5/2026	75	75	4	7135,19	0	0	0	0	0	0	7135,19	0	0	0	0	0	0	7229,49
SR00535	31/5/2026	R	1,79173E+12	ACEROSCENTER CIA,LTDA,	J	17	1	8				1,001E+12	2186,33	2157,81	27/4/2026	11/7/2026	11/7/2026	75	75	0	0	0	0	2157,81	0	0	0	0	0	0	0	0	0	0	2186,33
SR00535	31/5/2026	R	1,79173E+12	ACEROSCENTER CIA,LTDA,	J	17	1	8				2,001E+12	181,55	179,18	7/5/2026	21/7/2026	21/7/2026	75	75	0	0	0	0	179,18	0	0	0	0	0	0	0	0	0	0	181,55
SR00535	31/5/2026	R	1,79173E+12	ACEROSCENTER CIA,LTDA,	J	17	1	8				1,001E+12	3019,44	2980,06	17/4/2026	1/7/2026	1/7/2026	75	75	0	0	0	0	2980,06	0	0	0	0	0	0	0	0	0	0	3019,44
SR00535	31/5/2026	R	1,79173E+12	ACEROSCENTER CIA,LTDA,	J	17	1	8				1,001E+12	1015,71	1002,46	21/4/2026	5/7/2026	5/7/2026	75	75	0	0	0	0	1002,46	0	0	0	0	0	0	0	0	0	0	1015,71
SR00535	31/5/2026	R	1,79173E+12	ACEROSCENTER CIA,LTDA,	J	17	1	8				1,001E+12	2593,32	2559,49	8/4/2026	22/6/2026	22/6/2026	75	75	0	0	0	2559,49	0	0	0	0	0	0	0	0	0	0	0	2593,32
SR00535	31/5/2026	R	1,79173E+12	ACEROSCENTER CIA,LTDA,	J	17	1	8				1,001E+12	4240,29	4184,98	28/5/2026	11/8/2026	11/8/2026	75	75	0	0	0	0	4184,98	0	0	0	0	0	0	0	0	0	0	4240,29
SR00535	31/5/2026	R	1,79173E+12	ACEROSCENTER CIA,LTDA,	J	17	1	8				1,001E+12	1715,03	1692,66	13/5/2026	27/7/2026	27/7/2026	75	75	0	0	0	0	1692,66	0	0	0	0	0	0	0	0	0	0	1715,03
SR00535	31/5/2026	R	1,79173E+12	ACEROSCENTER CIA,LTDA,	J	17	1	8				1,001E+12	1258,24	1241,83	31/3/2026	14/6/2026	14/6/2026	75	75	0	0	0	1241,83	0	0	0	0	0	0	0	0	0	0	0	1258,24
SR00535	31/5/2026	R	1,79173E+12	ACEROSCENTER CIA,LTDA,	J	17	1	8				1,001E+12	269,17	265,66	27/4/2026	11/7/2026	11/7/2026	75	75	0	0	0	0	265,66	0	0	0	0	0	0	0	0	0	0	269,17
SR00535	31/5/2026	R	1,79173E+12	ACEROSCENTER CIA,LTDA,	J	17	1	8				2,001E+12	764,36	754,39	10/4/2026	24/6/2026	24/6/2026	75	75	0	0	0	754,39	0	0	0	0	0	0	0	0	0	0	0	764,36
SR00535	31/5/2026	R	1,79173E+12	ACEROSCENTER CIA,LTDA,	J	17	1	8				1,001E+12	7093,92	7001,39	7/5/2026	21/7/2026	21/7/2026	75	75	0	0	0	0	7001,39	0	0	0	0	0	0	0	0	0	0	7093,92
SR00535	31/5/2026	R	1,79173E+12	ACEROSCENTER CIA,LTDA,	J	17	1	8				2,001E+12	2294,78	2264,85	8/4/2026	22/6/2026	22/6/2026	75	75	0	0	0	2264,85	0	0	0	0	0	0	0	0	0	0	0	2294,78
SR00535	31/5/2026	R	1,79173E+12	ACEROSCENTER CIA,LTDA,	J	17	1	8				2,001E+12	190,77	188,28	20/5/2026	3/8/2026	3/8/2026	75	75	0	0	0	0	188,28	0	0	0	0	0	0	0	0	0	0	190,77
SR00535	31/5/2026	R	1,79173E+12	ACEROSCENTER CIA,LTDA,	J	17	1	8				1,001E+12	1490,48	1471,04	1/4/2026	15/6/2026	15/6/2026	75	75	0	0	0	1471,04	0	0	0	0	0	0	0	0	0	0	0	1490,48
SR00535	31/5/2026	R	1,79173E+12	ACEROSCENTER CIA,LTDA,	J	17	1	8				1,001E+12	465,75	459,67	8/5/2026	22/7/2026	22/7/2026	75	75	0	0	0	0	459,67	0	0	0	0	0	0	0	0	0	0	465,75
SR00535	31/5/2026	R	1,79173E+12	ACEROSCENTER CIA,LTDA,	J	17	1	8				1,001E+12	879,95	109,24	26/2/2026	12/5/2026	12/5/2026	75	75	19	109,24	0	0	0	0	0	0	109,24	0	0	0	0	0	0	879,95
SR00535	31/5/2026	R	1,79173E+12	ACEROSCENTER CIA,LTDA,	J	17	1	8				1,001E+12	261,77	258,36	11/5/2026	25/7/2026	25/7/2026	75	75	0	0	0	0	258,36	0	0	0	0	0	0	0	0	0	0	261,77
SR00535	31/5/2026	R	1,79173E+12	ACEROSCENTER CIA,LTDA,	J	17	1	8				3,001E+12	4644,49	4583,91	20/4/2026	4/7/2026	4/7/2026	75	75	0	0	0	0	4583,91	0	0	0	0	0	0	0	0	0	0	4644,49
SR00535	31/5/2026	R	1,79173E+12	ACEROSCENTER CIA,LTDA,	J	17	1	8				1,001E+12	4207,74	4152,86	17/3/2026	31/5/2026	31/5/2026	75	75	0	0	0	4152,86	0	0	0	0	0	0	0	0	0	0	0	4207,74
SR00535	31/5/2026	R	1,79173E+12	ACEROSCENTER CIA,LTDA,	J	17	1	8				1,001E+12	5137,03	5070,02	23/4/2026	7/7/2026	7/7/2026	75	75	0	0	0	0	5070,02	0	0	0	0	0	0	0	0	0	0	5137,03
SR00535	31/5/2026	R	1,79173E+12	ACEROSCENTER CIA,LTDA,	J	17	1	8				1,001E+12	81,66	80,59	13/4/2026	27/6/2026	27/6/2026	75	75	0	0	0	80,59	0	0	0	0	0	0	0	0	0	0	0	81,66
SR00535	31/5/2026	R	1,79173E+12	ACEROSCENTER CIA,LTDA,	J	17	1	8				1,001E+12	2438,37	2406,56	13/4/2026	27/6/2026	27/6/2026	75	75	0	0	0	2406,56	0	0	0	0	0	0	0	0	0	0	0	2438,37
SR00535	31/5/2026	R	1,79173E+12	ACEROSCENTER CIA,LTDA,	J	17	1	8				1,001E+12	1343,14	1325,62	13/5/2026	27/7/2026	27/7/2026	75	75	0	0	0	0	1325,62	0	0	0	0	0	0	0	0	0	0	1343,14
SR00535	31/5/2026	R	1,79173E+12	ACEROSCENTER CIA,LTDA,	J	17	1	8				1,001E+12	917,6	905,63	6/4/2026	20/6/2026	20/6/2026	75	75	0	0	0	905,63	0	0	0	0	0	0	0	0	0	0	0	917,6
SR00535	31/5/2026	R	1,79173E+12	ACEROSCENTER CIA,LTDA,	J	17	1	8				1,001E+12	137,26	135,47	17/5/2026	31/7/2026	31/7/2026	75	75	0	0	0	0	135,47	0	0	0	0	0	0	0	0	0	0	137,26
SR00535	31/5/2026	R	1,79173E+12	ACEROSCENTER CIA,LTDA,	J	17	1	8				1,001E+12	6018,39	5939,89	15/4/2026	29/6/2026	29/6/2026	75	75	0	0	0	5939,89	0	0	0	0	0	0	0	0	0	0	0	6018,39
SR00535	31/5/2026	R	1,79173E+12	ACEROSCENTER CIA,LTDA,	J	17	1	8				1,001E+12	2226,22	2197,18	17/4/2026	1/7/2026	1/7/2026	75	75	0	0	0	0	2197,18	0	0	0	0	0	0	0	0	0	0	2226,22
SR00535	31/5/2026	R	1,79173E+12	ACEROSCENTER CIA,LTDA,	J	17	1	8				1,001E+12	1620,91	1599,77	12/5/2026	26/7/2026	26/7/2026	75	75	0	0	0	0	1599,77	0	0	0	0	0	0	0	0	0	0	1620,91
SR00535	31/5/2026	R	1,79173E+12	ACEROSCENTER CIA,LTDA,	J	17	1	8				1,001E+12	3336,2	3292,68	9/4/2026	23/6/2026	23/6/2026	75	75	0	0	0	3292,68	0	0	0	0	0	0	0	0	0	0	0	3336,2
SR00535	31/5/2026	R	1,79173E+12	ACEROSCENTER CIA,LTDA,	J	17	1	8				1,001E+12	513,54	506,84	26/5/2026	9/8/2026	9/8/2026	75	75	0	0	0	0	506,84	0	0	0	0	0	0	0	0	0	0	513,54
SR00535	31/5/2026	R	1,79173E+12	ACEROSCENTER CIA,LTDA,	J	17	1	8				2,001E+12	780,88	770,69	12/5/2026	26/7/2026	26/7/2026	75	75	0	0	0	0	770,69	0	0	0	0	0	0	0	0	0	0	780,88
SR00535	31/5/2026	R	1,79173E+12	ACEROSCENTER CIA,LTDA,	J	17	1	8				1,001E+12	4376,45	4319,37	1/4/2026	15/6/2026	15/6/2026	75	75	0	0	0	4319,37	0	0	0	0	0	0	0	0	0	0	0	4376,45
SR00535	31/5/2026	R	1,79173E+12	ACEROSCENTER CIA,LTDA,	J	17	1	8				1,001E+12	3042,27	3002,59	13/5/2026	27/7/2026	27/7/2026	75	75	0	0	0	0	3002,59	0	0	0	0	0	0	0	0	0	0	3042,27
SR00535	31/5/2026	R	1,79173E+12	ACEROSCENTER CIA,LTDA,	J	17	1	8				3,001E+12	1075,69	1061,66	6/5/2026	20/7/2026	20/7/2026	75	75	0	0	0	0	1061,66	0	0	0	0	0	0	0	0	0	0	1075,69
SR00535	31/5/2026	R	1,79173E+12	ACEROSCENTER CIA,LTDA,	J	17	1	8				1,001E+12	3016,13	2976,79	23/4/2026	7/7/2026	7/7/2026	75	75	0	0	0	0	2976,79	0	0	0	0	0	0	0	0	0	0	3016,13
SR00535	31/5/2026	R	1,79173E+12	ACEROSCENTER CIA,LTDA,	J	17	1	8				1,001E+12	358,89	354,21	6/4/2026	20/6/2026	20/6/2026	75	75	0	0	0	354,21	0	0	0	0	0	0	0	0	0	0	0	358,89
SR00535	31/5/2026	R	1,79173E+12	ACEROSCENTER CIA,LTDA,	J	17	1	8				1,001E+12	1006,48	993,35	23/4/2026	7/7/2026	7/7/2026	75	75	0	0	0	0	993,35	0	0	0	0	0	0	0	0	0	0	1006,48
SR00535	31/5/2026	R	1,79173E+12	ACEROSCENTER CIA,LTDA,	J	17	1	8				2,001E+12	1746,92	1724,13	7/5/2026	21/7/2026	21/7/2026	75	75	0	0	0	0	1724,13	0	0	0	0	0	0	0	0	0	0	1746,92
SR00535	31/5/2026	R	1,79173E+12	ACEROSCENTER CIA,LTDA,	J	17	1	8				1,001E+12	2986,6	2947,64	20/3/2026	3/6/2026	3/6/2026	75	75	0	0	0	2947,64	0	0	0	0	0	0	0	0	0	0	0	2986,6
SR00535	31/5/2026	R	1,79173E+12	ACEROSCENTER CIA,LTDA,	J	17	1	8				1,001E+12	766,57	756,57	6/4/2026	20/6/2026	20/6/2026	75	75	0	0	0	756,57	0	0	0	0	0	0	0	0	0	0	0	766,57
SR00535	31/5/2026	R	1,79173E+12	ACEROSCENTER CIA,LTDA,	J	17	1	8				1,001E+12	1401,87	1383,58	26/4/2026	10/7/2026	10/7/2026	75	75	0	0	0	0	1383,58	0	0	0	0	0	0	0	0	0	0	1401,87
SR00535	31/5/2026	R	1,79173E+12	ACEROSCENTER CIA,LTDA,	J	17	1	8				1,001E+12	1516,59	1496,81	13/5/2026	27/7/2026	27/7/2026	75	75	0	0	0	0	1496,81	0	0	0	0	0	0	0	0	0	0	1516,59
SR00535	31/5/2026	R	1,79173E+12	ACEROSCENTER CIA,LTDA,	J	17	1	8				1,001E+12	5423,8	5353,05	7/5/2026	21/7/2026	21/7/2026	75	75	0	0	0	0	5353,05	0	0	0	0	0	0	0	0	0	0	5423,8
SR00535	31/5/2026	R	1,79173E+12	ACEROSCENTER CIA,LTDA,	J	17	1	8				2,001E+12	4511,3	4452,46	8/4/2026	22/6/2026	22/6/2026	75	75	0	0	0	4452,46	0	0	0	0	0	0	0	0	0	0	0	4511,3
SR00535	31/5/2026	R	1,79173E+12	ACEROSCENTER CIA,LTDA,	J	17	1	8				3,001E+12	680,47	671,59	13/5/2026	27/7/2026	27/7/2026	75	75	0	0	0	0	671,59	0	0	0	0	0	0	0	0	0	0	680,47
SR00535	31/5/2026	R	1,79173E+12	ACEROSCENTER CIA,LTDA,	J	17	1	8				3,001E+12	2313,52	2283,34	7/4/2026	21/6/2026	21/6/2026	75	75	0	0	0	2283,34	0	0	0	0	0	0	0	0	0	0	0	2313,52
SR00535	31/5/2026	R	1,79173E+12	ACEROSCENTER CIA,LTDA,	J	17	1	8				1,001E+12	1369,43	1351,57	22/4/2026	6/7/2026	6/7/2026	75	75	0	0	0	0	1351,57	0	0	0	0	0	0	0	0	0	0	1369,43
SR00535	31/5/2026	R	1,79173E+12	ACEROSCENTER CIA,LTDA,	J	17	1	8				1,001E+12	395,39	390,23	13/4/2026	27/6/2026	27/6/2026	75	75	0	0	0	390,23	0	0	0	0	0	0	0	0	0	0	0	395,39
SR00535	31/5/2026	R	1,79173E+12	ACEROSCENTER CIA,LTDA,	J	17	1	8				1,001E+12	2556,34	2523	15/4/2026	29/6/2026	29/6/2026	75	75	0	0	0	2523	0	0	0	0	0	0	0	0	0	0	0	2556,34
SR00535	31/5/2026	R	1,79173E+12	ACEROSCENTER CIA,LTDA,	J	17	1	8				1,001E+12	2033,04	2006,52	12/4/2026	26/6/2026	26/6/2026	75	75	0	0	0	2006,52	0	0	0	0	0	0	0	0	0	0	0	2033,04
SR00535	31/5/2026	R	1,79173E+12	ACEROSCENTER CIA,LTDA,	J	17	1	8				2,001E+12	395,39	390,23	23/4/2026	7/7/2026	7/7/2026	75	75	0	0	0	0	390,23	0	0	0	0	0	0	0	0	0	0	395,39
SR00535	31/5/2026	R	1,79173E+12	ACEROSCENTER CIA,LTDA,	J	17	1	8				1,001E+12	527,19	520,31	9/4/2026	23/6/2026	23/6/2026	75	75	0	0	0	520,31	0	0	0	0	0	0	0	0	0	0	0	527,19
SR00535	31/5/2026	R	1,79173E+12	ACEROSCENTER CIA,LTDA,	J	17	1	8				1,001E+12	704,69	695,5	15/4/2026	29/6/2026	29/6/2026	75	75	0	0	0	695,5	0	0	0	0	0	0	0	0	0	0	0	704,69
SR00535	31/5/2026	R	1,79173E+12	ACEROSCENTER CIA,LTDA,	J	17	1	8				1,001E+12	872,3	860,92	12/4/2026	26/6/2026	26/6/2026	75	75	0	0	0	860,92	0	0	0	0	0	0	0	0	0	0	0	872,3
SR00535	31/5/2026	R	1,79173E+12	ACEROSCENTER CIA,LTDA,	J	17	1	8				1,001E+12	2591,64	2557,84	13/4/2026	27/6/2026	27/6/2026	75	75	0	0	0	2557,84	0	0	0	0	0	0	0	0	0	0	0	2591,64
SR00535	31/5/2026	R	1,79173E+12	ACEROSCENTER CIA,LTDA,	J	17	1	8				1,001E+12	158,16	156,1	24/4/2026	8/7/2026	8/7/2026	75	75	0	0	0	0	156,1	0	0	0	0	0	0	0	0	0	0	158,16
SR00535	31/5/2026	R	1,79173E+12	ACEROSCENTER CIA,LTDA,	J	17	1	8				1,001E+12	4037,81	3985,14	24/4/2026	8/7/2026	8/7/2026	75	75	0	0	0	0	3985,14	0	0	0	0	0	0	0	0	0	0	4037,81
SR00535	31/5/2026	R	1,79173E+12	ACEROSCENTER CIA,LTDA,	J	17	1	8				1,001E+12	184,48	182,07	18/5/2026	1/8/2026	1/8/2026	75	75	0	0	0	0	182,07	0	0	0	0	0	0	0	0	0	0	184,48
SR00535	31/5/2026	R	1,79173E+12	ACEROSCENTER CIA,LTDA,	J	17	1	8				1,001E+12	603,89	596,01	26/4/2026	10/7/2026	10/7/2026	75	75	0	0	0	0	596,01	0	0	0	0	0	0	0	0	0	0	603,89
SR00535	31/5/2026	R	1,79173E+12	ACEROSCENTER CIA,LTDA,	J	17	1	8				1,001E+12	2268,7	2239,11	23/4/2026	7/7/2026	7/7/2026	75	75	0	0	0	0	2239,11	0	0	0	0	0	0	0	0	0	0	2268,7
SR00535	31/5/2026	R	1,79173E+12	ACEROSCENTER CIA,LTDA,	J	17	1	8				1,001E+12	3019,44	2980,06	16/4/2026	30/6/2026	30/6/2026	75	75	0	0	0	2980,06	0	0	0	0	0	0	0	0	0	0	0	3019,44
SR00535	31/5/2026	R	1,79173E+12	ACEROSCENTER CIA,LTDA,	J	17	1	8				1,001E+12	5552,8	5480,37	9/4/2026	23/6/2026	23/6/2026	75	75	0	0	0	5480,37	0	0	0	0	0	0	0	0	0	0	0	5552,8
SR00535	31/5/2026	R	1,79173E+12	ACEROSCENTER CIA,LTDA,	J	17	1	8				3,001E+12	1145,31	1130,37	21/4/2026	5/7/2026	5/7/2026	75	75	0	0	0	0	1130,37	0	0	0	0	0	0	0	0	0	0	1145,31
SR00535	31/5/2026	R	1,79173E+12	ACEROSCENTER CIA,LTDA,	J	17	1	8				1,001E+12	2444,87	2412,98	15/4/2026	29/6/2026	29/6/2026	75	75	0	0	0	2412,98	0	0	0	0	0	0	0	0	0	0	0	2444,87
SR00535	31/5/2026	R	1,79173E+12	ACEROSCENTER CIA,LTDA,	J	17	1	8				1,001E+12	4288,74	4094,49	27/3/2026	10/6/2026	10/6/2026	75	75	0	0	0	4094,49	0	0	0	0	0	0	0	0	0	0	0	4288,74
SR00535	31/5/2026	R	1,79173E+12	ACEROSCENTER CIA,LTDA,	J	17	1	8				1,001E+12	858,53	847,33	24/4/2026	8/7/2026	8/7/2026	75	75	0	0	0	0	847,33	0	0	0	0	0	0	0	0	0	0	858,53
SR00535	31/5/2026	R	1,79173E+12	ACEROSCENTER CIA,LTDA,	J	17	1	8				1,001E+12	565,89	558,51	10/5/2026	24/7/2026	24/7/2026	75	75	0	0	0	0	558,51	0	0	0	0	0	0	0	0	0	0	565,89
SR00535	31/5/2026	R	1,79173E+12	ACEROSCENTER CIA,LTDA,	J	17	1	8				1,001E+12	4354,88	4298,08	21/4/2026	5/7/2026	5/7/2026	75	75	0	0	0	0	4298,08	0	0	0	0	0	0	0	0	0	0	4354,88
SR00535	31/5/2026	R	1,79173E+12	ACEROSCENTER CIA,LTDA,	J	17	1	8				1,001E+12	1624,24	1603,05	9/3/2026	23/5/2026	23/5/2026	75	75	8	1603,05	0	0	0	0	0	0	1603,05	0	0	0	0	0	0	1624,24
SR00535	31/5/2026	R	1,79173E+12	ACEROSCENTER CIA,LTDA,	J	17	1	8				1,001E+12	1354,96	1337,29	10/4/2026	24/6/2026	24/6/2026	75	75	0	0	0	1337,29	0	0	0	0	0	0	0	0	0	0	0	1354,96
SR00535	31/5/2026	R	1,79173E+12	ACEROSCENTER CIA,LTDA,	J	17	1	8				1,001E+12	1576,87	1556,3	21/4/2026	5/7/2026	5/7/2026	75	75	0	0	0	0	1556,3	0	0	0	0	0	0	0	0	0	0	1576,87
SR00535	31/5/2026	R	1,79173E+12	ACEROSCENTER CIA,LTDA,	J	17	1	8				1,001E+12	1581,74	1561,11	19/3/2026	2/6/2026	2/6/2026	75	75	0	0	0	1561,11	0	0	0	0	0	0	0	0	0	0	0	1581,74
SR00535	31/5/2026	R	1,79173E+12	ACEROSCENTER CIA,LTDA,	J	17	1	8				1,001E+12	2134,54	2106,7	11/5/2026	25/7/2026	25/7/2026	75	75	0	0	0	0	2106,7	0	0	0	0	0	0	0	0	0	0	2134,54
SR00535	31/5/2026	R	1,79173E+12	ACEROSCENTER CIA,LTDA,	J	17	1	8				1,001E+12	4395,38	4338,05	12/5/2026	26/7/2026	26/7/2026	75	75	0	0	0	0	4338,05	0	0	0	0	0	0	0	0	0	0	4395,38
SR00535	31/5/2026	R	1,79173E+12	ACEROSCENTER CIA,LTDA,	J	17	1	8				1,001E+12	854,83	843,68	8/4/2026	22/6/2026	22/6/2026	75	75	0	0	0	843,68	0	0	0	0	0	0	0	0	0	0	0	854,83
SR00535	31/5/2026	R	1,79173E+12	ACEROSCENTER CIA,LTDA,	J	17	1	8				1,001E+12	1578,72	1558,13	24/3/2026	7/6/2026	7/6/2026	75	75	0	0	0	1558,13	0	0	0	0	0	0	0	0	0	0	0	1578,72
SR00535	31/5/2026	R	1,79173E+12	ACEROSCENTER CIA,LTDA,	J	17	1	8				2,001E+12	130,23	128,53	21/5/2026	4/8/2026	4/8/2026	75	75	0	0	0	0	128,53	0	0	0	0	0	0	0	0	0	0	130,23
SR00535	31/5/2026	R	1,79173E+12	ACEROSCENTER CIA,LTDA,	J	17	1	8				2,001E+12	997,72	984,71	7/5/2026	21/7/2026	21/7/2026	75	75	0	0	0	0	984,71	0	0	0	0	0	0	0	0	0	0	997,72
SR00535	31/5/2026	R	1,79173E+12	ACEROSCENTER CIA,LTDA,	J	17	1	8				1,001E+12	1872,74	1848,31	27/4/2026	11/7/2026	11/7/2026	75	75	0	0	0	0	1848,31	0	0	0	0	0	0	0	0	0	0	1872,74
SR00535	31/5/2026	R	1,79173E+12	ACEROSCENTER CIA,LTDA,	J	17	1	8				2,001E+12	253,4	250,09	20/5/2026	3/8/2026	3/8/2026	75	75	0	0	0	0	250,09	0	0	0	0	0	0	0	0	0	0	253,4
SR00535	31/5/2026	R	1,79173E+12	ACEROSCENTER CIA,LTDA,	J	17	1	8				1,001E+12	476,93	470,71	13/5/2026	27/7/2026	27/7/2026	75	75	0	0	0	0	470,71	0	0	0	0	0	0	0	0	0	0	476,93
SR00535	31/5/2026	R	1,79173E+12	ACEROSCENTER CIA,LTDA,	J	17	1	8				1,001E+12	5188,58	5120,9	6/5/2026	20/7/2026	20/7/2026	75	75	0	0	0	0	5120,9	0	0	0	0	0	0	0	0	0	0	5188,58
SR00535	31/5/2026	R	1,79173E+12	ACEROSCENTER CIA,LTDA,	J	17	1	8				1,001E+12	1027,08	1013,68	8/5/2026	22/7/2026	22/7/2026	75	75	0	0	0	0	1013,68	0	0	0	0	0	0	0	0	0	0	1027,08
SR00535	31/5/2026	R	1,79173E+12	ACEROSCENTER CIA,LTDA,	J	17	1	8				1,001E+12	250,19	246,93	24/3/2026	7/6/2026	7/6/2026	75	75	0	0	0	246,93	0	0	0	0	0	0	0	0	0	0	0	250,19
SR00535	31/5/2026	R	1,79173E+12	ACEROSCENTER CIA,LTDA,	J	17	1	8				1,001E+12	363,29	358,55	17/3/2026	31/5/2026	31/5/2026	75	75	0	0	0	358,55	0	0	0	0	0	0	0	0	0	0	0	363,29
SR00535	31/5/2026	R	1,79173E+12	ACEROSCENTER CIA,LTDA,	J	17	1	8				2,001E+12	658,98	650,38	27/4/2026	11/7/2026	11/7/2026	75	75	0	0	0	0	650,38	0	0	0	0	0	0	0	0	0	0	658,98
SR00535	31/5/2026	R	1,79173E+12	ACEROSCENTER CIA,LTDA,	J	17	1	8				1,001E+12	2640,87	2606,42	2/4/2026	16/6/2026	16/6/2026	75	75	0	0	0	2606,42	0	0	0	0	0	0	0	0	0	0	0	2640,87
SR00535	31/5/2026	R	1,79173E+12	ACEROSCENTER CIA,LTDA,	J	17	1	8				2,001E+12	1475,74	1456,49	13/5/2026	27/7/2026	27/7/2026	75	75	0	0	0	0	1456,49	0	0	0	0	0	0	0	0	0	0	1475,74
SR00535	31/5/2026	R	1,79173E+12	ACEROSCENTER CIA,LTDA,	J	17	1	8				1,001E+12	246,36	243,15	10/3/2026	24/5/2026	24/5/2026	75	75	7	243,15	0	0	0	0	0	0	243,15	0	0	0	0	0	0	246,36
SR00535	31/5/2026	R	1,79173E+12	ACEROSCENTER CIA,LTDA,	J	17	1	8				1,001E+12	2035,01	2008,47	20/5/2026	3/8/2026	3/8/2026	75	75	0	0	0	0	2008,47	0	0	0	0	0	0	0	0	0	0	2035,01
SR00535	31/5/2026	R	1,79173E+12	ACEROSCENTER CIA,LTDA,	J	17	1	8				1,001E+12	6936,75	6846,27	27/3/2026	10/6/2026	10/6/2026	75	75	0	0	0	6846,27	0	0	0	0	0	0	0	0	0	0	0	6936,75
SR00535	31/5/2026	R	1,79173E+12	ACEROSCENTER CIA,LTDA,	J	17	1	8				1,001E+12	179,46	177,12	26/3/2026	9/6/2026	9/6/2026	75	75	0	0	0	177,12	0	0	0	0	0	0	0	0	0	0	0	179,46
SR00535	31/5/2026	R	1,79173E+12	ACEROSCENTER CIA,LTDA,	J	17	1	8				1,001E+12	263,59	260,15	24/3/2026	7/6/2026	7/6/2026	75	75	0	0	0	260,15	0	0	0	0	0	0	0	0	0	0	0	263,59
SR00535	31/5/2026	R	1,79173E+12	ACEROSCENTER CIA,LTDA,	J	17	1	8				1,001E+12	1631,34	1610,06	25/3/2026	8/6/2026	8/6/2026	75	75	0	0	0	1610,06	0	0	0	0	0	0	0	0	0	0	0	1631,34
SR00535	31/5/2026	R	1,79173E+12	ACEROSCENTER CIA,LTDA,	J	17	1	8				1,001E+12	810,45	799,88	12/5/2026	26/7/2026	26/7/2026	75	75	0	0	0	0	799,88	0	0	0	0	0	0	0	0	0	0	810,45
SR00535	31/5/2026	R	1,79173E+12	ACEROSCENTER CIA,LTDA,	J	17	1	8				1,001E+12	882,33	870,82	20/5/2026	3/8/2026	3/8/2026	75	75	0	0	0	0	870,82	0	0	0	0	0	0	0	0	0	0	882,33
SR00535	31/5/2026	R	1,79173E+12	ACEROSCENTER CIA,LTDA,	J	17	1	8				1,001E+12	1719,72	1697,29	17/5/2026	31/7/2026	31/7/2026	75	75	0	0	0	0	1697,29	0	0	0	0	0	0	0	0	0	0	1719,72
SR00535	31/5/2026	R	1,79173E+12	ACEROSCENTER CIA,LTDA,	J	17	1	8				1,001E+12	236,97	233,88	19/3/2026	2/6/2026	2/6/2026	75	75	0	0	0	233,88	0	0	0	0	0	0	0	0	0	0	0	236,97
SR00535	31/5/2026	R	3,91025E+11	ACROPOLIS HOME STORE FERRETERIA WAL	J	3	1	2				3,001E+12	2673,91	2434,46	27/5/2026	6/7/2026	6/7/2026	40	40	0	0	0	0	2434,46	0	0	0	0	0	0	0	0	0	0	2673,91
SR00535	31/5/2026	R	3,91025E+11	ACROPOLIS HOME STORE FERRETERIA WAL	J	3	1	2				3,001E+12	2121,68	2045,4	21/5/2026	30/6/2026	30/6/2026	40	40	0	0	0	2045,4	0	0	0	0	0	0	0	0	0	0	0	2121,68
SR00535	31/5/2026	R	3,91025E+11	ACROPOLIS HOME STORE FERRETERIA WAL	J	3	1	2				3,001E+12	1212,51	1073,37	21/5/2026	30/6/2026	30/6/2026	40	40	0	0	0	1073,37	0	0	0	0	0	0	0	0	0	0	0	1212,51
SR00535	31/5/2026	R	3,91025E+11	ACROPOLIS HOME STORE FERRETERIA WAL	J	3	1	2				3,001E+12	777,33	746,65	15/5/2026	24/6/2026	24/6/2026	40	40	0	0	0	746,65	0	0	0	0	0	0	0	0	0	0	0	777,33
SR00535	31/5/2026	R	9,90007E+11	AGRIPAC S,A,	J	9	1	3				2,001E+12	579,61	572,05	17/4/2026	17/5/2026	17/5/2026	30	30	14	572,05	0	0	0	0	0	0	572,05	0	0	0	0	0	0	579,61
SR00535	31/5/2026	R	9,90007E+11	AGRIPAC S,A,	J	9	1	3				1,001E+12	12905,17	12736,84	3/5/2026	2/6/2026	2/6/2026	30	30	0	0	0	12736,84	0	0	0	0	0	0	0	0	0	0	0	12905,17
SR00535	31/5/2026	R	9,90007E+11	AGRIPAC S,A,	J	9	1	3				2,001E+12	4889	4825,23	4/5/2026	3/6/2026	3/6/2026	30	30	0	0	0	4825,23	0	0	0	0	0	0	0	0	0	0	0	4889
SR00535	31/5/2026	R	9,90007E+11	AGRIPAC S,A,	J	9	1	3				2,001E+12	15000,28	14804,62	7/5/2026	6/6/2026	6/6/2026	30	30	0	0	0	14804,62	0	0	0	0	0	0	0	0	0	0	0	15000,28
SR00535	31/5/2026	R	9,90007E+11	AGRIPAC S,A,	J	9	1	3				2,001E+12	3920,01	3868,88	21/4/2026	21/5/2026	21/5/2026	30	30	10	3868,88	0	0	0	0	0	0	3868,88	0	0	0	0	0	0	3920,01
SR00535	31/5/2026	R	9,90007E+11	AGRIPAC S,A,	J	9	1	3				2,001E+12	2554,61	2521,29	21/4/2026	21/5/2026	21/5/2026	30	30	10	2521,29	0	0	0	0	0	0	2521,29	0	0	0	0	0	0	2554,61
SR00535	31/5/2026	R	9,90007E+11	AGRIPAC S,A,	J	9	1	3				2,001E+12	32057,26	31639,12	4/5/2026	3/6/2026	3/6/2026	30	30	0	0	0	31639,12	0	0	0	0	0	0	0	0	0	0	0	32057,26
SR00535	31/5/2026	R	9,90007E+11	AGRIPAC S,A,	J	9	1	3				2,001E+12	13521,8	13345,43	7/5/2026	6/6/2026	6/6/2026	30	30	0	0	0	13345,43	0	0	0	0	0	0	0	0	0	0	0	13521,8
SR00535	31/5/2026	R	9,90007E+11	AGRIPAC S,A,	J	9	1	3				2,001E+12	9733,95	9606,98	17/4/2026	17/5/2026	17/5/2026	30	30	14	9606,98	0	0	0	0	0	0	9606,98	0	0	0	0	0	0	9733,95
SR00535	31/5/2026	R	9,90007E+11	AGRIPAC S,A,	J	9	1	3				1,001E+12	8808,99	8694,09	3/5/2026	2/6/2026	2/6/2026	30	30	0	0	0	8694,09	0	0	0	0	0	0	0	0	0	0	0	8808,99
SR00535	31/5/2026	R	9,90007E+11	AGRIPAC S,A,	J	9	1	3				2,001E+12	4592,3	4532,4	12/5/2026	11/6/2026	11/6/2026	30	30	0	0	0	4532,4	0	0	0	0	0	0	0	0	0	0	0	4592,3
SR00535	31/5/2026	R	9,90009E+11	AGRO AEREO S,A,	J	12	5	1				2,001E+12	4450,88	4392,82	23/4/2026	2/6/2026	2/6/2026	40	40	0	0	0	4392,82	0	0	0	0	0	0	0	0	0	0	0	4450,88
SR00535	31/5/2026	R	9,90009E+11	AGRO AEREO S,A,	J	12	5	1				2,001E+12	35401,43	34939,67	23/4/2026	2/6/2026	2/6/2026	40	40	0	0	0	34939,67	0	0	0	0	0	0	0	0	0	0	0	35401,43
SR00535	31/5/2026	R	9,92528E+11	AISLAPOL S,A,AISLANTES POLITERMICOS	J	9	1	12				2,001E+12	8888,93	8772,99	19/5/2026	18/6/2026	18/6/2026	30	30	0	0	0	8772,99	0	0	0	0	0	0	0	0	0	0	0	8888,93
SR00535	31/5/2026	R	1,30905E+12	ALCIVAR CEDENO CLARA MARGARITA	N	13	3	2	F	S	I	2,001E+12	2720,54	1529,63	3/10/2025	12/11/2025	12/11/2025	40	40	200	1529,63	0	0	0	0	0	0	0	0	0	1529,63	0	0	0	2720,54
SR00535	31/5/2026	R	1,30905E+12	ALCIVAR CEDENO CLARA MARGARITA	N	13	3	2	F	S	I	2,001E+12	11284,65	1455	2/10/2025	11/11/2025	11/11/2025	40	40	201	1455	0	0	0	0	0	0	0	0	0	1455	0	0	0	11284,65
SR00535	31/5/2026	R	1,30905E+12	ALCIVAR CEDENO CLARA MARGARITA	N	13	3	2	F	S	I	2,001E+12	1533,39	1216,5	15/10/2025	24/11/2025	24/11/2025	40	40	188	1216,5	0	0	0	0	0	0	0	0	0	1216,5	0	0	0	1533,39
SR00535	31/5/2026	R	1,30905E+12	ALCIVAR CEDENO CLARA MARGARITA	N	13	3	2	F	S	I	2,001E+12	810,43	642,94	6/10/2025	15/11/2025	15/11/2025	40	40	197	642,94	0	0	0	0	0	0	0	0	0	642,94	0	0	0	810,43
SR00535	31/5/2026	R	1,30905E+12	ALCIVAR CEDENO CLARA MARGARITA	N	13	3	2	F	S	I	PROVISION 118582	3400,03	3400,03	29/4/2026	11/11/2025	11/11/2025	45	45	201	3400,03	0	0	0	0	0	0	0	0	0	3400,03	0	3400,03	0	3400,03
SR00535	31/5/2026	R	1,30905E+12	ALCIVAR CEDENO CLARA MARGARITA	N	13	3	2	F	S	I	2,001E+12	860,43	731,37	6/11/2025	16/12/2025	16/12/2025	40	40	166	731,37	0	0	0	0	0	0	0	0	731,37	0	0	0	0	860,43
SR00535	31/5/2026	R	1,30905E+12	ALCIVAR CEDENO CLARA MARGARITA	N	13	3	2	F	S	I	2,001E+12	572,67	486,77	17/10/2025	26/11/2025	26/11/2025	40	40	186	486,77	0	0	0	0	0	0	0	0	0	486,77	0	0	0	572,67
SR00535	31/5/2026	R	1,30905E+12	ALCIVAR CEDENO CLARA MARGARITA	N	13	3	2	F	S	I	2,001E+12	475,87	390,54	7/11/2025	17/12/2025	17/12/2025	40	40	165	390,54	0	0	0	0	0	0	0	0	390,54	0	0	0	0	475,87
SR00535	31/5/2026	R	1,30905E+12	ALCIVAR CEDENO CLARA MARGARITA	N	13	3	2	F	S	I	2,001E+12	661,41	562,2	6/11/2025	16/12/2025	16/12/2025	40	40	166	562,2	0	0	0	0	0	0	0	0	562,2	0	0	0	0	661,41
SR00535	31/5/2026	R	1,30905E+12	ALCIVAR CEDENO CLARA MARGARITA	N	13	3	2	F	S	I	2,001E+12	584,67	463,84	15/10/2025	24/11/2025	24/11/2025	40	40	188	463,84	0	0	0	0	0	0	0	0	0	463,84	0	0	0	584,67
SR00535	31/5/2026	R	1,30905E+12	ALCIVAR CEDENO CLARA MARGARITA	N	13	3	2	F	S	I	2,001E+12	692,53	568,34	28/10/2025	7/12/2025	7/12/2025	40	40	175	568,34	0	0	0	0	0	0	0	0	568,34	0	0	0	0	692,53
SR00535	31/5/2026	R	1,30905E+12	ALCIVAR CEDENO CLARA MARGARITA	N	13	3	2	F	S	I	2,001E+12	1308,14	1111,92	6/10/2025	15/11/2025	15/11/2025	40	40	197	1111,92	0	0	0	0	0	0	0	0	0	1111,92	0	0	0	1308,14
SR00535	31/5/2026	R	1,30905E+12	ALCIVAR CEDENO CLARA MARGARITA	N	13	3	2	F	S	I	2,001E+12	3341,23	2840,05	7/11/2025	17/12/2025	17/12/2025	40	40	165	2840,05	0	0	0	0	0	0	0	0	2840,05	0	0	0	0	3341,23
SR00535	31/5/2026	R	1,30905E+12	ALCIVAR CEDENO CLARA MARGARITA	N	13	3	2	F	S	I	1,001E+12	745,9	634,01	28/10/2025	7/12/2025	7/12/2025	40	40	175	634,01	0	0	0	0	0	0	0	0	634,01	0	0	0	0	745,9
SR00535	31/5/2026	R	1,30905E+12	ALCIVAR CEDENO CLARA MARGARITA	N	13	3	2	F	S	I	1,001E+12	573,57	487,53	28/10/2025	7/12/2025	7/12/2025	40	40	175	487,53	0	0	0	0	0	0	0	0	487,53	0	0	0	0	573,57
SR00535	31/5/2026	R	1,30905E+12	ALCIVAR CEDENO CLARA MARGARITA	N	13	3	2	F	S	I	2,001E+12	3380,91	2652,35	17/10/2025	26/11/2025	26/11/2025	40	40	186	2652,35	0	0	0	0	0	0	0	0	0	2652,35	0	0	0	3380,91
SR00535	31/5/2026	R	1,30905E+12	ALCIVAR CEDENO CLARA MARGARITA	N	13	3	2	F	S	I	2,001E+12	286,79	243,77	28/10/2025	7/12/2025	7/12/2025	40	40	175	243,77	0	0	0	0	0	0	0	0	243,77	0	0	0	0	286,79
SR00535	31/5/2026	R	1,30905E+12	ALCIVAR CEDENO CLARA MARGARITA	N	13	3	2	F	S	I	2,001E+12	572,67	486,77	6/10/2025	15/11/2025	15/11/2025	40	40	197	486,77	0	0	0	0	0	0	0	0	0	486,77	0	0	0	572,67
SR00535	31/5/2026	R	1,30905E+12	ALCIVAR CEDENO CLARA MARGARITA	N	13	3	2	F	S	I	2,001E+12	1192,63	946,16	9/10/2025	18/11/2025	18/11/2025	40	40	194	946,16	0	0	0	0	0	0	0	0	0	946,16	0	0	0	1192,63
SR00535	31/5/2026	R	1,30905E+12	ALCIVAR CEDENO CLARA MARGARITA	N	13	3	2	F	S	I	2,001E+12	1605,93	1317,16	6/11/2025	16/12/2025	16/12/2025	40	40	166	1317,16	0	0	0	0	0	0	0	0	1317,16	0	0	0	0	1605,93
SR00535	31/5/2026	R	2,01744E+11	ALLAN SUAREZ CELSO EUCLIDES	N	12	5	7	M	C	I	2,001E+12	2431,36	2414,36	28/4/2026	7/6/2026	7/6/2026	40	40	0	0	0	2414,36	0	0	0	0	0	0	0	0	0	0	0	2431,36
SR00535	31/5/2026	R	2,01744E+11	ALLAN SUAREZ CELSO EUCLIDES	N	12	5	7	M	C	I	2,001E+12	942,7	942,7	28/5/2026	7/7/2026	7/7/2026	40	40	0	0	0	0	942,7	0	0	0	0	0	0	0	0	0	0	942,7
SR00535	31/5/2026	R	1,09173E+12	ALMACENES FERROELECTRICO	J	10	1	4				1,001E+12	752,32	742,51	18/5/2026	7/7/2026	7/7/2026	50	50	0	0	0	0	742,51	0	0	0	0	0	0	0	0	0	0	752,32
SR00535	31/5/2026	R	1,09173E+12	ALMACENES FERROELECTRICO	J	10	1	4				1,001E+12	3752,29	3703,35	17/4/2026	6/6/2026	6/6/2026	50	50	0	0	0	3703,35	0	0	0	0	0	0	0	0	0	0	0	3752,29
SR00535	31/5/2026	R	1,09173E+12	ALMACENES FERROELECTRICO	J	10	1	4				1,001E+12	1887,62	1863	7/5/2026	26/6/2026	26/6/2026	50	50	0	0	0	1863	0	0	0	0	0	0	0	0	0	0	0	1887,62
SR00535	31/5/2026	R	1,09173E+12	ALMACENES FERROELECTRICO	J	10	1	4				1,001E+12	368,87	364,06	7/4/2026	27/5/2026	27/5/2026	50	50	4	364,06	0	0	0	0	0	0	364,06	0	0	0	0	0	0	368,87
SR00535	31/5/2026	R	1,09173E+12	ALMACENES FERROELECTRICO	J	10	1	4				1,001E+12	375,36	370,46	15/5/2026	4/7/2026	4/7/2026	50	50	0	0	0	0	370,46	0	0	0	0	0	0	0	0	0	0	375,36
SR00535	31/5/2026	R	1,09173E+12	ALMACENES FERROELECTRICO	J	10	1	4				1,001E+12	641,18	641,18	29/5/2026	18/7/2026	18/7/2026	50	50	0	0	0	0	641,18	0	0	0	0	0	0	0	0	0	0	641,18
SR00535	31/5/2026	R	1,09173E+12	ALMACENES FERROELECTRICO	J	10	1	4				1,001E+12	138,51	136,7	15/5/2026	4/7/2026	4/7/2026	50	50	0	0	0	0	136,7	0	0	0	0	0	0	0	0	0	0	138,51
SR00535	31/5/2026	R	1,09173E+12	ALMACENES FERROELECTRICO	J	10	1	4				1,001E+12	1249,31	1233,01	15/5/2026	4/7/2026	4/7/2026	50	50	0	0	0	0	1233,01	0	0	0	0	0	0	0	0	0	0	1249,31
SR00535	31/5/2026	R	1,09173E+12	ALMACENES FERROELECTRICO	J	10	1	4				1,001E+12	598,21	598,21	29/5/2026	18/7/2026	18/7/2026	50	50	0	0	0	0	598,21	0	0	0	0	0	0	0	0	0	0	598,21
SR00535	31/5/2026	R	1,09173E+12	ALMACENES FERROELECTRICO	J	10	1	4				1,001E+12	368,87	364,06	7/4/2026	27/5/2026	27/5/2026	50	50	4	364,06	0	0	0	0	0	0	364,06	0	0	0	0	0	0	368,87
SR00535	31/5/2026	R	1,09173E+12	ALMACENES FERROELECTRICO	J	10	1	4				1,001E+12	277	273,39	15/5/2026	4/7/2026	4/7/2026	50	50	0	0	0	0	273,39	0	0	0	0	0	0	0	0	0	0	277
SR00535	31/5/2026	R	1,09173E+12	ALMACENES FERROELECTRICO	J	10	1	4				1,001E+12	1803,64	1780,11	17/4/2026	6/6/2026	6/6/2026	50	50	0	0	0	1780,11	0	0	0	0	0	0	0	0	0	0	0	1803,64
SR00535	31/5/2026	R	1,09173E+12	ALMACENES FERROELECTRICO	J	10	1	4				1,001E+12	2347,27	2316,65	17/4/2026	6/6/2026	6/6/2026	50	50	0	0	0	2316,65	0	0	0	0	0	0	0	0	0	0	0	2347,27
SR00535	31/5/2026	R	1,09173E+12	ALMACENES FERROELECTRICO	J	10	1	4				1,001E+12	3222,85	3180,81	15/5/2026	4/7/2026	4/7/2026	50	50	0	0	0	0	3180,81	0	0	0	0	0	0	0	0	0	0	3222,85
SR00535	31/5/2026	R	1,09173E+12	ALMACENES FERROELECTRICO	J	10	1	4				1,001E+12	711,07	701,79	15/5/2026	4/7/2026	4/7/2026	50	50	0	0	0	0	701,79	0	0	0	0	0	0	0	0	0	0	711,07
SR00535	31/5/2026	R	1,09173E+12	ALMACENES FERROELECTRICO	J	10	1	4				1,001E+12	187,68	185,23	7/4/2026	27/5/2026	27/5/2026	50	50	4	185,23	0	0	0	0	0	0	185,23	0	0	0	0	0	0	187,68
SR00535	31/5/2026	R	1,09173E+12	ALMACENES FERROELECTRICO	J	10	1	4				1,001E+12	640,25	631,9	7/4/2026	27/5/2026	27/5/2026	50	50	4	631,9	0	0	0	0	0	0	631,9	0	0	0	0	0	0	640,25
SR00535	31/5/2026	R	1,09173E+12	ALMACENES FERROELECTRICO	J	10	1	4				1,001E+12	857,1	845,92	7/5/2026	26/6/2026	26/6/2026	50	50	0	0	0	845,92	0	0	0	0	0	0	0	0	0	0	0	857,1
SR00535	31/5/2026	C	103181939	ALVARADO PENA MODESTA DELICIA	N	1	1	50	F	C	I	3,001E+12	1013,28	1013,28	24/4/2026	3/6/2026	3/6/2026	40	40	0	0	0	1013,28	0	0	0	0	0	0	0	0	0	0	0	1013,28
SR00535	31/5/2026	C	103181939	ALVARADO PENA MODESTA DELICIA	N	1	1	50	F	C	I	3,001E+12	969,59	969,59	20/5/2026	29/6/2026	29/6/2026	40	40	0	0	0	969,59	0	0	0	0	0	0	0	0	0	0	0	969,59
SR00535	31/5/2026	C	103181939	ALVARADO PENA MODESTA DELICIA	N	1	1	50	F	C	I	3,001E+12	263,44	263,44	24/4/2026	3/6/2026	3/6/2026	40	40	0	0	0	263,44	0	0	0	0	0	0	0	0	0	0	0	263,44
SR00535	31/5/2026	C	103181939	ALVARADO PENA MODESTA DELICIA	N	1	1	50	F	C	I	3,001E+12	1171,49	1171,49	28/5/2026	7/7/2026	7/7/2026	40	40	0	0	0	0	1171,49	0	0	0	0	0	0	0	0	0	0	1171,49
SR00535	31/5/2026	C	103181939	ALVARADO PENA MODESTA DELICIA	N	1	1	50	F	C	I	3,001E+12	306,26	306,26	29/5/2026	8/7/2026	8/7/2026	40	40	0	0	0	0	306,26	0	0	0	0	0	0	0	0	0	0	306,26
SR00535	31/5/2026	C	103181939	ALVARADO PENA MODESTA DELICIA	N	1	1	50	F	C	I	3,001E+12	263,44	263,44	29/5/2026	8/7/2026	8/7/2026	40	40	0	0	0	0	263,44	0	0	0	0	0	0	0	0	0	0	263,44
SR00535	31/5/2026	C	103181939	ALVARADO PENA MODESTA DELICIA	N	1	1	50	F	C	I	3,001E+12	1133,07	1133,07	13/5/2026	22/6/2026	22/6/2026	40	40	0	0	0	1133,07	0	0	0	0	0	0	0	0	0	0	0	1133,07
SR00535	31/5/2026	C	103181939	ALVARADO PENA MODESTA DELICIA	N	1	1	50	F	C	I	3,001E+12	1013,28	1013,28	5/5/2026	14/6/2026	14/6/2026	40	40	0	0	0	1013,28	0	0	0	0	0	0	0	0	0	0	0	1013,28
SR00535	31/5/2026	C	103181939	ALVARADO PENA MODESTA DELICIA	N	1	1	50	F	C	I	3,001E+12	435,33	435,33	27/5/2026	6/7/2026	6/7/2026	40	40	0	0	0	0	435,33	0	0	0	0	0	0	0	0	0	0	435,33
SR00535	31/5/2026	C	103181939	ALVARADO PENA MODESTA DELICIA	N	1	1	50	F	C	I	3,001E+12	726,24	726,24	29/5/2026	8/7/2026	8/7/2026	40	40	0	0	0	0	726,24	0	0	0	0	0	0	0	0	0	0	726,24
SR00535	31/5/2026	C	103181939	ALVARADO PENA MODESTA DELICIA	N	1	1	50	F	C	I	3,001E+12	1893,1	1893,1	19/5/2026	28/6/2026	28/6/2026	40	40	0	0	0	1893,1	0	0	0	0	0	0	0	0	0	0	0	1893,1
SR00535	31/5/2026	C	103181939	ALVARADO PENA MODESTA DELICIA	N	1	1	50	F	C	I	3,001E+12	161,51	161,51	11/5/2026	20/6/2026	20/6/2026	40	40	0	0	0	161,51	0	0	0	0	0	0	0	0	0	0	0	161,51
SR00535	31/5/2026	C	103181939	ALVARADO PENA MODESTA DELICIA	N	1	1	50	F	C	I	3,001E+12	1360,09	1287,24	29/5/2026	8/7/2026	8/7/2026	40	40	0	0	0	0	1287,24	0	0	0	0	0	0	0	0	0	0	1360,09
SR00535	31/5/2026	C	103181939	ALVARADO PENA MODESTA DELICIA	N	1	1	50	F	C	I	3,001E+12	190,12	182,91	29/4/2026	8/6/2026	8/6/2026	40	40	0	0	0	182,91	0	0	0	0	0	0	0	0	0	0	0	190,12
SR00535	31/5/2026	C	103181939	ALVARADO PENA MODESTA DELICIA	N	1	1	50	F	C	I	3,001E+12	1344,88	1344,88	20/5/2026	29/6/2026	29/6/2026	40	40	0	0	0	1344,88	0	0	0	0	0	0	0	0	0	0	0	1344,88
SR00535	31/5/2026	C	103181939	ALVARADO PENA MODESTA DELICIA	N	1	1	50	F	C	I	3,001E+12	429,16	429,16	29/5/2026	8/7/2026	8/7/2026	40	40	0	0	0	0	429,16	0	0	0	0	0	0	0	0	0	0	429,16
SR00535	31/5/2026	R	1,29179E+12	ALVARESPA CONSTRUCTORA S,A,S,	J	12	1	50				2,001E+12	710,25	601,62	24/4/2026	24/5/2026	24/5/2026	30	30	7	601,62	0	0	0	0	0	0	601,62	0	0	0	0	0	0	710,25
SR00535	31/5/2026	R	1,89171E+12	AMBATOL CIA,LTDA,	J	18	1	3				1,001E+12	1788,3	1676,62	21/5/2026	30/6/2026	30/6/2026	40	40	0	0	0	1676,62	0	0	0	0	0	0	0	0	0	0	0	1788,3
SR00535	31/5/2026	R	1,89171E+12	AMBATOL CIA,LTDA,	J	18	1	3				1,001E+12	696,59	696,59	6/5/2026	15/6/2026	15/6/2026	40	40	0	0	0	696,59	0	0	0	0	0	0	0	0	0	0	0	696,59
SR00535	31/5/2026	R	1,89171E+12	AMBATOL CIA,LTDA,	J	18	1	3				1,001E+12	4821,04	4654,81	12/5/2026	21/6/2026	21/6/2026	40	40	0	0	0	4654,81	0	0	0	0	0	0	0	0	0	0	0	4821,04
SR00535	31/5/2026	R	9,92428E+11	AMBIENSA S,A,	J	9	1	12				2,001E+12	643,36	559,9	13/4/2026	12/6/2026	12/6/2026	60	60	0	0	0	559,9	0	0	0	0	0	0	0	0	0	0	0	643,36
SR00535	31/5/2026	R	9,92428E+11	AMBIENSA S,A,	J	9	1	12				1,001E+12	1288,34	1129,18	6/5/2026	5/7/2026	5/7/2026	60	60	0	0	0	0	1129,18	0	0	0	0	0	0	0	0	0	0	1288,34
SR00535	31/5/2026	R	9,92428E+11	AMBIENSA S,A,	J	9	1	12				2,001E+12	5375,31	4636,49	12/4/2026	11/6/2026	11/6/2026	60	60	0	0	0	4636,49	0	0	0	0	0	0	0	0	0	0	0	5375,31
SR00535	31/5/2026	R	9,92428E+11	AMBIENSA S,A,	J	9	1	12				2,001E+12	14727,77	12612,41	13/4/2026	12/6/2026	12/6/2026	60	60	0	0	0	12612,41	0	0	0	0	0	0	0	0	0	0	0	14727,77
SR00535	31/5/2026	R	9,92428E+11	AMBIENSA S,A,	J	9	1	12				2,001E+12	7387,76	6435,11	14/4/2026	13/6/2026	13/6/2026	60	60	0	0	0	6435,11	0	0	0	0	0	0	0	0	0	0	0	7387,76
SR00535	31/5/2026	R	9,92428E+11	AMBIENSA S,A,	J	9	1	12				1,001E+12	18020,73	15547,98	6/5/2026	5/7/2026	5/7/2026	60	60	0	0	0	0	15547,98	0	0	0	0	0	0	0	0	0	0	18020,73
SR00535	31/5/2026	R	9,92428E+11	AMBIENSA S,A,	J	9	1	12				2,001E+12	12678,03	10837,35	24/4/2026	23/6/2026	23/6/2026	60	60	0	0	0	10837,35	0	0	0	0	0	0	0	0	0	0	0	12678,03
SR00535	31/5/2026	R	9,92428E+11	AMBIENSA S,A,	J	9	1	12				2,001E+12	73,21	72,86	12/5/2026	11/7/2026	11/7/2026	60	60	0	0	0	0	72,86	0	0	0	0	0	0	0	0	0	0	73,21
SR00535	31/5/2026	R	9,92428E+11	AMBIENSA S,A,	J	9	1	12				2,001E+12	4642,55	4578,82	28/4/2026	27/6/2026	27/6/2026	60	60	0	0	0	4578,82	0	0	0	0	0	0	0	0	0	0	0	4642,55
SR00535	31/5/2026	R	9,92428E+11	AMBIENSA S,A,	J	9	1	12				2,001E+12	13635,07	12664,61	8/5/2026	7/7/2026	7/7/2026	60	60	0	0	0	0	12664,61	0	0	0	0	0	0	0	0	0	0	13635,07
SR00535	31/5/2026	R	9,92428E+11	AMBIENSA S,A,	J	9	1	12				2,001E+12	1029,17	1024,27	14/4/2026	13/6/2026	13/6/2026	60	60	0	0	0	1024,27	0	0	0	0	0	0	0	0	0	0	0	1029,17
SR00535	31/5/2026	R	9,92428E+11	AMBIENSA S,A,	J	9	1	12				2,001E+12	5744,53	4950,11	12/4/2026	11/6/2026	11/6/2026	60	60	0	0	0	4950,11	0	0	0	0	0	0	0	0	0	0	0	5744,53
SR00535	31/5/2026	R	9,92428E+11	AMBIENSA S,A,	J	9	1	12				2,001E+12	3165,82	3149,73	14/4/2026	13/6/2026	13/6/2026	60	60	0	0	0	3149,73	0	0	0	0	0	0	0	0	0	0	0	3165,82
SR00535	31/5/2026	R	9,92428E+11	AMBIENSA S,A,	J	9	1	12				2,001E+12	5666,56	4948,59	24/4/2026	23/6/2026	23/6/2026	60	60	0	0	0	4948,59	0	0	0	0	0	0	0	0	0	0	0	5666,56
SR00535	31/5/2026	R	9,92428E+11	AMBIENSA S,A,	J	9	1	12				2,001E+12	14606,66	13486,63	20/4/2026	19/6/2026	19/6/2026	60	60	0	0	0	13486,63	0	0	0	0	0	0	0	0	0	0	0	14606,66
SR00535	31/5/2026	R	9,92428E+11	AMBIENSA S,A,	J	9	1	12				2,001E+12	12749,61	10897,95	23/4/2026	22/6/2026	22/6/2026	60	60	0	0	0	10897,95	0	0	0	0	0	0	0	0	0	0	0	12749,61
SR00535	31/5/2026	R	9,92428E+11	AMBIENSA S,A,	J	9	1	12				2,001E+12	4341,38	3827,06	28/4/2026	27/6/2026	27/6/2026	60	60	0	0	0	3827,06	0	0	0	0	0	0	0	0	0	0	0	4341,38
SR00535	31/5/2026	R	9,92428E+11	AMBIENSA S,A,	J	9	1	12				2,001E+12	10183,78	8819,87	29/5/2026	28/7/2026	28/7/2026	60	60	0	0	0	0	8819,87	0	0	0	0	0	0	0	0	0	0	10183,78
SR00535	31/5/2026	R	9,92428E+11	AMBIENSA S,A,	J	9	1	12				2,001E+12	857,64	853,56	14/4/2026	13/6/2026	13/6/2026	60	60	0	0	0	853,56	0	0	0	0	0	0	0	0	0	0	0	857,64
SR00535	31/5/2026	R	9,92428E+11	AMBIENSA S,A,	J	9	1	12				1,001E+12	8878,26	8757,59	6/5/2026	5/7/2026	5/7/2026	60	60	0	0	0	0	8757,59	0	0	0	0	0	0	0	0	0	0	8878,26
SR00535	31/5/2026	R	9,92428E+11	AMBIENSA S,A,	J	9	1	12				2,001E+12	5411,67	4616,29	14/4/2026	13/6/2026	13/6/2026	60	60	0	0	0	4616,29	0	0	0	0	0	0	0	0	0	0	0	5411,67
SR00535	31/5/2026	R	9,92428E+11	AMBIENSA S,A,	J	9	1	12				2,001E+12	15770,74	13531,16	16/4/2026	15/6/2026	15/6/2026	60	60	0	0	0	13531,16	0	0	0	0	0	0	0	0	0	0	0	15770,74
SR00535	31/5/2026	R	9,92428E+11	AMBIENSA S,A,	J	9	1	12				2,001E+12	4100,03	4080,51	15/4/2026	14/6/2026	14/6/2026	60	60	0	0	0	4080,51	0	0	0	0	0	0	0	0	0	0	0	4100,03
SR00535	31/5/2026	R	9,92428E+11	AMBIENSA S,A,	J	9	1	12				2,001E+12	2368,21	2088,47	28/4/2026	27/6/2026	27/6/2026	60	60	0	0	0	2088,47	0	0	0	0	0	0	0	0	0	0	0	2368,21
SR00535	31/5/2026	R	9,92428E+11	AMBIENSA S,A,	J	9	1	12				2,001E+12	1715,28	1707,11	14/4/2026	13/6/2026	13/6/2026	60	60	0	0	0	1707,11	0	0	0	0	0	0	0	0	0	0	0	1715,28
SR00535	31/5/2026	R	9,92428E+11	AMBIENSA S,A,	J	9	1	12				1,001E+12	16158,94	12092,74	22/4/2026	21/6/2026	21/6/2026	60	60	0	0	0	12092,74	0	0	0	0	0	0	0	0	0	0	0	16158,94
SR00535	31/5/2026	R	9,92428E+11	AMBIENSA S,A,	J	9	1	12				2,001E+12	15976,05	13682,13	28/4/2026	27/6/2026	27/6/2026	60	60	0	0	0	13682,13	0	0	0	0	0	0	0	0	0	0	0	15976,05
SR00535	31/5/2026	R	9,92428E+11	AMBIENSA S,A,	J	9	1	12				1,001E+12	5386,49	4641,06	6/5/2026	5/7/2026	5/7/2026	60	60	0	0	0	0	4641,06	0	0	0	0	0	0	0	0	0	0	5386,49
SR00535	31/5/2026	R	9,92428E+11	AMBIENSA S,A,	J	9	1	12				2,001E+12	12856,7	11087,49	15/4/2026	14/6/2026	14/6/2026	60	60	0	0	0	11087,49	0	0	0	0	0	0	0	0	0	0	0	12856,7
SR00535	31/5/2026	R	9,92428E+11	AMBIENSA S,A,	J	9	1	12				2,001E+12	522,89	520,4	12/5/2026	11/7/2026	11/7/2026	60	60	0	0	0	0	520,4	0	0	0	0	0	0	0	0	0	0	522,89
SR00535	31/5/2026	R	9,92428E+11	AMBIENSA S,A,	J	9	1	12				2,001E+12	15893,49	13772,33	15/4/2026	14/6/2026	14/6/2026	60	60	0	0	0	13772,33	0	0	0	0	0	0	0	0	0	0	0	15893,49
SR00535	31/5/2026	R	9,92428E+11	AMBIENSA S,A,	J	9	1	12				2,001E+12	1886,81	1877,82	15/4/2026	14/6/2026	14/6/2026	60	60	0	0	0	1877,82	0	0	0	0	0	0	0	0	0	0	0	1886,81
SR00535	31/5/2026	R	9,92428E+11	AMBIENSA S,A,	J	9	1	12				2,001E+12	3779,72	3338,71	29/5/2026	28/7/2026	28/7/2026	60	60	0	0	0	0	3338,71	0	0	0	0	0	0	0	0	0	0	3779,72
SR00535	31/5/2026	R	9,92428E+11	AMBIENSA S,A,	J	9	1	12				2,001E+12	16072,31	13737,85	8/5/2026	7/7/2026	7/7/2026	60	60	0	0	0	0	13737,85	0	0	0	0	0	0	0	0	0	0	16072,31
SR00535	31/5/2026	R	9,92428E+11	AMBIENSA S,A,	J	9	1	12				2,001E+12	770,9	767,23	28/4/2026	27/6/2026	27/6/2026	60	60	0	0	0	767,23	0	0	0	0	0	0	0	0	0	0	0	770,9
SR00535	31/5/2026	R	9,92428E+11	AMBIENSA S,A,	J	9	1	12				2,001E+12	315,26	311,16	15/4/2026	14/6/2026	14/6/2026	60	60	0	0	0	311,16	0	0	0	0	0	0	0	0	0	0	0	315,26
SR00535	31/5/2026	R	9,92428E+11	AMBIENSA S,A,	J	9	1	12				2,001E+12	6701,6	5893,35	13/4/2026	12/6/2026	12/6/2026	60	60	0	0	0	5893,35	0	0	0	0	0	0	0	0	0	0	0	6701,6
SR00535	31/5/2026	R	9,92428E+11	AMBIENSA S,A,	J	9	1	12				2,001E+12	3669,99	3652,51	14/4/2026	13/6/2026	13/6/2026	60	60	0	0	0	3652,51	0	0	0	0	0	0	0	0	0	0	0	3669,99
SR00535	31/5/2026	R	9,92428E+11	AMBIENSA S,A,	J	9	1	12				1,001E+12	8706,76	8706,76	29/5/2026	28/7/2026	28/7/2026	60	60	0	0	0	0	8706,76	0	0	0	0	0	0	0	0	0	0	8706,76
SR00535	31/5/2026	R	9,92428E+11	AMBIENSA S,A,	J	9	1	12				1,001E+12	9941,47	8757,18	26/4/2026	25/6/2026	25/6/2026	60	60	0	0	0	8757,18	0	0	0	0	0	0	0	0	0	0	0	9941,47
SR00535	31/5/2026	R	9,92428E+11	AMBIENSA S,A,	J	9	1	12				2,001E+12	13274,19	11489,29	13/4/2026	12/6/2026	12/6/2026	60	60	0	0	0	11489,29	0	0	0	0	0	0	0	0	0	0	0	13274,19
SR00535	31/5/2026	R	9,92428E+11	AMBIENSA S,A,	J	9	1	12				2,001E+12	13442,75	11539,65	7/5/2026	6/7/2026	6/7/2026	60	60	0	0	0	0	11539,65	0	0	0	0	0	0	0	0	0	0	13442,75
SR00535	31/5/2026	R	9,92428E+11	AMBIENSA S,A,	J	9	1	12				2,001E+12	576,55	510,23	12/5/2026	11/7/2026	11/7/2026	60	60	0	0	0	0	510,23	0	0	0	0	0	0	0	0	0	0	576,55
SR00535	31/5/2026	R	9,92428E+11	AMBIENSA S,A,	J	9	1	12				2,001E+12	14639,51	10620,35	21/4/2026	20/6/2026	20/6/2026	60	60	0	0	0	10620,35	0	0	0	0	0	0	0	0	0	0	0	14639,51
SR00535	31/5/2026	R	9,92428E+11	AMBIENSA S,A,	J	9	1	12				2,001E+12	4782,98	4717,45	28/4/2026	27/6/2026	27/6/2026	60	60	0	0	0	4717,45	0	0	0	0	0	0	0	0	0	0	0	4782,98
SR00535	31/5/2026	R	9,92428E+11	AMBIENSA S,A,	J	9	1	12				2,001E+12	16235,01	14060,66	29/5/2026	28/7/2026	28/7/2026	60	60	0	0	0	0	14060,66	0	0	0	0	0	0	0	0	0	0	16235,01
SR00535	31/5/2026	R	9,92428E+11	AMBIENSA S,A,	J	9	1	12				2,001E+12	2843,49	2470,4	28/4/2026	27/6/2026	27/6/2026	60	60	0	0	0	2470,4	0	0	0	0	0	0	0	0	0	0	0	2843,49
SR00535	31/5/2026	R	9,92428E+11	AMBIENSA S,A,	J	9	1	12				2,001E+12	2459,85	2098,31	24/4/2026	23/6/2026	23/6/2026	60	60	0	0	0	2098,31	0	0	0	0	0	0	0	0	0	0	0	2459,85
SR00535	31/5/2026	R	9,92428E+11	AMBIENSA S,A,	J	9	1	12				2,001E+12	13725,96	11708,61	21/4/2026	20/6/2026	20/6/2026	60	60	0	0	0	11708,61	0	0	0	0	0	0	0	0	0	0	0	13725,96
SR00535	31/5/2026	R	9,92428E+11	AMBIENSA S,A,	J	9	1	12				2,001E+12	5096,85	5027,55	28/4/2026	27/6/2026	27/6/2026	60	60	0	0	0	5027,55	0	0	0	0	0	0	0	0	0	0	0	5096,85
SR00535	31/5/2026	R	9,92428E+11	AMBIENSA S,A,	J	9	1	12				2,001E+12	5666,56	4948,59	16/4/2026	15/6/2026	15/6/2026	60	60	0	0	0	4948,59	0	0	0	0	0	0	0	0	0	0	0	5666,56
SR00535	31/5/2026	R	9,92428E+11	AMBIENSA S,A,	J	9	1	12				2,001E+12	104,58	104,08	7/5/2026	6/7/2026	6/7/2026	60	60	0	0	0	0	104,08	0	0	0	0	0	0	0	0	0	0	104,58
SR00535	31/5/2026	R	9,92428E+11	AMBIENSA S,A,	J	9	1	12				2,001E+12	8658,67	7386,07	14/4/2026	13/6/2026	13/6/2026	60	60	0	0	0	7386,07	0	0	0	0	0	0	0	0	0	0	0	8658,67
SR00535	31/5/2026	R	9,92428E+11	AMBIENSA S,A,	J	9	1	12				2,001E+12	13764,15	11774,93	5/5/2026	4/7/2026	4/7/2026	60	60	0	0	0	0	11774,93	0	0	0	0	0	0	0	0	0	0	13764,15
SR00535	31/5/2026	R	9,92428E+11	AMBIENSA S,A,	J	9	1	12				2,001E+12	101,2	99,88	29/4/2026	28/6/2026	28/6/2026	60	60	0	0	0	99,88	0	0	0	0	0	0	0	0	0	0	0	101,2
SR00535	31/5/2026	R	9,92428E+11	AMBIENSA S,A,	J	9	1	12				2,001E+12	15977,99	13769,98	24/4/2026	23/6/2026	23/6/2026	60	60	0	0	0	13769,98	0	0	0	0	0	0	0	0	0	0	0	15977,99
SR00535	31/5/2026	R	9,92428E+11	AMBIENSA S,A,	J	9	1	12				2,001E+12	15046,35	13307,93	29/5/2026	28/7/2026	28/7/2026	60	60	0	0	0	0	13307,93	0	0	0	0	0	0	0	0	0	0	15046,35
SR00535	31/5/2026	R	9,92428E+11	AMBIENSA S,A,	J	9	1	12				2,001E+12	5559,26	4742,19	5/5/2026	4/7/2026	4/7/2026	60	60	0	0	0	0	4742,19	0	0	0	0	0	0	0	0	0	0	5559,26
SR00535	31/5/2026	R	9,92428E+11	AMBIENSA S,A,	J	9	1	12				2,001E+12	515,79	509,06	28/4/2026	27/6/2026	27/6/2026	60	60	0	0	0	509,06	0	0	0	0	0	0	0	0	0	0	0	515,79
SR00535	31/5/2026	R	9,92428E+11	AMBIENSA S,A,	J	9	1	12				2,001E+12	16155,45	13810,33	20/4/2026	19/6/2026	19/6/2026	60	60	0	0	0	13810,33	0	0	0	0	0	0	0	0	0	0	0	16155,45
SR00535	31/5/2026	R	9,92428E+11	AMBIENSA S,A,	J	9	1	12				2,001E+12	2969,53	2955,39	15/4/2026	14/6/2026	14/6/2026	60	60	0	0	0	2955,39	0	0	0	0	0	0	0	0	0	0	0	2969,53
SR00535	31/5/2026	R	9,92428E+11	AMBIENSA S,A,	J	9	1	12				2,001E+12	14395,83	13342,07	5/5/2026	4/7/2026	4/7/2026	60	60	0	0	0	0	13342,07	0	0	0	0	0	0	0	0	0	0	14395,83
SR00535	31/5/2026	R	9,92428E+11	AMBIENSA S,A,	J	9	1	12				2,001E+12	10639,25	9291,22	18/4/2026	17/6/2026	17/6/2026	60	60	0	0	0	9291,22	0	0	0	0	0	0	0	0	0	0	0	10639,25
SR00535	31/5/2026	R	9,92428E+11	AMBIENSA S,A,	J	9	1	12				2,001E+12	9944,87	9287,08	28/4/2026	27/6/2026	27/6/2026	60	60	0	0	0	9287,08	0	0	0	0	0	0	0	0	0	0	0	9944,87
SR00535	31/5/2026	R	9,92428E+11	AMBIENSA S,A,	J	9	1	12				2,001E+12	19647,29	19203,31	22/4/2026	21/6/2026	21/6/2026	60	60	0	0	0	19203,31	0	0	0	0	0	0	0	0	0	0	0	19647,29
SR00535	31/5/2026	R	9,92428E+11	AMBIENSA S,A,	J	9	1	12				2,001E+12	5550,91	4847,6	23/4/2026	22/6/2026	22/6/2026	60	60	0	0	0	4847,6	0	0	0	0	0	0	0	0	0	0	0	5550,91
SR00535	31/5/2026	R	9,92428E+11	AMBIENSA S,A,	J	9	1	12				2,001E+12	10438,18	9004,11	13/4/2026	12/6/2026	12/6/2026	60	60	0	0	0	9004,11	0	0	0	0	0	0	0	0	0	0	0	10438,18
SR00535	31/5/2026	R	9,25686E+11	AMBROSI ALCIVAR GABRIEL RODRIGO	N	12	5	7	M	S	I	2,001E+12	2175,82	2028,32	30/4/2026	9/6/2026	9/6/2026	40	40	0	0	0	2028,32	0	0	0	0	0	0	0	0	0	0	0	2175,82
SR00535	31/5/2026	R	1,70774E+12	ANDINO NORONA TANYA ELIZABETH	N	17	1	32	F	C	B	1,001E+12	1134,43	1134,43	21/5/2026	20/6/2026	20/6/2026	30	30	0	0	0	1134,43	0	0	0	0	0	0	0	0	0	0	0	1134,43
SR00535	31/5/2026	R	1,70774E+12	ANDINO NORONA TANYA ELIZABETH	N	17	1	32	F	C	B	1,001E+12	285,2	285,2	13/5/2026	12/6/2026	12/6/2026	30	30	0	0	0	285,2	0	0	0	0	0	0	0	0	0	0	0	285,2
SR00535	31/5/2026	R	1,70774E+12	ANDINO NORONA TANYA ELIZABETH	N	17	1	32	F	C	B	1,001E+12	2259,34	2259,34	21/5/2026	20/6/2026	20/6/2026	30	30	0	0	0	2259,34	0	0	0	0	0	0	0	0	0	0	0	2259,34
SR00535	31/5/2026	R	1,70774E+12	ANDINO NORONA TANYA ELIZABETH	N	17	1	32	F	C	B	1,001E+12	608,47	608,47	21/5/2026	20/6/2026	20/6/2026	30	30	0	0	0	608,47	0	0	0	0	0	0	0	0	0	0	0	608,47
SR00535	31/5/2026	R	1,70774E+12	ANDINO NORONA TANYA ELIZABETH	N	17	1	32	F	C	B	1,001E+12	856,75	856,75	14/5/2026	13/6/2026	13/6/2026	30	30	0	0	0	856,75	0	0	0	0	0	0	0	0	0	0	0	856,75
SR00535	31/5/2026	R	1,70774E+12	ANDINO NORONA TANYA ELIZABETH	N	17	1	32	F	C	B	1,001E+12	1012,68	1012,68	21/5/2026	20/6/2026	20/6/2026	30	30	0	0	0	1012,68	0	0	0	0	0	0	0	0	0	0	0	1012,68
SR00535	31/5/2026	R	1,70774E+12	ANDINO NORONA TANYA ELIZABETH	N	17	1	32	F	C	B	1,001E+12	1121,94	1121,94	21/5/2026	20/6/2026	20/6/2026	30	30	0	0	0	1121,94	0	0	0	0	0	0	0	0	0	0	0	1121,94
SR00535	31/5/2026	R	1,70774E+12	ANDINO NORONA TANYA ELIZABETH	N	17	1	32	F	C	B	1,001E+12	424,32	424,32	15/5/2026	14/6/2026	14/6/2026	30	30	0	0	0	424,32	0	0	0	0	0	0	0	0	0	0	0	424,32
SR00535	31/5/2026	R	1,70774E+12	ANDINO NORONA TANYA ELIZABETH	N	17	1	32	F	C	B	1,001E+12	1704,47	1704,47	21/5/2026	20/6/2026	20/6/2026	30	30	0	0	0	1704,47	0	0	0	0	0	0	0	0	0	0	0	1704,47
SR00535	31/5/2026	R	1,70774E+12	ANDINO NORONA TANYA ELIZABETH	N	17	1	32	F	C	B	1,001E+12	1619,6	1619,6	13/5/2026	12/6/2026	12/6/2026	30	30	0	0	0	1619,6	0	0	0	0	0	0	0	0	0	0	0	1619,6
SR00535	31/5/2026	R	1,70774E+12	ANDINO NORONA TANYA ELIZABETH	N	17	1	32	F	C	B	1,001E+12	1203,48	1203,48	20/5/2026	19/6/2026	19/6/2026	30	30	0	0	0	1203,48	0	0	0	0	0	0	0	0	0	0	0	1203,48
SR00535	31/5/2026	R	1,70774E+12	ANDINO NORONA TANYA ELIZABETH	N	17	1	32	F	C	B	2,001E+12	415,54	415,54	11/5/2026	10/6/2026	10/6/2026	30	30	0	0	0	415,54	0	0	0	0	0	0	0	0	0	0	0	415,54
SR00535	31/5/2026	R	1,70774E+12	ANDINO NORONA TANYA ELIZABETH	N	17	1	32	F	C	B	1,001E+12	723,53	723,53	15/5/2026	14/6/2026	14/6/2026	30	30	0	0	0	723,53	0	0	0	0	0	0	0	0	0	0	0	723,53
SR00535	31/5/2026	R	1,70774E+12	ANDINO NORONA TANYA ELIZABETH	N	17	1	32	F	C	B	1,001E+12	1922,57	1922,57	13/5/2026	12/6/2026	12/6/2026	30	30	0	0	0	1922,57	0	0	0	0	0	0	0	0	0	0	0	1922,57
SR00535	31/5/2026	C	1700086018	ANDINO PAZMINO PATRICIO GERARDO	N	17	1	50	M	C	I	1,001E+12	597,34	597,34	13/5/2026	12/6/2026	12/6/2026	30	30	0	0	0	597,34	0	0	0	0	0	0	0	0	0	0	0	597,34
SR00535	31/5/2026	C	1700086018	ANDINO PAZMINO PATRICIO GERARDO	N	17	1	50	M	C	I	1,001E+12	552	552	21/5/2026	20/6/2026	20/6/2026	30	30	0	0	0	552	0	0	0	0	0	0	0	0	0	0	0	552
SR00535	31/5/2026	C	1700086018	ANDINO PAZMINO PATRICIO GERARDO	N	17	1	50	M	C	I	1,001E+12	1705,89	1705,89	5/5/2026	4/6/2026	4/6/2026	30	30	0	0	0	1705,89	0	0	0	0	0	0	0	0	0	0	0	1705,89
SR00535	31/5/2026	C	1700086018	ANDINO PAZMINO PATRICIO GERARDO	N	17	1	50	M	C	I	1,001E+12	3677,7	3677,7	28/5/2026	27/6/2026	27/6/2026	30	30	0	0	0	3677,7	0	0	0	0	0	0	0	0	0	0	0	3677,7
SR00535	31/5/2026	C	1700086018	ANDINO PAZMINO PATRICIO GERARDO	N	17	1	50	M	C	I	1,001E+12	419,24	419,24	21/5/2026	20/6/2026	20/6/2026	30	30	0	0	0	419,24	0	0	0	0	0	0	0	0	0	0	0	419,24
SR00535	31/5/2026	C	1700086018	ANDINO PAZMINO PATRICIO GERARDO	N	17	1	50	M	C	I	1,001E+12	552	552	13/5/2026	12/6/2026	12/6/2026	30	30	0	0	0	552	0	0	0	0	0	0	0	0	0	0	0	552
SR00535	31/5/2026	C	1700086018	ANDINO PAZMINO PATRICIO GERARDO	N	17	1	50	M	C	I	2,001E+12	374,44	374,44	21/5/2026	20/6/2026	20/6/2026	30	30	0	0	0	374,44	0	0	0	0	0	0	0	0	0	0	0	374,44
SR00535	31/5/2026	C	1700086018	ANDINO PAZMINO PATRICIO GERARDO	N	17	1	50	M	C	I	1,001E+12	552	552	13/5/2026	12/6/2026	12/6/2026	30	30	0	0	0	552	0	0	0	0	0	0	0	0	0	0	0	552
SR00535	31/5/2026	C	1700086018	ANDINO PAZMINO PATRICIO GERARDO	N	17	1	50	M	C	I	1,001E+12	1700,23	1700,23	21/5/2026	20/6/2026	20/6/2026	30	30	0	0	0	1700,23	0	0	0	0	0	0	0	0	0	0	0	1700,23
SR00535	31/5/2026	R	1,30891E+12	ANDRADE ALCIVAR KARLA	N	13	2	50	F	C	I	2,001E+12	752,24	752,24	21/5/2026	30/6/2026	30/6/2026	40	40	0	0	0	752,24	0	0	0	0	0	0	0	0	0	0	0	752,24
SR00535	31/5/2026	R	1,30891E+12	ANDRADE ALCIVAR KARLA	N	13	2	50	F	C	I	2,001E+12	111,96	111,96	22/4/2026	1/6/2026	1/6/2026	40	40	0	0	0	111,96	0	0	0	0	0	0	0	0	0	0	0	111,96
SR00535	31/5/2026	R	1,30891E+12	ANDRADE ALCIVAR KARLA	N	13	2	50	F	C	I	2,001E+12	244,39	244,39	20/4/2026	30/5/2026	30/5/2026	40	40	1	244,39	0	0	0	0	0	0	244,39	0	0	0	0	0	0	244,39
SR00535	31/5/2026	R	1,30891E+12	ANDRADE ALCIVAR KARLA	N	13	2	50	F	C	I	2,001E+12	245,11	245,11	20/4/2026	30/5/2026	30/5/2026	40	40	1	245,11	0	0	0	0	0	0	245,11	0	0	0	0	0	0	245,11
SR00535	31/5/2026	R	1,30891E+12	ANDRADE ALCIVAR KARLA	N	13	2	50	F	C	I	2,001E+12	182,48	182,48	21/5/2026	30/6/2026	30/6/2026	40	40	0	0	0	182,48	0	0	0	0	0	0	0	0	0	0	0	182,48
SR00535	31/5/2026	R	1,30891E+12	ANDRADE ALCIVAR KARLA	N	13	2	50	F	C	I	2,001E+12	1201,93	1201,93	21/5/2026	30/6/2026	30/6/2026	40	40	0	0	0	1201,93	0	0	0	0	0	0	0	0	0	0	0	1201,93
SR00535	31/5/2026	R	1,30891E+12	ANDRADE ALCIVAR KARLA	N	13	2	50	F	C	I	2,001E+12	692,4	692,4	24/4/2026	3/6/2026	3/6/2026	40	40	0	0	0	692,4	0	0	0	0	0	0	0	0	0	0	0	692,4
SR00535	31/5/2026	R	1,50058E+12	ANDY CERDA AMILKAR PATRICIO	N	15	1	50	M	C	I	1,001E+12	528,26	528,26	4/5/2026	13/6/2026	13/6/2026	40	40	0	0	0	528,26	0	0	0	0	0	0	0	0	0	0	0	528,26
SR00535	31/5/2026	R	1,50058E+12	ANDY CERDA AMILKAR PATRICIO	N	15	1	50	M	C	I	1,001E+12	89,67	89,67	14/5/2026	23/6/2026	23/6/2026	40	40	0	0	0	89,67	0	0	0	0	0	0	0	0	0	0	0	89,67
SR00535	31/5/2026	R	1,50058E+12	ANDY CERDA AMILKAR PATRICIO	N	15	1	50	M	C	I	1,001E+12	984,12	984,12	24/4/2026	3/6/2026	3/6/2026	40	40	0	0	0	984,12	0	0	0	0	0	0	0	0	0	0	0	984,12
SR00535	31/5/2026	R	1,50058E+12	ANDY CERDA AMILKAR PATRICIO	N	15	1	50	M	C	I	1,001E+12	465,28	465,28	4/5/2026	13/6/2026	13/6/2026	40	40	0	0	0	465,28	0	0	0	0	0	0	0	0	0	0	0	465,28
SR00535	31/5/2026	R	9,92345E+11	ARKITRUST S,A,	J	9	1	50				2,001E+12	349,46	310,41	22/12/2025	5/2/2026	5/2/2026	45	45	115	310,41	0	0	0	0	0	0	0	0	310,41	0	0	0	0	349,46
SR00535	31/5/2026	R	9,92345E+11	ARKITRUST S,A,	J	9	1	50				2,001E+12	1618,68	1437,81	30/10/2025	14/12/2025	14/12/2025	45	45	168	1437,81	0	0	0	0	0	0	0	0	1437,81	0	0	0	0	1618,68
SR00535	31/5/2026	R	9,92345E+11	ARKITRUST S,A,	J	9	1	50				2,001E+12	117,73	92,11	17/12/2025	31/1/2026	31/1/2026	45	45	120	92,11	0	0	0	0	0	0	0	0	92,11	0	0	0	0	117,73
SR00535	31/5/2026	R	9,92345E+11	ARKITRUST S,A,	J	9	1	50				2,001E+12	149,28	119,95	12/12/2025	26/1/2026	26/1/2026	45	45	125	119,95	0	0	0	0	0	0	0	0	119,95	0	0	0	0	149,28
SR00535	31/5/2026	R	9,92345E+11	ARKITRUST S,A,	J	9	1	50				2,001E+12	84,67	68,04	5/12/2025	19/1/2026	19/1/2026	45	45	132	68,04	0	0	0	0	0	0	0	0	68,04	0	0	0	0	84,67
SR00535	31/5/2026	R	9,92345E+11	ARKITRUST S,A,	J	9	1	50				2,001E+12	163,59	133,44	19/12/2025	2/2/2026	2/2/2026	45	45	118	133,44	0	0	0	0	0	0	0	0	133,44	0	0	0	0	163,59
SR00535	31/5/2026	R	9,92345E+11	ARKITRUST S,A,	J	9	1	50				2,001E+12	356,66	316,81	30/10/2025	14/12/2025	14/12/2025	45	45	168	316,81	0	0	0	0	0	0	0	0	316,81	0	0	0	0	356,66
SR00535	31/5/2026	R	9,92345E+11	ARKITRUST S,A,	J	9	1	50				2,001E+12	149,28	119,95	4/12/2025	18/1/2026	18/1/2026	45	45	133	119,95	0	0	0	0	0	0	0	0	119,95	0	0	0	0	149,28
SR00535	31/5/2026	R	9,92345E+11	ARKITRUST S,A,	J	9	1	50				2,001E+12	106,21	83,09	23/12/2025	6/2/2026	6/2/2026	45	45	114	83,09	0	0	0	0	0	0	0	0	83,09	0	0	0	0	106,21
SR00535	31/5/2026	R	9,92345E+11	ARKITRUST S,A,	J	9	1	50				2,001E+12	94,7	74,09	26/11/2025	10/1/2026	10/1/2026	45	45	141	74,09	0	0	0	0	0	0	0	0	74,09	0	0	0	0	94,7
SR00535	31/5/2026	R	9,92345E+11	ARKITRUST S,A,	J	9	1	50				2,001E+12	373,21	299,9	11/11/2025	26/12/2025	26/12/2025	45	45	156	299,9	0	0	0	0	0	0	0	0	299,9	0	0	0	0	373,21
SR00535	31/5/2026	R	9,92345E+11	ARKITRUST S,A,	J	9	1	50				2,001E+12	142,95	112,63	28/11/2025	12/1/2026	12/1/2026	45	45	139	112,63	0	0	0	0	0	0	0	0	112,63	0	0	0	0	142,95
SR00535	31/5/2026	R	9,92345E+11	ARKITRUST S,A,	J	9	1	50				2,001E+12	195,52	173,77	14/11/2025	29/12/2025	29/12/2025	45	45	153	173,77	0	0	0	0	0	0	0	0	173,77	0	0	0	0	195,52
SR00535	31/5/2026	R	9,92345E+11	ARKITRUST S,A,	J	9	1	50				2,001E+12	559,81	449,85	28/11/2025	12/1/2026	12/1/2026	45	45	139	449,85	0	0	0	0	0	0	0	0	449,85	0	0	0	0	559,81
SR00535	31/5/2026	R	9,92345E+11	ARKITRUST S,A,	J	9	1	50				2,001E+12	223,93	179,94	4/12/2025	18/1/2026	18/1/2026	45	45	133	179,94	0	0	0	0	0	0	0	0	179,94	0	0	0	0	223,93
SR00535	31/5/2026	R	9,92345E+11	ARKITRUST S,A,	J	9	1	50				2,001E+12	3055,86	2492,59	12/12/2025	26/1/2026	26/1/2026	45	45	125	2492,59	0	0	0	0	0	0	0	0	2492,59	0	0	0	0	3055,86
SR00535	31/5/2026	R	9,92345E+11	ARKITRUST S,A,	J	9	1	50				2,001E+12	74,65	59,98	11/12/2025	25/1/2026	25/1/2026	45	45	126	59,98	0	0	0	0	0	0	0	0	59,98	0	0	0	0	74,65
SR00535	31/5/2026	R	9,92345E+11	ARKITRUST S,A,	J	9	1	50				2,001E+12	520,15	420,31	10/12/2025	24/1/2026	24/1/2026	45	45	127	420,31	0	0	0	0	0	0	0	0	420,31	0	0	0	0	520,15
SR00535	31/5/2026	R	9,92345E+11	ARKITRUST S,A,	J	9	1	50				2,001E+12	560,27	446,25	11/12/2025	25/1/2026	25/1/2026	45	45	126	446,25	0	0	0	0	0	0	0	0	446,25	0	0	0	0	560,27
SR00535	31/5/2026	R	9,92345E+11	ARKITRUST S,A,	J	9	1	50				2,001E+12	14278,47	11232,17	10/12/2025	24/1/2026	24/1/2026	45	45	127	11232,17	0	0	0	0	0	0	0	0	11232,17	0	0	0	0	14278,47
SR00535	31/5/2026	R	9,92345E+11	ARKITRUST S,A,	J	9	1	50				2,001E+12	94,7	75,09	14/11/2025	29/12/2025	29/12/2025	45	45	153	75,09	0	0	0	0	0	0	0	0	75,09	0	0	0	0	94,7
SR00535	31/5/2026	R	9,92345E+11	ARKITRUST S,A,	J	9	1	50				2,001E+12	101,67	90,3	23/12/2025	6/2/2026	6/2/2026	45	45	114	90,3	0	0	0	0	0	0	0	0	90,3	0	0	0	0	101,67
SR00535	31/5/2026	R	9,92345E+11	ARKITRUST S,A,	J	9	1	50				2,001E+12	298,56	239,92	23/12/2025	6/2/2026	6/2/2026	45	45	114	239,92	0	0	0	0	0	0	0	0	239,92	0	0	0	0	298,56
SR00535	31/5/2026	R	9,92345E+11	ARKITRUST S,A,	J	9	1	50				2,001E+12	153,56	120,14	10/12/2025	24/1/2026	24/1/2026	45	45	127	120,14	0	0	0	0	0	0	0	0	120,14	0	0	0	0	153,56
SR00535	31/5/2026	R	9,92345E+11	ARKITRUST S,A,	J	9	1	50				2,001E+12	74,65	59,98	16/12/2025	30/1/2026	30/1/2026	45	45	121	59,98	0	0	0	0	0	0	0	0	59,98	0	0	0	0	74,65
SR00535	31/5/2026	R	9,92345E+11	ARKITRUST S,A,	J	9	1	50				2,001E+12	111,96	89,97	4/12/2025	18/1/2026	18/1/2026	45	45	133	89,97	0	0	0	0	0	0	0	0	89,97	0	0	0	0	111,96
SR00535	31/5/2026	R	9,92345E+11	ARKITRUST S,A,	J	9	1	50				2,001E+12	11931,58	2621,87	28/10/2025	12/12/2025	12/12/2025	45	45	170	2621,87	0	0	0	0	0	0	0	0	2621,87	0	0	0	0	11931,58
SR00535	31/5/2026	R	9,92345E+11	ARKITRUST S,A,	J	9	1	50				2,001E+12	344,79	291,27	17/12/2025	31/1/2026	31/1/2026	45	45	120	291,27	0	0	0	0	0	0	0	0	291,27	0	0	0	0	344,79
SR00535	31/5/2026	R	9,92345E+11	ARKITRUST S,A,	J	9	1	50				2,001E+12	74,65	59,98	2/12/2025	16/1/2026	16/1/2026	45	45	135	59,98	0	0	0	0	0	0	0	0	59,98	0	0	0	0	74,65
SR00535	31/5/2026	R	9,92345E+11	ARKITRUST S,A,	J	9	1	50				2,001E+12	1221,99	1085,43	22/12/2025	5/2/2026	5/2/2026	45	45	115	1085,43	0	0	0	0	0	0	0	0	1085,43	0	0	0	0	1221,99
SR00535	31/5/2026	R	9,92345E+11	ARKITRUST S,A,	J	9	1	50				2,001E+12	74,65	59,98	2/12/2025	16/1/2026	16/1/2026	45	45	135	59,98	0	0	0	0	0	0	0	0	59,98	0	0	0	0	74,65
SR00535	31/5/2026	R	9,92345E+11	ARKITRUST S,A,	J	9	1	50				2,001E+12	244,94	217,57	22/12/2025	5/2/2026	5/2/2026	45	45	115	217,57	0	0	0	0	0	0	0	0	217,57	0	0	0	0	244,94
SR00535	31/5/2026	R	9,92345E+11	ARKITRUST S,A,	J	9	1	50				2,001E+12	406,66	361,22	15/12/2025	29/1/2026	29/1/2026	45	45	122	361,22	0	0	0	0	0	0	0	0	361,22	0	0	0	0	406,66
SR00535	31/5/2026	R	9,92345E+11	ARKITRUST S,A,	J	9	1	50				2,001E+12	1246,83	1069,64	17/12/2025	31/1/2026	31/1/2026	45	45	120	1069,64	0	0	0	0	0	0	0	0	1069,64	0	0	0	0	1246,83
SR00535	31/5/2026	R	9,92345E+11	ARKITRUST S,A,	J	9	1	50				PROVISION  116384	2801,74	2801,74	29/4/2026	12/12/2025	12/12/2025	45	45	170	2801,74	0	0	0	0	0	0	0	0	2801,74	0	0	2801,74	0	2801,74
SR00535	31/5/2026	C	1102719364	ARMIJOS SALINAS LUIS CLAUDIO	N	11	11	50	M	C	I	3,001E+12	603,51	574,77	28/5/2026	7/7/2026	7/7/2026	40	40	0	0	0	0	574,77	0	0	0	0	0	0	0	0	0	0	603,51
SR00535	31/5/2026	C	1102719364	ARMIJOS SALINAS LUIS CLAUDIO	N	11	11	50	M	C	I	3,001E+12	1249,25	1157,09	12/5/2026	21/6/2026	21/6/2026	40	40	0	0	0	1157,09	0	0	0	0	0	0	0	0	0	0	0	1249,25
SR00535	31/5/2026	C	1102719364	ARMIJOS SALINAS LUIS CLAUDIO	N	11	11	50	M	C	I	3,001E+12	991,39	919,24	12/5/2026	21/6/2026	21/6/2026	40	40	0	0	0	919,24	0	0	0	0	0	0	0	0	0	0	0	991,39
SR00535	31/5/2026	C	1102719364	ARMIJOS SALINAS LUIS CLAUDIO	N	11	11	50	M	C	I	3,001E+12	3718,1	3527,07	4/5/2026	13/6/2026	13/6/2026	40	40	0	0	0	3527,07	0	0	0	0	0	0	0	0	0	0	0	3718,1
SR00535	31/5/2026	R	1,79288E+12	ASOCIACION DE SERVICIOS DE CONSTRUC	J	24	2	50				1,001E+12	4020,95	4020,95	28/5/2026	28/5/2026	28/5/2026	0	0	3	4020,95	0	0	0	0	0	0	4020,95	0	0	0	0	0	0	4020,95
SR00535	31/5/2026	C	1234567890	ASTUDILLO ALVARADO CARMEN GRACIELA	N	24	2	50	F	S	B	3,001E+12	2028,86	2028,86	21/5/2026	30/6/2026	30/6/2026	40	40	0	0	0	2028,86	0	0	0	0	0	0	0	0	0	0	0	2028,86
SR00535	31/5/2026	C	1234567890	ASTUDILLO ALVARADO CARMEN GRACIELA	N	24	2	50	F	S	B	3,001E+12	805,27	805,27	15/4/2026	25/5/2026	25/5/2026	40	40	6	805,27	0	0	0	0	0	0	805,27	0	0	0	0	0	0	805,27
SR00535	31/5/2026	C	1234567890	ASTUDILLO ALVARADO CARMEN GRACIELA	N	24	2	50	F	S	B	3,001E+12	402,13	402,13	21/5/2026	30/6/2026	30/6/2026	40	40	0	0	0	402,13	0	0	0	0	0	0	0	0	0	0	0	402,13
SR00535	31/5/2026	C	1234567890	ASTUDILLO ALVARADO CARMEN GRACIELA	N	24	2	50	F	S	B	3,001E+12	2882,57	2882,57	29/5/2026	8/7/2026	8/7/2026	40	40	0	0	0	0	2882,57	0	0	0	0	0	0	0	0	0	0	2882,57
SR00535	31/5/2026	C	1234567890	ASTUDILLO ALVARADO CARMEN GRACIELA	N	24	2	50	F	S	B	3,001E+12	802,7	802,7	29/5/2026	8/7/2026	8/7/2026	40	40	0	0	0	0	802,7	0	0	0	0	0	0	0	0	0	0	802,7
SR00535	31/5/2026	R	1,79184E+12	AURELIAN ECUADOR S,A,	J	19	5	50				1,001E+12	64105,6	61597,12	21/5/2026	20/6/2026	20/6/2026	30	30	0	0	0	61597,12	0	0	0	0	0	0	0	0	0	0	0	64105,6
SR00535	31/5/2026	R	1,79184E+12	AURELIAN ECUADOR S,A,	J	19	5	50				1,001E+12	16026,4	15399,28	11/5/2026	10/6/2026	10/6/2026	30	30	0	0	0	15399,28	0	0	0	0	0	0	0	0	0	0	0	16026,4
SR00535	31/5/2026	R	1,79184E+12	AURELIAN ECUADOR S,A,	J	19	5	50				2,001E+12	36516,13	35087,24	20/5/2026	19/6/2026	19/6/2026	30	30	0	0	0	35087,24	0	0	0	0	0	0	0	0	0	0	0	36516,13
SR00535	31/5/2026	R	1,79184E+12	AURELIAN ECUADOR S,A,	J	19	5	50				1,001E+12	2768,06	2659,74	21/5/2026	20/6/2026	20/6/2026	30	30	0	0	0	2659,74	0	0	0	0	0	0	0	0	0	0	0	2768,06
SR00535	31/5/2026	R	1,79184E+12	AURELIAN ECUADOR S,A,	J	19	5	50				1,001E+12	2796,78	2687,34	21/5/2026	20/6/2026	20/6/2026	30	30	0	0	0	2687,34	0	0	0	0	0	0	0	0	0	0	0	2796,78
SR00535	31/5/2026	R	1,79184E+12	AURELIAN ECUADOR S,A,	J	19	5	50				1,001E+12	49398,35	47465,37	4/5/2026	3/6/2026	3/6/2026	30	30	0	0	0	47465,37	0	0	0	0	0	0	0	0	0	0	0	49398,35
SR00535	31/5/2026	C	102741774	BALAREZO TORRES CLAUDIA FELICIA	N	1	1	50	F	C	I	3,001E+12	388,7	388,7	28/4/2026	7/6/2026	7/6/2026	40	40	0	0	0	388,7	0	0	0	0	0	0	0	0	0	0	0	388,7
SR00535	31/5/2026	C	102741774	BALAREZO TORRES CLAUDIA FELICIA	N	1	1	50	F	C	I	3,001E+12	1087,79	1087,79	18/5/2026	27/6/2026	27/6/2026	40	40	0	0	0	1087,79	0	0	0	0	0	0	0	0	0	0	0	1087,79
SR00535	31/5/2026	C	102741774	BALAREZO TORRES CLAUDIA FELICIA	N	1	1	50	F	C	I	3,001E+12	491,3	491,3	29/5/2026	8/7/2026	8/7/2026	40	40	0	0	0	0	491,3	0	0	0	0	0	0	0	0	0	0	491,3
SR00535	31/5/2026	C	102741774	BALAREZO TORRES CLAUDIA FELICIA	N	1	1	50	F	C	I	3,001E+12	286,33	286,33	18/5/2026	27/6/2026	27/6/2026	40	40	0	0	0	286,33	0	0	0	0	0	0	0	0	0	0	0	286,33
SR00535	31/5/2026	R	1,71475E+12	BANDA MOLINA MARIELA DEL PILAR	N	13	15	50	F	C	I	2,001E+12	712,02	687,47	21/5/2026	30/6/2026	30/6/2026	40	40	0	0	0	687,47	0	0	0	0	0	0	0	0	0	0	0	712,02
SR00535	31/5/2026	R	1,71475E+12	BANDA MOLINA MARIELA DEL PILAR	N	13	15	50	F	C	I	2,001E+12	1701,4	1642,73	21/5/2026	30/6/2026	30/6/2026	40	40	0	0	0	1642,73	0	0	0	0	0	0	0	0	0	0	0	1701,4
SR00535	31/5/2026	R	1,03803E+11	BARROS YUNGA DIEGO VINICIO	N	1	1	3	M	C	I	3,001E+12	2120,91	2120,91	27/5/2026	6/7/2026	6/7/2026	40	40	0	0	0	0	2120,91	0	0	0	0	0	0	0	0	0	0	2120,91
SR00535	31/5/2026	R	1,03803E+11	BARROS YUNGA DIEGO VINICIO	N	1	1	3	M	C	I	3,001E+12	268,18	268,18	27/5/2026	6/7/2026	6/7/2026	40	40	0	0	0	0	268,18	0	0	0	0	0	0	0	0	0	0	268,18
SR00535	31/5/2026	R	1,03803E+11	BARROS YUNGA DIEGO VINICIO	N	1	1	3	M	C	I	3,001E+12	555,88	555,88	29/5/2026	8/7/2026	8/7/2026	40	40	0	0	0	0	555,88	0	0	0	0	0	0	0	0	0	0	555,88
SR00535	31/5/2026	R	1,03803E+11	BARROS YUNGA DIEGO VINICIO	N	1	1	3	M	C	I	3,001E+12	4048,1	4048,1	8/5/2026	17/6/2026	17/6/2026	40	40	0	0	0	4048,1	0	0	0	0	0	0	0	0	0	0	0	4048,1
SR00535	31/5/2026	R	1,03803E+11	BARROS YUNGA DIEGO VINICIO	N	1	1	3	M	C	I	3,001E+12	954,41	954,41	12/5/2026	21/6/2026	21/6/2026	40	40	0	0	0	954,41	0	0	0	0	0	0	0	0	0	0	0	954,41
SR00535	31/5/2026	R	1,03803E+11	BARROS YUNGA DIEGO VINICIO	N	1	1	3	M	C	I	3,001E+12	945,9	945,9	21/5/2026	30/6/2026	30/6/2026	40	40	0	0	0	945,9	0	0	0	0	0	0	0	0	0	0	0	945,9
SR00535	31/5/2026	R	1,03803E+11	BARROS YUNGA DIEGO VINICIO	N	1	1	3	M	C	I	3,001E+12	1716,83	1716,83	13/5/2026	22/6/2026	22/6/2026	40	40	0	0	0	1716,83	0	0	0	0	0	0	0	0	0	0	0	1716,83
SR00535	31/5/2026	R	9,58048E+11	BECERRA SUAREZ CARLOS GUILLERMO	N	9	16	2	M	C	I	2,001E+12	298,86	276,11	21/5/2026	20/6/2026	20/6/2026	30	30	0	0	0	276,11	0	0	0	0	0	0	0	0	0	0	0	298,86
SR00535	31/5/2026	R	9,58048E+11	BECERRA SUAREZ CARLOS GUILLERMO	N	9	16	2	M	C	I	2,001E+12	512,34	473,34	20/5/2026	19/6/2026	19/6/2026	30	30	0	0	0	473,34	0	0	0	0	0	0	0	0	0	0	0	512,34
SR00535	31/5/2026	C	400579231	BENAVIDES REVELO SILVIA PATRICIA	N	4	1	1	F	D	I	1,001E+12	122,59	120,99	28/5/2026	2/6/2026	2/6/2026	5	5	0	0	0	120,99	0	0	0	0	0	0	0	0	0	0	0	122,59
SR00535	31/5/2026	C	400579231	BENAVIDES REVELO SILVIA PATRICIA	N	4	1	1	F	D	I	1,001E+12	6669,45	6582,46	28/5/2026	2/6/2026	2/6/2026	5	5	0	0	0	6582,46	0	0	0	0	0	0	0	0	0	0	0	6669,45
SR00535	31/5/2026	C	1312197237	BERMUDEZ CEVALLOS DAVID FERNANDO	N	13	5	50	M	C	I	2,001E+12	527,45	527,45	6/5/2026	15/6/2026	15/6/2026	40	40	0	0	0	527,45	0	0	0	0	0	0	0	0	0	0	0	527,45
SR00535	31/5/2026	C	1312197237	BERMUDEZ CEVALLOS DAVID FERNANDO	N	13	5	50	M	C	I	2,001E+12	4736,19	4736,19	6/5/2026	15/6/2026	15/6/2026	40	40	0	0	0	4736,19	0	0	0	0	0	0	0	0	0	0	0	4736,19
SR00535	31/5/2026	R	1,7921E+12	BIOCYCLE S,A,	J	17	1	28				1,001E+12	937,34	120,84	21/5/2026	21/5/2026	21/5/2026	0	0	10	120,84	0	0	0	0	0	0	120,84	0	0	0	0	0	0	937,34
SR00535	31/5/2026	R	1,79227E+12	BMV INMOBILIARIA S,A,	J	17	1	3				1,001E+12	9747,09	8580,03	12/5/2026	11/6/2026	11/6/2026	30	30	0	0	0	8580,03	0	0	0	0	0	0	0	0	0	0	0	9747,09
SR00535	31/5/2026	R	1,79227E+12	BMV INMOBILIARIA S,A,	J	17	1	3				1,001E+12	352,44	331,37	21/5/2026	20/6/2026	20/6/2026	30	30	0	0	0	331,37	0	0	0	0	0	0	0	0	0	0	0	352,44
SR00535	31/5/2026	R	1,79227E+12	BMV INMOBILIARIA S,A,	J	17	1	3				1,001E+12	2514,9	2307,45	20/5/2026	19/6/2026	19/6/2026	30	30	0	0	0	2307,45	0	0	0	0	0	0	0	0	0	0	0	2514,9
SR00535	31/5/2026	R	1,79227E+12	BMV INMOBILIARIA S,A,	J	17	1	3				1,001E+12	6745,95	6071,88	18/5/2026	17/6/2026	17/6/2026	30	30	0	0	0	6071,88	0	0	0	0	0	0	0	0	0	0	0	6745,95
SR00535	31/5/2026	R	1,79227E+12	BMV INMOBILIARIA S,A,	J	17	1	3				1,001E+12	13476,96	12155,16	28/5/2026	27/6/2026	27/6/2026	30	30	0	0	0	12155,16	0	0	0	0	0	0	0	0	0	0	0	13476,96
SR00535	31/5/2026	R	1,79227E+12	BMV INMOBILIARIA S,A,	J	17	1	3				1,001E+12	2362,91	2048,63	21/5/2026	20/6/2026	20/6/2026	30	30	0	0	0	2048,63	0	0	0	0	0	0	0	0	0	0	0	2362,91
SR00535	31/5/2026	R	1,85006E+12	BONILLA PILATAXI CHRISTIAN	N	5	2	50	M	S	I	2,001E+12	291,86	288,05	30/4/2026	9/6/2026	9/6/2026	40	40	0	0	0	288,05	0	0	0	0	0	0	0	0	0	0	0	291,86
SR00535	31/5/2026	R	1,85006E+12	BONILLA PILATAXI CHRISTIAN	N	5	2	50	M	S	I	2,001E+12	257,63	254,27	6/5/2026	15/6/2026	15/6/2026	40	40	0	0	0	254,27	0	0	0	0	0	0	0	0	0	0	0	257,63
SR00535	31/5/2026	R	1,85006E+12	BONILLA PILATAXI CHRISTIAN	N	5	2	50	M	S	I	2,001E+12	1059,09	1045,28	30/4/2026	9/6/2026	9/6/2026	40	40	0	0	0	1045,28	0	0	0	0	0	0	0	0	0	0	0	1059,09
SR00535	31/5/2026	R	1,85006E+12	BONILLA PILATAXI CHRISTIAN	N	5	2	50	M	S	I	2,001E+12	280,68	277,02	30/4/2026	9/6/2026	9/6/2026	40	40	0	0	0	277,02	0	0	0	0	0	0	0	0	0	0	0	280,68
SR00535	31/5/2026	R	1,85006E+12	BONILLA PILATAXI CHRISTIAN	N	5	2	50	M	S	I	2,001E+12	236,97	233,88	30/4/2026	9/6/2026	9/6/2026	40	40	0	0	0	233,88	0	0	0	0	0	0	0	0	0	0	0	236,97
SR00535	31/5/2026	R	1,85006E+12	BONILLA PILATAXI CHRISTIAN	N	5	2	50	M	S	I	2,001E+12	830,89	820,05	30/4/2026	9/6/2026	9/6/2026	40	40	0	0	0	820,05	0	0	0	0	0	0	0	0	0	0	0	830,89
SR00535	31/5/2026	R	1,85006E+12	BONILLA PILATAXI CHRISTIAN	N	5	2	50	M	S	I	2,001E+12	781,56	771,37	30/4/2026	9/6/2026	9/6/2026	40	40	0	0	0	771,37	0	0	0	0	0	0	0	0	0	0	0	781,56
SR00535	31/5/2026	R	1,85006E+12	BONILLA PILATAXI CHRISTIAN	N	5	2	50	M	S	I	2,001E+12	236,97	233,88	30/4/2026	9/6/2026	9/6/2026	40	40	0	0	0	233,88	0	0	0	0	0	0	0	0	0	0	0	236,97
SR00535	31/5/2026	R	1,85006E+12	BONILLA PILATAXI CHRISTIAN	N	5	2	50	M	S	I	2,001E+12	830,89	820,05	30/4/2026	9/6/2026	9/6/2026	40	40	0	0	0	820,05	0	0	0	0	0	0	0	0	0	0	0	830,89
SR00535	31/5/2026	R	1,85006E+12	BONILLA PILATAXI CHRISTIAN	N	5	2	50	M	S	I	2,001E+12	2766,56	2542,93	7/5/2026	16/6/2026	16/6/2026	40	40	0	0	0	2542,93	0	0	0	0	0	0	0	0	0	0	0	2766,56
SR00535	31/5/2026	R	1,85006E+12	BONILLA PILATAXI CHRISTIAN	N	5	2	50	M	S	I	2,001E+12	175,11	172,83	30/4/2026	9/6/2026	9/6/2026	40	40	0	0	0	172,83	0	0	0	0	0	0	0	0	0	0	0	175,11
SR00535	31/5/2026	R	1,85006E+12	BONILLA PILATAXI CHRISTIAN	N	5	2	50	M	S	I	2,001E+12	228,21	225,23	6/5/2026	15/6/2026	15/6/2026	40	40	0	0	0	225,23	0	0	0	0	0	0	0	0	0	0	0	228,21
SR00535	31/5/2026	R	1,85006E+12	BONILLA PILATAXI CHRISTIAN	N	5	2	50	M	S	I	2,001E+12	257,63	254,27	6/5/2026	15/6/2026	15/6/2026	40	40	0	0	0	254,27	0	0	0	0	0	0	0	0	0	0	0	257,63
SR00535	31/5/2026	R	1,85006E+12	BONILLA PILATAXI CHRISTIAN	N	5	2	50	M	S	I	2,001E+12	1182,89	1167,46	30/4/2026	9/6/2026	9/6/2026	40	40	0	0	0	1167,46	0	0	0	0	0	0	0	0	0	0	0	1182,89
SR00535	31/5/2026	R	1,85006E+12	BONILLA PILATAXI CHRISTIAN	N	5	2	50	M	S	I	2,001E+12	783,85	773,63	30/4/2026	9/6/2026	9/6/2026	40	40	0	0	0	773,63	0	0	0	0	0	0	0	0	0	0	0	783,85
SR00535	31/5/2026	R	1,85006E+12	BONILLA PILATAXI CHRISTIAN	N	5	2	50	M	S	I	2,001E+12	4353,14	4039,79	30/4/2026	9/6/2026	9/6/2026	40	40	0	0	0	4039,79	0	0	0	0	0	0	0	0	0	0	0	4353,14
SR00535	31/5/2026	R	1,85006E+12	BONILLA PILATAXI CHRISTIAN	N	5	2	50	M	S	I	2,001E+12	3462,01	3416,85	30/4/2026	9/6/2026	9/6/2026	40	40	0	0	0	3416,85	0	0	0	0	0	0	0	0	0	0	0	3462,01
SR00535	31/5/2026	R	9,10623E+11	BORBOR MUNOZ CARLOS GUIDO	N	9	1	12	M	C	I	2,001E+12	1610,02	1315,31	20/8/2025	19/9/2025	19/9/2025	30	30	254	1315,31	0	0	0	0	0	0	0	0	0	1315,31	0	0	0	1610,02
SR00535	31/5/2026	R	9,93078E+11	BOTHSIDES CONSTRUCTIONS S,A,	J	9	1	12				2,001E+12	6301,87	3000,02	26/11/2025	26/12/2025	26/12/2025	30	30	156	3000,02	0	0	0	0	0	0	0	0	3000,02	0	0	0	0	6301,87
SR00535	31/5/2026	R	1,50093E+12	BRITO ALDAZ KAROL SOLANGE	N	15	1	50	F	S	I	1,001E+12	2004,34	2004,34	24/4/2026	3/6/2026	3/6/2026	40	40	0	0	0	2004,34	0	0	0	0	0	0	0	0	0	0	0	2004,34
SR00535	31/5/2026	R	7,91819E+11	BUILDING WANG BUILDWANG CIA LTDA	J	7	1	2				3,001E+12	1204,25	1188,54	20/4/2026	19/6/2026	19/6/2026	60	60	0	0	0	1188,54	0	0	0	0	0	0	0	0	0	0	0	1204,25
SR00535	31/5/2026	R	7,91819E+11	BUILDING WANG BUILDWANG CIA LTDA	J	7	1	2				1,001E+12	14123,99	12117,34	20/5/2026	19/7/2026	19/7/2026	60	60	0	0	0	0	12117,34	0	0	0	0	0	0	0	0	0	0	14123,99
SR00535	31/5/2026	R	7,91819E+11	BUILDING WANG BUILDWANG CIA LTDA	J	7	1	2				3,001E+12	10262,7	9301,91	9/4/2026	8/6/2026	8/6/2026	60	60	0	0	0	9301,91	0	0	0	0	0	0	0	0	0	0	0	10262,7
SR00535	31/5/2026	R	7,91819E+11	BUILDING WANG BUILDWANG CIA LTDA	J	7	1	2				3,001E+12	13309,5	11418,57	20/5/2026	19/7/2026	19/7/2026	60	60	0	0	0	0	11418,57	0	0	0	0	0	0	0	0	0	0	13309,5
SR00535	31/5/2026	R	7,91819E+11	BUILDING WANG BUILDWANG CIA LTDA	J	7	1	2				3,001E+12	8622,21	7814,89	9/4/2026	8/6/2026	8/6/2026	60	60	0	0	0	7814,89	0	0	0	0	0	0	0	0	0	0	0	8622,21
SR00535	31/5/2026	R	7,91819E+11	BUILDING WANG BUILDWANG CIA LTDA	J	7	1	2				3,001E+12	1100,33	1050,55	9/4/2026	8/6/2026	8/6/2026	60	60	0	0	0	1050,55	0	0	0	0	0	0	0	0	0	0	0	1100,33
SR00535	31/5/2026	R	7,91819E+11	BUILDING WANG BUILDWANG CIA LTDA	J	7	1	2				3,001E+12	1015,58	1002,33	21/4/2026	20/6/2026	20/6/2026	60	60	0	0	0	1002,33	0	0	0	0	0	0	0	0	0	0	0	1015,58
SR00535	31/5/2026	R	7,91819E+11	BUILDING WANG BUILDWANG CIA LTDA	J	7	1	2				3,001E+12	2640,81	2308,21	20/5/2026	19/7/2026	19/7/2026	60	60	0	0	0	0	2308,21	0	0	0	0	0	0	0	0	0	0	2640,81
SR00535	31/5/2026	R	7,91819E+11	BUILDING WANG BUILDWANG CIA LTDA	J	7	1	2				3,001E+12	6841,81	6201,28	9/4/2026	8/6/2026	8/6/2026	60	60	0	0	0	6201,28	0	0	0	0	0	0	0	0	0	0	0	6841,81
SR00535	31/5/2026	C	1711923670	CABRERA CARRION JOHANA ELIZABETH	N	22	3	50	F	C	V	1,001E+12	3298,55	3298,55	13/5/2026	22/6/2026	22/6/2026	40	40	0	0	0	3298,55	0	0	0	0	0	0	0	0	0	0	0	3298,55
SR00535	31/5/2026	C	1711923670	CABRERA CARRION JOHANA ELIZABETH	N	22	3	50	F	C	V	1,001E+12	3483,25	3483,25	27/5/2026	6/7/2026	6/7/2026	40	40	0	0	0	0	3483,25	0	0	0	0	0	0	0	0	0	0	3483,25
SR00535	31/5/2026	C	1711923670	CABRERA CARRION JOHANA ELIZABETH	N	22	3	50	F	C	V	1,001E+12	941,07	924,28	26/5/2026	5/7/2026	5/7/2026	40	40	0	0	0	0	924,28	0	0	0	0	0	0	0	0	0	0	941,07
SR00535	31/5/2026	C	1711923670	CABRERA CARRION JOHANA ELIZABETH	N	22	3	50	F	C	V	1,001E+12	709,67	697,65	11/5/2026	20/6/2026	20/6/2026	40	40	0	0	0	697,65	0	0	0	0	0	0	0	0	0	0	0	709,67
SR00535	31/5/2026	C	1711923670	CABRERA CARRION JOHANA ELIZABETH	N	22	3	50	F	C	V	1,001E+12	323,53	323,53	20/5/2026	29/6/2026	29/6/2026	40	40	0	0	0	323,53	0	0	0	0	0	0	0	0	0	0	0	323,53
SR00535	31/5/2026	C	1711923670	CABRERA CARRION JOHANA ELIZABETH	N	22	3	50	F	C	V	1,001E+12	5412,36	5412,36	11/5/2026	20/6/2026	20/6/2026	40	40	0	0	0	5412,36	0	0	0	0	0	0	0	0	0	0	0	5412,36
SR00535	31/5/2026	C	1711923670	CABRERA CARRION JOHANA ELIZABETH	N	22	3	50	F	C	V	1,001E+12	279,47	279,47	11/5/2026	20/6/2026	20/6/2026	40	40	0	0	0	279,47	0	0	0	0	0	0	0	0	0	0	0	279,47
SR00535	31/5/2026	R	1,71227E+12	CALVOPINA GARCIA JUAN CARLOS	N	17	1	23	M	C	I	1,001E+12	318,24	292,03	4/5/2026	3/6/2026	3/6/2026	30	30	0	0	0	292,03	0	0	0	0	0	0	0	0	0	0	0	318,24
SR00535	31/5/2026	R	1,72097E+12	CALVOPINA NARANJO GIOVANNI ALEJANDRO	N	17	1	70	M	S	I	1,001E+12	955,87	899,65	7/5/2026	6/6/2026	6/6/2026	30	30	0	0	0	899,65	0	0	0	0	0	0	0	0	0	0	0	955,87
SR00535	31/5/2026	R	1,72097E+12	CALVOPINA NARANJO GIOVANNI ALEJANDRO	N	17	1	70	M	S	I	1,001E+12	637,25	599,77	18/5/2026	17/6/2026	17/6/2026	30	30	0	0	0	599,77	0	0	0	0	0	0	0	0	0	0	0	637,25
SR00535	31/5/2026	R	1,72097E+12	CALVOPINA NARANJO GIOVANNI ALEJANDRO	N	17	1	70	M	S	I	1,001E+12	878,77	850,43	11/5/2026	10/6/2026	10/6/2026	30	30	0	0	0	850,43	0	0	0	0	0	0	0	0	0	0	0	878,77
SR00535	31/5/2026	R	1,72097E+12	CALVOPINA NARANJO GIOVANNI ALEJANDRO	N	17	1	70	M	S	I	1,001E+12	2238,23	2238,23	4/5/2026	3/6/2026	3/6/2026	30	30	0	0	0	2238,23	0	0	0	0	0	0	0	0	0	0	0	2238,23
SR00535	31/5/2026	R	1,72209E+12	CARLOS ANDRES REYES CABRERA	N	11	3	1	M	C	I	3,001E+12	211,74	204,61	14/5/2026	23/6/2026	23/6/2026	40	40	0	0	0	204,61	0	0	0	0	0	0	0	0	0	0	0	211,74
SR00535	31/5/2026	R	1,72209E+12	CARLOS ANDRES REYES CABRERA	N	11	3	1	M	C	I	3,001E+12	4115,71	3781,26	13/5/2026	22/6/2026	22/6/2026	40	40	0	0	0	3781,26	0	0	0	0	0	0	0	0	0	0	0	4115,71
SR00535	31/5/2026	R	9,92625E+11	CASA FERRETERIA FONG S,A,	J	12	5	1				2,001E+12	214,44	211,64	20/5/2026	29/6/2026	29/6/2026	40	40	0	0	0	211,64	0	0	0	0	0	0	0	0	0	0	0	214,44
SR00535	31/5/2026	R	9,92625E+11	CASA FERRETERIA FONG S,A,	J	12	5	1				2,001E+12	725,98	716,51	28/5/2026	7/7/2026	7/7/2026	40	40	0	0	0	0	716,51	0	0	0	0	0	0	0	0	0	0	725,98
SR00535	31/5/2026	R	9,92625E+11	CASA FERRETERIA FONG S,A,	J	12	5	1				2,001E+12	495,18	488,72	11/5/2026	20/6/2026	20/6/2026	40	40	0	0	0	488,72	0	0	0	0	0	0	0	0	0	0	0	495,18
SR00535	31/5/2026	R	9,92625E+11	CASA FERRETERIA FONG S,A,	J	12	5	1				2,001E+12	5829,58	1917,84	24/4/2026	3/6/2026	3/6/2026	40	40	0	0	0	1917,84	0	0	0	0	0	0	0	0	0	0	0	5829,58
SR00535	31/5/2026	R	9,92625E+11	CASA FERRETERIA FONG S,A,	J	12	5	1				2,001E+12	153,63	151,63	28/5/2026	7/7/2026	7/7/2026	40	40	0	0	0	0	151,63	0	0	0	0	0	0	0	0	0	0	153,63
SR00535	31/5/2026	R	1,19173E+12	CASA IDEAL MATERIALES DE	J	11	1	2				3,001E+12	172,01	172,01	7/5/2026	16/6/2026	16/6/2026	40	40	0	0	0	172,01	0	0	0	0	0	0	0	0	0	0	0	172,01
SR00535	31/5/2026	R	1,19173E+12	CASA IDEAL MATERIALES DE	J	11	1	2				3,001E+12	239,71	217,08	12/5/2026	21/6/2026	21/6/2026	40	40	0	0	0	217,08	0	0	0	0	0	0	0	0	0	0	0	239,71
SR00535	31/5/2026	R	1,19173E+12	CASA IDEAL MATERIALES DE	J	11	1	2				3,001E+12	7865,29	7589,3	28/4/2026	7/6/2026	7/6/2026	40	40	0	0	0	7589,3	0	0	0	0	0	0	0	0	0	0	0	7865,29
SR00535	31/5/2026	R	1,50083E+12	CASTILLO GARCIA ALEXANDRA STEFANIA	N	15	7	54	F	S	I	1,001E+12	1328,33	1306,2	27/4/2026	6/6/2026	6/6/2026	40	40	0	0	0	1306,2	0	0	0	0	0	0	0	0	0	0	0	1328,33
SR00535	31/5/2026	R	1,50083E+12	CASTILLO GARCIA ALEXANDRA STEFANIA	N	15	7	54	F	S	I	1,001E+12	614,39	614,39	4/5/2026	13/6/2026	13/6/2026	40	40	0	0	0	614,39	0	0	0	0	0	0	0	0	0	0	0	614,39
SR00535	31/5/2026	R	3,9102E+11	CEHIMACO CIA, LTDA	J	3	3	50				3,001E+12	167,72	161,51	5/5/2026	14/6/2026	14/6/2026	40	40	0	0	0	161,51	0	0	0	0	0	0	0	0	0	0	0	167,72
SR00535	31/5/2026	R	3,9102E+11	CEHIMACO CIA, LTDA	J	3	3	50				3,001E+12	1604,86	1541,32	5/5/2026	14/6/2026	14/6/2026	40	40	0	0	0	1541,32	0	0	0	0	0	0	0	0	0	0	0	1604,86
SR00535	31/5/2026	R	3,9102E+11	CEHIMACO CIA, LTDA	J	3	3	50				3,001E+12	1492,85	1339,18	28/4/2026	7/6/2026	7/6/2026	40	40	0	0	0	1339,18	0	0	0	0	0	0	0	0	0	0	0	1492,85
SR00535	31/5/2026	R	3,9102E+11	CEHIMACO CIA, LTDA	J	3	3	50				3,001E+12	234,88	225,48	12/5/2026	21/6/2026	21/6/2026	40	40	0	0	0	225,48	0	0	0	0	0	0	0	0	0	0	0	234,88
SR00535	31/5/2026	R	3,9102E+11	CEHIMACO CIA, LTDA	J	3	3	50				3,001E+12	1097,4	1046,36	23/4/2026	2/6/2026	2/6/2026	40	40	0	0	0	1046,36	0	0	0	0	0	0	0	0	0	0	0	1097,4
SR00535	31/5/2026	R	5,91725E+11	CENTRO FERRETERO SAN	J	5	1	2				1,001E+12	4019,26	4019,26	19/5/2026	28/6/2026	28/6/2026	40	40	0	0	0	4019,26	0	0	0	0	0	0	0	0	0	0	0	4019,26
SR00535	31/5/2026	R	5,91725E+11	CENTRO FERRETERO SAN	J	5	1	2				1,001E+12	1132,81	1130,42	19/5/2026	28/6/2026	28/6/2026	40	40	0	0	0	1130,42	0	0	0	0	0	0	0	0	0	0	0	1132,81
SR00535	31/5/2026	R	9,92829E+11	CENTRO PRODUCTIVO PENINSULAR S,A,	J	24	2	50				2,001E+12	8784,12	8784,12	31/8/2017	29/8/2016	29/8/2016	45	45	3562	8784,12	0	0	0	0	0	0	0	0	0	0	8784,12	8784,12	0	8784,12
SR00535	31/5/2026	R	9,9279E+11	CENTRO TECNICO DE CONSTRUCCIONES	J	9	1	50				2,001E+12	276,93	260,23	28/4/2026	28/5/2026	28/5/2026	30	30	3	260,23	0	0	0	0	0	0	260,23	0	0	0	0	0	0	276,93
SR00535	31/5/2026	R	9,9279E+11	CENTRO TECNICO DE CONSTRUCCIONES	J	9	1	50				2,001E+12	2460,06	2434,64	28/4/2026	28/5/2026	28/5/2026	30	30	3	2434,64	0	0	0	0	0	0	2434,64	0	0	0	0	0	0	2460,06
SR00535	31/5/2026	R	1,79024E+12	CHAIDE Y CHAIDE S,A,	J	17	1	52				1,001E+12	31134,47	30728,37	21/5/2026	31/5/2026	31/5/2026	10	10	0	0	0	30728,37	0	0	0	0	0	0	0	0	0	0	0	31134,47
SR00535	31/5/2026	R	1,79024E+12	CHAIDE Y CHAIDE S,A,	J	17	1	52				2,001E+12	10689,88	10550,45	28/5/2026	7/6/2026	7/6/2026	10	10	0	0	0	10550,45	0	0	0	0	0	0	0	0	0	0	0	10689,88
SR00535	31/5/2026	R	1,79024E+12	CHAIDE Y CHAIDE S,A,	J	17	1	52				1,001E+12	6563,79	6478,17	27/5/2026	6/6/2026	6/6/2026	10	10	0	0	0	6478,17	0	0	0	0	0	0	0	0	0	0	0	6563,79
SR00535	31/5/2026	R	1,79024E+12	CHAIDE Y CHAIDE S,A,	J	17	1	52				1,001E+12	14930,86	14930,86	29/5/2026	8/6/2026	8/6/2026	10	10	0	0	0	14930,86	0	0	0	0	0	0	0	0	0	0	0	14930,86
SR00535	31/5/2026	R	1,79024E+12	CHAIDE Y CHAIDE S,A,	J	17	1	52				1,001E+12	30422,82	30026	26/5/2026	5/6/2026	5/6/2026	10	10	0	0	0	30026	0	0	0	0	0	0	0	0	0	0	0	30422,82
SR00535	31/5/2026	R	1,79024E+12	CHAIDE Y CHAIDE S,A,	J	17	1	52				1,001E+12	30838,5	30436,26	27/5/2026	6/6/2026	6/6/2026	10	10	0	0	0	30436,26	0	0	0	0	0	0	0	0	0	0	0	30838,5
SR00535	31/5/2026	R	1,79024E+12	CHAIDE Y CHAIDE S,A,	J	17	1	52				1,001E+12	14542,31	14352,63	21/5/2026	31/5/2026	31/5/2026	10	10	0	0	0	14352,63	0	0	0	0	0	0	0	0	0	0	0	14542,31
SR00535	31/5/2026	R	1,79024E+12	CHAIDE Y CHAIDE S,A,	J	17	1	52				1,001E+12	30828,95	30828,95	28/5/2026	7/6/2026	7/6/2026	10	10	0	0	0	30828,95	0	0	0	0	0	0	0	0	0	0	0	30828,95
SR00535	31/5/2026	R	1,79024E+12	CHAIDE Y CHAIDE S,A,	J	17	1	52				1,001E+12	32108,41	31689,6	21/5/2026	31/5/2026	31/5/2026	10	10	0	0	0	31689,6	0	0	0	0	0	0	0	0	0	0	0	32108,41
SR00535	31/5/2026	R	9,12873E+11	CHALEN RODRIGUEZ LUIS CESAR	N	24	1	54	M	C	I	2,001E+12	1994,42	1994,42	21/5/2026	20/6/2026	20/6/2026	30	30	0	0	0	1994,42	0	0	0	0	0	0	0	0	0	0	0	1994,42
SR00535	31/5/2026	C	1104347339	CHAVEZ PERALTA MARIA GABRIELA	N	11	1	50	F	C	I	3,001E+12	1633,67	1465,1	28/5/2026	7/7/2026	7/7/2026	40	40	0	0	0	0	1465,1	0	0	0	0	0	0	0	0	0	0	1633,67
SR00535	31/5/2026	C	1104347339	CHAVEZ PERALTA MARIA GABRIELA	N	11	1	50	F	C	I	3,001E+12	604,29	604,29	26/5/2026	5/7/2026	5/7/2026	40	40	0	0	0	0	604,29	0	0	0	0	0	0	0	0	0	0	604,29
SR00535	31/5/2026	C	200676781	CHILENO MILAN SANTIAGO	N	21	4	50	M	C	I	1,001E+12	666,68	666,68	9/4/2026	19/5/2026	19/5/2026	40	40	12	666,68	0	0	0	0	0	0	666,68	0	0	0	0	0	0	666,68
SR00535	31/5/2026	C	200676781	CHILENO MILAN SANTIAGO	N	21	4	50	M	C	I	1,001E+12	257,63	257,63	23/4/2026	2/6/2026	2/6/2026	40	40	0	0	0	257,63	0	0	0	0	0	0	0	0	0	0	0	257,63
SR00535	31/5/2026	C	200676781	CHILENO MILAN SANTIAGO	N	21	4	50	M	C	I	1,001E+12	418,72	379,1	25/3/2026	4/5/2026	4/5/2026	40	40	27	379,1	0	0	0	0	0	0	379,1	0	0	0	0	0	0	418,72
SR00535	31/5/2026	R	7,91708E+11	COELSA CIA, LTDA,	J	7	1	2				3,001E+12	383,04	378,04	16/5/2026	5/7/2026	5/7/2026	50	50	0	0	0	0	378,04	0	0	0	0	0	0	0	0	0	0	383,04
SR00535	31/5/2026	R	7,91708E+11	COELSA CIA, LTDA,	J	7	1	2				3,001E+12	213,88	211,09	9/4/2026	29/5/2026	29/5/2026	50	50	2	211,09	0	0	0	0	0	0	211,09	0	0	0	0	0	0	213,88
SR00535	31/5/2026	R	7,91708E+11	COELSA CIA, LTDA,	J	7	1	2				3,001E+12	4213,75	451,93	30/3/2026	19/5/2026	19/5/2026	50	50	12	451,93	0	0	0	0	0	0	451,93	0	0	0	0	0	0	4213,75
SR00535	31/5/2026	R	7,91708E+11	COELSA CIA, LTDA,	J	7	1	2				3,001E+12	7701,14	7600,69	22/4/2026	11/6/2026	11/6/2026	50	50	0	0	0	7600,69	0	0	0	0	0	0	0	0	0	0	0	7701,14
SR00535	31/5/2026	R	7,91708E+11	COELSA CIA, LTDA,	J	7	1	2				3,001E+12	713,31	704,01	22/4/2026	11/6/2026	11/6/2026	50	50	0	0	0	704,01	0	0	0	0	0	0	0	0	0	0	0	713,31
SR00535	31/5/2026	R	7,91708E+11	COELSA CIA, LTDA,	J	7	1	2				3,001E+12	465,42	459,35	7/5/2026	26/6/2026	26/6/2026	50	50	0	0	0	459,35	0	0	0	0	0	0	0	0	0	0	0	465,42
SR00535	31/5/2026	R	7,91708E+11	COELSA CIA, LTDA,	J	7	1	2				3,001E+12	343,06	338,58	6/4/2026	26/5/2026	26/5/2026	50	50	5	338,58	0	0	0	0	0	0	338,58	0	0	0	0	0	0	343,06
SR00535	31/5/2026	R	7,91708E+11	COELSA CIA, LTDA,	J	7	1	2				3,001E+12	13281,12	13107,89	30/3/2026	19/5/2026	19/5/2026	50	50	12	13107,89	0	0	0	0	0	0	13107,89	0	0	0	0	0	0	13281,12
SR00535	31/5/2026	R	7,91708E+11	COELSA CIA, LTDA,	J	7	1	2				3,001E+12	7869,45	7766,8	7/4/2026	27/5/2026	27/5/2026	50	50	4	7766,8	0	0	0	0	0	0	7766,8	0	0	0	0	0	0	7869,45
SR00535	31/5/2026	R	7,91708E+11	COELSA CIA, LTDA,	J	7	1	2				3,001E+12	1783,26	1760	22/4/2026	11/6/2026	11/6/2026	50	50	0	0	0	1760	0	0	0	0	0	0	0	0	0	0	0	1783,26
SR00535	31/5/2026	R	7,91708E+11	COELSA CIA, LTDA,	J	7	1	2				3,001E+12	412,08	406,7	27/5/2026	16/7/2026	16/7/2026	50	50	0	0	0	0	406,7	0	0	0	0	0	0	0	0	0	0	412,08
SR00535	31/5/2026	R	7,91708E+11	COELSA CIA, LTDA,	J	7	1	2				3,001E+12	161,51	159,4	5/5/2026	24/6/2026	24/6/2026	50	50	0	0	0	159,4	0	0	0	0	0	0	0	0	0	0	0	161,51
SR00535	31/5/2026	R	7,91708E+11	COELSA CIA, LTDA,	J	7	1	2				3,001E+12	7048,86	6956,92	19/5/2026	8/7/2026	8/7/2026	50	50	0	0	0	0	6956,92	0	0	0	0	0	0	0	0	0	0	7048,86
SR00535	31/5/2026	R	7,91708E+11	COELSA CIA, LTDA,	J	7	1	2				3,001E+12	1337,44	1319,99	11/5/2026	30/6/2026	30/6/2026	50	50	0	0	0	1319,99	0	0	0	0	0	0	0	0	0	0	0	1337,44
SR00535	31/5/2026	R	7,91708E+11	COELSA CIA, LTDA,	J	7	1	2				3,001E+12	8572,54	8460,72	7/5/2026	26/6/2026	26/6/2026	50	50	0	0	0	8460,72	0	0	0	0	0	0	0	0	0	0	0	8572,54
SR00535	31/5/2026	R	7,91708E+11	COELSA CIA, LTDA,	J	7	1	2				3,001E+12	315,12	311,01	30/3/2026	19/5/2026	19/5/2026	50	50	12	311,01	0	0	0	0	0	0	311,01	0	0	0	0	0	0	315,12
SR00535	31/5/2026	R	7,91708E+11	COELSA CIA, LTDA,	J	7	1	2				3,001E+12	871,86	860,49	14/5/2026	3/7/2026	3/7/2026	50	50	0	0	0	0	860,49	0	0	0	0	0	0	0	0	0	0	871,86
SR00535	31/5/2026	R	1,29172E+12	COLBAPI S,A,	J	12	1	1				2,001E+12	1038,61	1038,61	21/5/2026	30/6/2026	30/6/2026	40	40	0	0	0	1038,61	0	0	0	0	0	0	0	0	0	0	0	1038,61
SR00535	31/5/2026	R	1,29172E+12	COLBAPI S,A,	J	12	1	1				2,001E+12	548,7	548,7	7/5/2026	16/6/2026	16/6/2026	40	40	0	0	0	548,7	0	0	0	0	0	0	0	0	0	0	0	548,7
SR00535	31/5/2026	R	1,29172E+12	COLBAPI S,A,	J	12	1	1				2,001E+12	716,53	716,53	21/5/2026	30/6/2026	30/6/2026	40	40	0	0	0	716,53	0	0	0	0	0	0	0	0	0	0	0	716,53
SR00535	31/5/2026	R	1,29172E+12	COLBAPI S,A,	J	12	1	1				2,001E+12	519,33	519,33	18/5/2026	27/6/2026	27/6/2026	40	40	0	0	0	519,33	0	0	0	0	0	0	0	0	0	0	0	519,33
SR00535	31/5/2026	R	1,29172E+12	COLBAPI S,A,	J	12	1	1				2,001E+12	674,44	674,44	14/5/2026	23/6/2026	23/6/2026	40	40	0	0	0	674,44	0	0	0	0	0	0	0	0	0	0	0	674,44
SR00535	31/5/2026	R	1,29172E+12	COLBAPI S,A,	J	12	1	1				2,001E+12	1041,52	1041,52	11/5/2026	20/6/2026	20/6/2026	40	40	0	0	0	1041,52	0	0	0	0	0	0	0	0	0	0	0	1041,52
SR00535	31/5/2026	R	1,29172E+12	COLBAPI S,A,	J	12	1	1				2,001E+12	470,93	470,93	18/5/2026	27/6/2026	27/6/2026	40	40	0	0	0	470,93	0	0	0	0	0	0	0	0	0	0	0	470,93
SR00535	31/5/2026	R	1,29172E+12	COLBAPI S,A,	J	12	1	1				2,001E+12	1725,44	1725,44	14/5/2026	23/6/2026	23/6/2026	40	40	0	0	0	1725,44	0	0	0	0	0	0	0	0	0	0	0	1725,44
SR00535	31/5/2026	R	1,29172E+12	COLBAPI S,A,	J	12	1	1				2,001E+12	881,9	881,9	23/4/2026	2/6/2026	2/6/2026	40	40	0	0	0	881,9	0	0	0	0	0	0	0	0	0	0	0	881,9
SR00535	31/5/2026	R	1,79108E+12	COMERCIAL CANO LASTRA COMPANIA	J	17	1	84				1,001E+12	449,24	443,38	21/5/2026	30/6/2026	30/6/2026	40	40	0	0	0	443,38	0	0	0	0	0	0	0	0	0	0	0	449,24
SR00535	31/5/2026	R	1,79108E+12	COMERCIAL CANO LASTRA COMPANIA	J	17	1	84				1,001E+12	1678,25	1656,36	26/5/2026	5/7/2026	5/7/2026	40	40	0	0	0	0	1656,36	0	0	0	0	0	0	0	0	0	0	1678,25
SR00535	31/5/2026	R	1,79108E+12	COMERCIAL CANO LASTRA COMPANIA	J	17	1	84				1,001E+12	449,24	443,38	21/5/2026	30/6/2026	30/6/2026	40	40	0	0	0	443,38	0	0	0	0	0	0	0	0	0	0	0	449,24
SR00535	31/5/2026	R	1,79108E+12	COMERCIAL CANO LASTRA COMPANIA	J	17	1	84				1,001E+12	141,63	139,78	26/5/2026	5/7/2026	5/7/2026	40	40	0	0	0	0	139,78	0	0	0	0	0	0	0	0	0	0	141,63
SR00535	31/5/2026	R	1,79108E+12	COMERCIAL CANO LASTRA COMPANIA	J	17	1	84				1,001E+12	1206,79	1191,05	28/5/2026	7/7/2026	7/7/2026	40	40	0	0	0	0	1191,05	0	0	0	0	0	0	0	0	0	0	1206,79
SR00535	31/5/2026	R	1,79108E+12	COMERCIAL CANO LASTRA COMPANIA	J	17	1	84				1,001E+12	795,26	784,89	26/5/2026	5/7/2026	5/7/2026	40	40	0	0	0	0	784,89	0	0	0	0	0	0	0	0	0	0	795,26
SR00535	31/5/2026	R	1,79108E+12	COMERCIAL CANO LASTRA COMPANIA	J	17	1	84				1,001E+12	204,31	201,64	28/5/2026	7/7/2026	7/7/2026	40	40	0	0	0	0	201,64	0	0	0	0	0	0	0	0	0	0	204,31
SR00535	31/5/2026	R	1,79108E+12	COMERCIAL CANO LASTRA COMPANIA	J	17	1	84				1,001E+12	1831,56	1807,67	26/5/2026	5/7/2026	5/7/2026	40	40	0	0	0	0	1807,67	0	0	0	0	0	0	0	0	0	0	1831,56
SR00535	31/5/2026	R	1,79108E+12	COMERCIAL CANO LASTRA COMPANIA	J	17	1	84				1,001E+12	3331,32	3287,87	21/5/2026	30/6/2026	30/6/2026	40	40	0	0	0	3287,87	0	0	0	0	0	0	0	0	0	0	0	3331,32
SR00535	31/5/2026	R	1,79108E+12	COMERCIAL CANO LASTRA COMPANIA	J	17	1	84				1,001E+12	2419,55	2387,99	28/5/2026	7/7/2026	7/7/2026	40	40	0	0	0	0	2387,99	0	0	0	0	0	0	0	0	0	0	2419,55
SR00535	31/5/2026	R	1,79108E+12	COMERCIAL CANO LASTRA COMPANIA	J	17	1	84				1,001E+12	254,94	251,61	26/5/2026	5/7/2026	5/7/2026	40	40	0	0	0	0	251,61	0	0	0	0	0	0	0	0	0	0	254,94
SR00535	31/5/2026	R	1,79108E+12	COMERCIAL CANO LASTRA COMPANIA	J	17	1	84				1,001E+12	5779,46	5704,08	21/5/2026	30/6/2026	30/6/2026	40	40	0	0	0	5704,08	0	0	0	0	0	0	0	0	0	0	0	5779,46
SR00535	31/5/2026	R	1,79108E+12	COMERCIAL CANO LASTRA COMPANIA	J	17	1	84				1,001E+12	1613,04	1592	28/5/2026	7/7/2026	7/7/2026	40	40	0	0	0	0	1592	0	0	0	0	0	0	0	0	0	0	1613,04
SR00535	31/5/2026	R	1,79108E+12	COMERCIAL CANO LASTRA COMPANIA	J	17	1	84				1,001E+12	1206,79	1191,05	28/5/2026	7/7/2026	7/7/2026	40	40	0	0	0	0	1191,05	0	0	0	0	0	0	0	0	0	0	1206,79
SR00535	31/5/2026	R	1,79108E+12	COMERCIAL CANO LASTRA COMPANIA	J	17	1	84				1,001E+12	141,63	139,78	25/5/2026	4/7/2026	4/7/2026	40	40	0	0	0	0	139,78	0	0	0	0	0	0	0	0	0	0	141,63
SR00535	31/5/2026	R	1,79108E+12	COMERCIAL CANO LASTRA COMPANIA	J	17	1	84				1,001E+12	2196,19	2167,54	28/5/2026	7/7/2026	7/7/2026	40	40	0	0	0	0	2167,54	0	0	0	0	0	0	0	0	0	0	2196,19
SR00535	31/5/2026	R	1,79108E+12	COMERCIAL CANO LASTRA COMPANIA	J	17	1	84				1,001E+12	5128,3	5061,41	21/5/2026	30/6/2026	30/6/2026	40	40	0	0	0	5061,41	0	0	0	0	0	0	0	0	0	0	0	5128,3
SR00535	31/5/2026	R	1,79108E+12	COMERCIAL CANO LASTRA COMPANIA	J	17	1	84				1,001E+12	81,73	80,66	28/5/2026	7/7/2026	7/7/2026	40	40	0	0	0	0	80,66	0	0	0	0	0	0	0	0	0	0	81,73
SR00535	31/5/2026	R	1,79108E+12	COMERCIAL CANO LASTRA COMPANIA	J	17	1	84				1,001E+12	2797,24	2760,75	21/5/2026	30/6/2026	30/6/2026	40	40	0	0	0	2760,75	0	0	0	0	0	0	0	0	0	0	0	2797,24
SR00535	31/5/2026	R	1,79108E+12	COMERCIAL CANO LASTRA COMPANIA	J	17	1	84				1,001E+12	339,93	335,5	21/5/2026	30/6/2026	30/6/2026	40	40	0	0	0	335,5	0	0	0	0	0	0	0	0	0	0	0	339,93
SR00535	31/5/2026	R	1,20375E+12	COMERCIAL DAVID	N	12	3	50	F	C	I	2,001E+12	214,57	214,57	18/5/2026	27/6/2026	27/6/2026	40	40	0	0	0	214,57	0	0	0	0	0	0	0	0	0	0	0	214,57
SR00535	31/5/2026	R	1,20375E+12	COMERCIAL DAVID	N	12	3	50	F	C	I	2,001E+12	2708,27	2708,27	7/5/2026	16/6/2026	16/6/2026	40	40	0	0	0	2708,27	0	0	0	0	0	0	0	0	0	0	0	2708,27
SR00535	31/5/2026	R	1,20375E+12	COMERCIAL DAVID	N	12	3	50	F	C	I	2,001E+12	2783,17	2709,41	7/5/2026	16/6/2026	16/6/2026	40	40	0	0	0	2709,41	0	0	0	0	0	0	0	0	0	0	0	2783,17
SR00535	31/5/2026	R	1,79004E+12	COMERCIAL KYWI S,A,	J	17	1	3				1,001E+12	7315,06	7219,65	20/5/2026	30/5/2026	30/5/2026	10	10	1	7219,65	0	0	0	0	0	0	7219,65	0	0	0	0	0	0	7315,06
SR00535	31/5/2026	R	1,79004E+12	COMERCIAL KYWI S,A,	J	17	1	3				1,001E+12	255,3	251,97	25/5/2026	4/6/2026	4/6/2026	10	10	0	0	0	251,97	0	0	0	0	0	0	0	0	0	0	0	255,3
SR00535	31/5/2026	R	1,79004E+12	COMERCIAL KYWI S,A,	J	17	1	3				1,001E+12	8217,28	8096,71	13/5/2026	23/5/2026	23/5/2026	10	10	8	8096,71	0	0	0	0	0	0	8096,71	0	0	0	0	0	0	8217,28
SR00535	31/5/2026	R	1,79004E+12	COMERCIAL KYWI S,A,	J	17	1	3				1,001E+12	10637,36	10251,23	26/5/2026	5/6/2026	5/6/2026	10	10	0	0	0	10251,23	0	0	0	0	0	0	0	0	0	0	0	10637,36
SR00535	31/5/2026	R	1,79004E+12	COMERCIAL KYWI S,A,	J	17	1	3				1,001E+12	554,78	554,78	28/5/2026	7/6/2026	7/6/2026	10	10	0	0	0	554,78	0	0	0	0	0	0	0	0	0	0	0	554,78
SR00535	31/5/2026	R	1,79004E+12	COMERCIAL KYWI S,A,	J	17	1	3				1,001E+12	153,2	151,2	28/5/2026	7/6/2026	7/6/2026	10	10	0	0	0	151,2	0	0	0	0	0	0	0	0	0	0	0	153,2
SR00535	31/5/2026	R	1,79004E+12	COMERCIAL KYWI S,A,	J	17	1	3				1,001E+12	11722,09	11569,19	13/5/2026	23/5/2026	23/5/2026	10	10	8	11569,19	0	0	0	0	0	0	11569,19	0	0	0	0	0	0	11722,09
SR00535	31/5/2026	R	1,79004E+12	COMERCIAL KYWI S,A,	J	17	1	3				1,001E+12	3499,92	3454,27	13/5/2026	23/5/2026	23/5/2026	10	10	8	3454,27	0	0	0	0	0	0	3454,27	0	0	0	0	0	0	3499,92
SR00535	31/5/2026	R	1,79004E+12	COMERCIAL KYWI S,A,	J	17	1	3				1,001E+12	9613,76	9488,36	20/5/2026	30/5/2026	30/5/2026	10	10	1	9488,36	0	0	0	0	0	0	9488,36	0	0	0	0	0	0	9613,76
SR00535	31/5/2026	R	1,79004E+12	COMERCIAL KYWI S,A,	J	17	1	3				1,001E+12	113,31	111,83	21/5/2026	31/5/2026	31/5/2026	10	10	0	0	0	111,83	0	0	0	0	0	0	0	0	0	0	0	113,31
SR00535	31/5/2026	R	1,79004E+12	COMERCIAL KYWI S,A,	J	17	1	3				3,001E+12	402,57	397,32	20/5/2026	30/5/2026	30/5/2026	10	10	1	397,32	0	0	0	0	0	0	397,32	0	0	0	0	0	0	402,57
SR00535	31/5/2026	R	1,79004E+12	COMERCIAL KYWI S,A,	J	17	1	3				1,001E+12	166,54	166,54	29/5/2026	8/6/2026	8/6/2026	10	10	0	0	0	166,54	0	0	0	0	0	0	0	0	0	0	0	166,54
SR00535	31/5/2026	R	1,79004E+12	COMERCIAL KYWI S,A,	J	17	1	3				1,001E+12	253,24	249,94	28/5/2026	7/6/2026	7/6/2026	10	10	0	0	0	249,94	0	0	0	0	0	0	0	0	0	0	0	253,24
SR00535	31/5/2026	R	1,79004E+12	COMERCIAL KYWI S,A,	J	17	1	3				1,001E+12	14647,37	14337,24	27/5/2026	6/6/2026	6/6/2026	10	10	0	0	0	14337,24	0	0	0	0	0	0	0	0	0	0	0	14647,37
SR00535	31/5/2026	R	1,79004E+12	COMERCIAL KYWI S,A,	J	17	1	3				1,001E+12	916,26	904,31	21/5/2026	31/5/2026	31/5/2026	10	10	0	0	0	904,31	0	0	0	0	0	0	0	0	0	0	0	916,26
SR00535	31/5/2026	R	1,79004E+12	COMERCIAL KYWI S,A,	J	17	1	3				1,001E+12	6898,87	6738,45	27/5/2026	6/6/2026	6/6/2026	10	10	0	0	0	6738,45	0	0	0	0	0	0	0	0	0	0	0	6898,87
SR00535	31/5/2026	R	1,79004E+12	COMERCIAL KYWI S,A,	J	17	1	3				1,001E+12	255,7	252,36	12/5/2026	22/5/2026	22/5/2026	10	10	9	252,36	0	0	0	0	0	0	252,36	0	0	0	0	0	0	255,7
SR00535	31/5/2026	R	1,79004E+12	COMERCIAL KYWI S,A,	J	17	1	3				2,001E+12	1335,58	1318,16	5/5/2026	15/5/2026	15/5/2026	10	10	16	1318,16	0	0	0	0	0	0	1318,16	0	0	0	0	0	0	1335,58
SR00535	31/5/2026	R	1,79004E+12	COMERCIAL KYWI S,A,	J	17	1	3				1,001E+12	177,27	174,96	20/5/2026	30/5/2026	30/5/2026	10	10	1	174,96	0	0	0	0	0	0	174,96	0	0	0	0	0	0	177,27
SR00535	31/5/2026	R	1,79004E+12	COMERCIAL KYWI S,A,	J	17	1	3				1,001E+12	341,11	336,66	15/5/2026	25/5/2026	25/5/2026	10	10	6	336,66	0	0	0	0	0	0	336,66	0	0	0	0	0	0	341,11
SR00535	31/5/2026	R	1,79004E+12	COMERCIAL KYWI S,A,	J	17	1	3				1,001E+12	1383,09	1365,05	20/5/2026	30/5/2026	30/5/2026	10	10	1	1365,05	0	0	0	0	0	0	1365,05	0	0	0	0	0	0	1383,09
SR00535	31/5/2026	R	1,79004E+12	COMERCIAL KYWI S,A,	J	17	1	3				1,001E+12	830,04	800,5	26/5/2026	5/6/2026	5/6/2026	10	10	0	0	0	800,5	0	0	0	0	0	0	0	0	0	0	0	830,04
SR00535	31/5/2026	R	1,79004E+12	COMERCIAL KYWI S,A,	J	17	1	3				1,001E+12	2564,81	2531,36	20/5/2026	30/5/2026	30/5/2026	10	10	1	2531,36	0	0	0	0	0	0	2531,36	0	0	0	0	0	0	2564,81
SR00535	31/5/2026	R	1,79004E+12	COMERCIAL KYWI S,A,	J	17	1	3				1,001E+12	153,42	151,42	8/5/2026	18/5/2026	18/5/2026	10	10	13	151,42	0	0	0	0	0	0	151,42	0	0	0	0	0	0	153,42
SR00535	31/5/2026	R	1,79004E+12	COMERCIAL KYWI S,A,	J	17	1	3				1,001E+12	1236,1	1219,98	20/5/2026	30/5/2026	30/5/2026	10	10	1	1219,98	0	0	0	0	0	0	1219,98	0	0	0	0	0	0	1236,1
SR00535	31/5/2026	R	1,79004E+12	COMERCIAL KYWI S,A,	J	17	1	3				1,001E+12	2141,4	2113,47	19/5/2026	29/5/2026	29/5/2026	10	10	2	2113,47	0	0	0	0	0	0	2113,47	0	0	0	0	0	0	2141,4
SR00535	31/5/2026	R	1,79004E+12	COMERCIAL KYWI S,A,	J	17	1	3				1,001E+12	613,15	605,15	17/5/2026	27/5/2026	27/5/2026	10	10	4	605,15	0	0	0	0	0	0	605,15	0	0	0	0	0	0	613,15
SR00535	31/5/2026	R	1,792E+12	COMERCIAL MICHELENA S,A,	J	17	1	6				1,001E+12	4032,6	3980	29/4/2026	28/6/2026	28/6/2026	60	60	0	0	0	3980	0	0	0	0	0	0	0	0	0	0	0	4032,6
SR00535	31/5/2026	R	1,792E+12	COMERCIAL MICHELENA S,A,	J	17	1	6				1,001E+12	3382,59	3382,59	31/5/2026	30/7/2026	30/7/2026	60	60	0	0	0	0	3382,59	0	0	0	0	0	0	0	0	0	0	3382,59
SR00535	31/5/2026	R	1,792E+12	COMERCIAL MICHELENA S,A,	J	17	1	6				1,001E+12	5685,86	5611,7	16/4/2026	15/6/2026	15/6/2026	60	60	0	0	0	5611,7	0	0	0	0	0	0	0	0	0	0	0	5685,86
SR00535	31/5/2026	R	1,792E+12	COMERCIAL MICHELENA S,A,	J	17	1	6				1,001E+12	2479,88	2447,53	16/4/2026	15/6/2026	15/6/2026	60	60	0	0	0	2447,53	0	0	0	0	0	0	0	0	0	0	0	2479,88
SR00535	31/5/2026	R	1,792E+12	COMERCIAL MICHELENA S,A,	J	17	1	6				1,001E+12	9802,74	9674,88	8/4/2026	7/6/2026	7/6/2026	60	60	0	0	0	9674,88	0	0	0	0	0	0	0	0	0	0	0	9802,74
SR00535	31/5/2026	R	1,792E+12	COMERCIAL MICHELENA S,A,	J	17	1	6				1,001E+12	2471,02	2438,79	16/4/2026	15/6/2026	15/6/2026	60	60	0	0	0	2438,79	0	0	0	0	0	0	0	0	0	0	0	2471,02
SR00535	31/5/2026	R	1,792E+12	COMERCIAL MICHELENA S,A,	J	17	1	6				1,001E+12	1290,39	1273,56	25/5/2026	24/7/2026	24/7/2026	60	60	0	0	0	0	1273,56	0	0	0	0	0	0	0	0	0	0	1290,39
SR00535	31/5/2026	R	1,792E+12	COMERCIAL MICHELENA S,A,	J	17	1	6				1,001E+12	23161,7	21661,67	23/4/2026	22/6/2026	22/6/2026	60	60	0	0	0	21661,67	0	0	0	0	0	0	0	0	0	0	0	23161,7
SR00535	31/5/2026	R	1,792E+12	COMERCIAL MICHELENA S,A,	J	17	1	6				1,001E+12	7672,32	7672,32	31/5/2026	30/7/2026	30/7/2026	60	60	0	0	0	0	7672,32	0	0	0	0	0	0	0	0	0	0	7672,32
SR00535	31/5/2026	R	1,792E+12	COMERCIAL MICHELENA S,A,	J	17	1	6				1,001E+12	24325,26	24325,26	31/5/2026	30/7/2026	30/7/2026	60	60	0	0	0	0	24325,26	0	0	0	0	0	0	0	0	0	0	24325,26
SR00535	31/5/2026	R	1,792E+12	COMERCIAL MICHELENA S,A,	J	17	1	6				1,001E+12	106,31	104,92	29/5/2026	28/7/2026	28/7/2026	60	60	0	0	0	0	104,92	0	0	0	0	0	0	0	0	0	0	106,31
SR00535	31/5/2026	R	1,792E+12	COMERCIAL MICHELENA S,A,	J	17	1	6				1,001E+12	8829,31	8714,14	8/4/2026	7/6/2026	7/6/2026	60	60	0	0	0	8714,14	0	0	0	0	0	0	0	0	0	0	0	8829,31
SR00535	31/5/2026	R	1,792E+12	COMERCIAL MICHELENA S,A,	J	17	1	6				1,001E+12	8869,51	8753,82	29/5/2026	28/7/2026	28/7/2026	60	60	0	0	0	0	8753,82	0	0	0	0	0	0	0	0	0	0	8869,51
SR00535	31/5/2026	R	1,792E+12	COMERCIAL MICHELENA S,A,	J	17	1	6				1,001E+12	526,33	519,46	27/4/2026	26/6/2026	26/6/2026	60	60	0	0	0	519,46	0	0	0	0	0	0	0	0	0	0	0	526,33
SR00535	31/5/2026	R	1,792E+12	COMERCIAL MICHELENA S,A,	J	17	1	6				1,001E+12	15806,58	14546,75	13/4/2026	12/6/2026	12/6/2026	60	60	0	0	0	14546,75	0	0	0	0	0	0	0	0	0	0	0	15806,58
SR00535	31/5/2026	R	1,792E+12	COMERCIAL MICHELENA S,A,	J	17	1	6				1,001E+12	5176,15	5176,15	31/5/2026	30/7/2026	30/7/2026	60	60	0	0	0	0	5176,15	0	0	0	0	0	0	0	0	0	0	5176,15
SR00535	31/5/2026	R	1,792E+12	COMERCIAL MICHELENA S,A,	J	17	1	6				1,001E+12	111,29	109,84	6/4/2026	5/6/2026	5/6/2026	60	60	0	0	0	109,84	0	0	0	0	0	0	0	0	0	0	0	111,29
SR00535	31/5/2026	R	1,792E+12	COMERCIAL MICHELENA S,A,	J	17	1	6				1,001E+12	786,88	776,62	26/5/2026	25/7/2026	25/7/2026	60	60	0	0	0	0	776,62	0	0	0	0	0	0	0	0	0	0	786,88
SR00535	31/5/2026	R	1,792E+12	COMERCIAL MICHELENA S,A,	J	17	1	6				1,001E+12	9440,93	9317,79	10/4/2026	9/6/2026	9/6/2026	60	60	0	0	0	9317,79	0	0	0	0	0	0	0	0	0	0	0	9440,93
SR00535	31/5/2026	R	1,792E+12	COMERCIAL MICHELENA S,A,	J	17	1	6				1,001E+12	4200,74	4145,95	15/4/2026	14/6/2026	14/6/2026	60	60	0	0	0	4145,95	0	0	0	0	0	0	0	0	0	0	0	4200,74
SR00535	31/5/2026	R	1,792E+12	COMERCIAL MICHELENA S,A,	J	17	1	6				1,001E+12	619,46	611,38	29/5/2026	28/7/2026	28/7/2026	60	60	0	0	0	0	611,38	0	0	0	0	0	0	0	0	0	0	619,46
SR00535	31/5/2026	R	1,792E+12	COMERCIAL MICHELENA S,A,	J	17	1	6				1,001E+12	211,83	209,07	6/4/2026	5/6/2026	5/6/2026	60	60	0	0	0	209,07	0	0	0	0	0	0	0	0	0	0	0	211,83
SR00535	31/5/2026	R	1,792E+12	COMERCIAL MICHELENA S,A,	J	17	1	6				1,001E+12	10537,73	9697,84	14/4/2026	13/6/2026	13/6/2026	60	60	0	0	0	9697,84	0	0	0	0	0	0	0	0	0	0	0	10537,73
SR00535	31/5/2026	R	1,792E+12	COMERCIAL MICHELENA S,A,	J	17	1	6				1,001E+12	1602,46	1581,56	19/5/2026	18/7/2026	18/7/2026	60	60	0	0	0	0	1581,56	0	0	0	0	0	0	0	0	0	0	1602,46
SR00535	31/5/2026	R	1,792E+12	COMERCIAL MICHELENA S,A,	J	17	1	6				1,001E+12	9884,1	9755,18	16/4/2026	15/6/2026	15/6/2026	60	60	0	0	0	9755,18	0	0	0	0	0	0	0	0	0	0	0	9884,1
SR00535	31/5/2026	R	1,792E+12	COMERCIAL MICHELENA S,A,	J	17	1	6				1,001E+12	914,94	903,01	29/5/2026	28/7/2026	28/7/2026	60	60	0	0	0	0	903,01	0	0	0	0	0	0	0	0	0	0	914,94
SR00535	31/5/2026	R	1,90316E+11	COMERCIAL ZARATE BACULIMA CIA LTDA	J	1	1	13				3,001E+12	1252,12	1252,12	26/3/2026	5/5/2026	5/5/2026	40	40	26	1252,12	0	0	0	0	0	0	1252,12	0	0	0	0	0	0	1252,12
SR00535	31/5/2026	R	1,90316E+11	COMERCIAL ZARATE BACULIMA CIA LTDA	J	1	1	13				3,001E+12	295,5	295,5	18/5/2026	27/6/2026	27/6/2026	40	40	0	0	0	295,5	0	0	0	0	0	0	0	0	0	0	0	295,5
SR00535	31/5/2026	R	1,90316E+11	COMERCIAL ZARATE BACULIMA CIA LTDA	J	1	1	13				3,001E+12	1507,16	1481,18	7/5/2026	16/6/2026	16/6/2026	40	40	0	0	0	1481,18	0	0	0	0	0	0	0	0	0	0	0	1507,16
SR00535	31/5/2026	R	1,90316E+11	COMERCIAL ZARATE BACULIMA CIA LTDA	J	1	1	13				3,001E+12	593,91	573,43	15/5/2026	24/6/2026	24/6/2026	40	40	0	0	0	573,43	0	0	0	0	0	0	0	0	0	0	0	593,91
SR00535	31/5/2026	R	1,90316E+11	COMERCIAL ZARATE BACULIMA CIA LTDA	J	1	1	13				3,001E+12	3507,06	3507,06	8/4/2026	18/5/2026	18/5/2026	40	40	13	3507,06	0	0	0	0	0	0	3507,06	0	0	0	0	0	0	3507,06
SR00535	31/5/2026	R	1,90316E+11	COMERCIAL ZARATE BACULIMA CIA LTDA	J	1	1	13				3,001E+12	5064,82	3756,42	20/3/2026	29/4/2026	29/4/2026	40	40	32	3756,42	0	0	0	0	0	0	0	3756,42	0	0	0	0	0	5064,82
SR00535	31/5/2026	R	1,90316E+11	COMERCIAL ZARATE BACULIMA CIA LTDA	J	1	1	13				3,001E+12	181,55	181,55	21/5/2026	30/6/2026	30/6/2026	40	40	0	0	0	181,55	0	0	0	0	0	0	0	0	0	0	0	181,55
SR00535	31/5/2026	R	1,90316E+11	COMERCIAL ZARATE BACULIMA CIA LTDA	J	1	1	13				3,001E+12	744,11	744,11	23/4/2026	2/6/2026	2/6/2026	40	40	0	0	0	744,11	0	0	0	0	0	0	0	0	0	0	0	744,11
SR00535	31/5/2026	R	1,90316E+11	COMERCIAL ZARATE BACULIMA CIA LTDA	J	1	1	13				3,001E+12	1510,35	1510,35	16/4/2026	26/5/2026	26/5/2026	40	40	5	1510,35	0	0	0	0	0	0	1510,35	0	0	0	0	0	0	1510,35
SR00535	31/5/2026	R	1,90316E+11	COMERCIAL ZARATE BACULIMA CIA LTDA	J	1	1	13				3,001E+12	908,74	908,74	24/4/2026	3/6/2026	3/6/2026	40	40	0	0	0	908,74	0	0	0	0	0	0	0	0	0	0	0	908,74
SR00535	31/5/2026	R	1,90316E+11	COMERCIAL ZARATE BACULIMA CIA LTDA	J	1	1	13				3,001E+12	474,93	474,93	27/3/2026	6/5/2026	6/5/2026	40	40	25	474,93	0	0	0	0	0	0	474,93	0	0	0	0	0	0	474,93
SR00535	31/5/2026	R	1,90316E+11	COMERCIAL ZARATE BACULIMA CIA LTDA	J	1	1	13				3,001E+12	1571,19	1544,11	4/5/2026	13/6/2026	13/6/2026	40	40	0	0	0	1544,11	0	0	0	0	0	0	0	0	0	0	0	1571,19
SR00535	31/5/2026	R	1,90316E+11	COMERCIAL ZARATE BACULIMA CIA LTDA	J	1	1	13				3,001E+12	2142,43	2142,43	23/4/2026	2/6/2026	2/6/2026	40	40	0	0	0	2142,43	0	0	0	0	0	0	0	0	0	0	0	2142,43
SR00535	31/5/2026	R	1,90316E+11	COMERCIAL ZARATE BACULIMA CIA LTDA	J	1	1	13				3,001E+12	279,37	279,37	18/4/2026	28/5/2026	28/5/2026	40	40	3	279,37	0	0	0	0	0	0	279,37	0	0	0	0	0	0	279,37
SR00535	31/5/2026	R	1,90316E+11	COMERCIAL ZARATE BACULIMA CIA LTDA	J	1	1	13				3,001E+12	7040,84	6919,45	5/5/2026	14/6/2026	14/6/2026	40	40	0	0	0	6919,45	0	0	0	0	0	0	0	0	0	0	0	7040,84
SR00535	31/5/2026	R	1,90316E+11	COMERCIAL ZARATE BACULIMA CIA LTDA	J	1	1	13				3,001E+12	785,47	785,47	24/4/2026	3/6/2026	3/6/2026	40	40	0	0	0	785,47	0	0	0	0	0	0	0	0	0	0	0	785,47
SR00535	31/5/2026	R	1,90316E+11	COMERCIAL ZARATE BACULIMA CIA LTDA	J	1	1	13				3,001E+12	7891,7	7891,7	8/4/2026	18/5/2026	18/5/2026	40	40	13	7891,7	0	0	0	0	0	0	7891,7	0	0	0	0	0	0	7891,7
SR00535	31/5/2026	R	1,90316E+11	COMERCIAL ZARATE BACULIMA CIA LTDA	J	1	1	13				3,001E+12	8670,93	8521,44	4/5/2026	13/6/2026	13/6/2026	40	40	0	0	0	8521,44	0	0	0	0	0	0	0	0	0	0	0	8670,93
SR00535	31/5/2026	R	1,90363E+11	COMERCIAL ZARATE CHALLUABAMBA CIA L	J	1	1	58				3,001E+12	618,96	580,2	16/4/2026	26/5/2026	26/5/2026	40	40	5	580,2	0	0	0	0	0	0	580,2	0	0	0	0	0	0	618,96
SR00535	31/5/2026	R	1,90363E+11	COMERCIAL ZARATE CHALLUABAMBA CIA L	J	1	1	58				3,001E+12	2784,39	2676,09	26/5/2026	5/7/2026	5/7/2026	40	40	0	0	0	0	2676,09	0	0	0	0	0	0	0	0	0	0	2784,39
SR00535	31/5/2026	R	1,90363E+11	COMERCIAL ZARATE CHALLUABAMBA CIA L	J	1	1	58				3,001E+12	231,17	231,17	16/4/2026	26/5/2026	26/5/2026	40	40	5	231,17	0	0	0	0	0	0	231,17	0	0	0	0	0	0	231,17
SR00535	31/5/2026	R	1,90363E+11	COMERCIAL ZARATE CHALLUABAMBA CIA L	J	1	1	58				3,001E+12	445,3	445,3	6/5/2026	15/6/2026	15/6/2026	40	40	0	0	0	445,3	0	0	0	0	0	0	0	0	0	0	0	445,3
SR00535	31/5/2026	R	1,90363E+11	COMERCIAL ZARATE CHALLUABAMBA CIA L	J	1	1	58				3,001E+12	1570,65	1570,65	21/5/2026	30/6/2026	30/6/2026	40	40	0	0	0	1570,65	0	0	0	0	0	0	0	0	0	0	0	1570,65
SR00535	31/5/2026	R	1,90363E+11	COMERCIAL ZARATE CHALLUABAMBA CIA L	J	1	1	58				3,001E+12	8670,93	8521,44	4/5/2026	13/6/2026	13/6/2026	40	40	0	0	0	8521,44	0	0	0	0	0	0	0	0	0	0	0	8670,93
SR00535	31/5/2026	R	1,90363E+11	COMERCIAL ZARATE CHALLUABAMBA CIA L	J	1	1	58				3,001E+12	279,37	279,37	18/4/2026	28/5/2026	28/5/2026	40	40	3	279,37	0	0	0	0	0	0	279,37	0	0	0	0	0	0	279,37
SR00535	31/5/2026	R	1,90363E+11	COMERCIAL ZARATE CHALLUABAMBA CIA L	J	1	1	58				3,001E+12	1811,69	1811,69	14/4/2026	24/5/2026	24/5/2026	40	40	7	1811,69	0	0	0	0	0	0	1811,69	0	0	0	0	0	0	1811,69
SR00535	31/5/2026	R	1,90363E+11	COMERCIAL ZARATE CHALLUABAMBA CIA L	J	1	1	58				3,001E+12	2636	2636	14/4/2026	24/5/2026	24/5/2026	40	40	7	2636	0	0	0	0	0	0	2636	0	0	0	0	0	0	2636
SR00535	31/5/2026	R	1,90363E+11	COMERCIAL ZARATE CHALLUABAMBA CIA L	J	1	1	58				3,001E+12	1166,09	1166,09	28/4/2026	7/6/2026	7/6/2026	40	40	0	0	0	1166,09	0	0	0	0	0	0	0	0	0	0	0	1166,09
SR00535	31/5/2026	R	1,90363E+11	COMERCIAL ZARATE CHALLUABAMBA CIA L	J	1	1	58				3,001E+12	5295,55	5204,25	4/5/2026	13/6/2026	13/6/2026	40	40	0	0	0	5204,25	0	0	0	0	0	0	0	0	0	0	0	5295,55
SR00535	31/5/2026	R	9,92708E+11	COMISARIATO DEL CONSTRUCTOR	J	9	1	5				2,001E+12	119,14	117,59	15/5/2026	14/7/2026	14/7/2026	60	60	0	0	0	0	117,59	0	0	0	0	0	0	0	0	0	0	119,14
SR00535	31/5/2026	R	9,92708E+11	COMISARIATO DEL CONSTRUCTOR	J	9	1	5				2,001E+12	1634,04	1558,27	4/5/2026	3/7/2026	3/7/2026	60	60	0	0	0	0	1558,27	0	0	0	0	0	0	0	0	0	0	1634,04
SR00535	31/5/2026	R	9,92708E+11	COMISARIATO DEL CONSTRUCTOR	J	9	1	5				1,001E+12	200,69	198,07	14/5/2026	13/7/2026	13/7/2026	60	60	0	0	0	0	198,07	0	0	0	0	0	0	0	0	0	0	200,69
SR00535	31/5/2026	R	9,92708E+11	COMISARIATO DEL CONSTRUCTOR	J	9	1	5				2,001E+12	148,73	146,79	25/3/2026	24/5/2026	24/5/2026	60	60	7	146,79	0	0	0	0	0	0	146,79	0	0	0	0	0	0	148,73
SR00535	31/5/2026	R	9,92708E+11	COMISARIATO DEL CONSTRUCTOR	J	9	1	5				2,001E+12	496,51	490,03	7/5/2026	6/7/2026	6/7/2026	60	60	0	0	0	0	490,03	0	0	0	0	0	0	0	0	0	0	496,51
SR00535	31/5/2026	R	9,92708E+11	COMISARIATO DEL CONSTRUCTOR	J	9	1	5				2,001E+12	482,75	476,45	7/5/2026	6/7/2026	6/7/2026	60	60	0	0	0	0	476,45	0	0	0	0	0	0	0	0	0	0	482,75
SR00535	31/5/2026	R	9,92708E+11	COMISARIATO DEL CONSTRUCTOR	J	9	1	5				2,001E+12	119,14	111,48	24/3/2026	23/5/2026	23/5/2026	60	60	8	111,48	0	0	0	0	0	0	111,48	0	0	0	0	0	0	119,14
SR00535	31/5/2026	R	9,92708E+11	COMISARIATO DEL CONSTRUCTOR	J	9	1	5				2,001E+12	119,14	117,59	28/5/2026	27/7/2026	27/7/2026	60	60	0	0	0	0	117,59	0	0	0	0	0	0	0	0	0	0	119,14
SR00535	31/5/2026	R	9,92708E+11	COMISARIATO DEL CONSTRUCTOR	J	9	1	5				2,001E+12	297,91	294,02	8/5/2026	7/7/2026	7/7/2026	60	60	0	0	0	0	294,02	0	0	0	0	0	0	0	0	0	0	297,91
SR00535	31/5/2026	R	9,92708E+11	COMISARIATO DEL CONSTRUCTOR	J	9	1	5				2,001E+12	818,47	807,79	7/5/2026	6/7/2026	6/7/2026	60	60	0	0	0	0	807,79	0	0	0	0	0	0	0	0	0	0	818,47
SR00535	31/5/2026	R	9,92708E+11	COMISARIATO DEL CONSTRUCTOR	J	9	1	5				2,001E+12	692,4	683,37	19/5/2026	18/7/2026	18/7/2026	60	60	0	0	0	0	683,37	0	0	0	0	0	0	0	0	0	0	692,4
SR00535	31/5/2026	R	9,92708E+11	COMISARIATO DEL CONSTRUCTOR	J	9	1	5				2,001E+12	97,68	96,41	6/5/2026	5/7/2026	5/7/2026	60	60	0	0	0	0	96,41	0	0	0	0	0	0	0	0	0	0	97,68
SR00535	31/5/2026	R	9,92708E+11	COMISARIATO DEL CONSTRUCTOR	J	9	1	5				2,001E+12	720,44	711,04	5/5/2026	4/7/2026	4/7/2026	60	60	0	0	0	0	711,04	0	0	0	0	0	0	0	0	0	0	720,44
SR00535	31/5/2026	R	9,92708E+11	COMISARIATO DEL CONSTRUCTOR	J	9	1	5				2,001E+12	84,47	83,37	27/5/2026	26/7/2026	26/7/2026	60	60	0	0	0	0	83,37	0	0	0	0	0	0	0	0	0	0	84,47
SR00535	31/5/2026	R	9,92708E+11	COMISARIATO DEL CONSTRUCTOR	J	9	1	5				2,001E+12	734,92	700,83	5/5/2026	4/7/2026	4/7/2026	60	60	0	0	0	0	700,83	0	0	0	0	0	0	0	0	0	0	734,92
SR00535	31/5/2026	R	9,92708E+11	COMISARIATO DEL CONSTRUCTOR	J	9	1	5				2,001E+12	307,19	292,94	4/5/2026	3/7/2026	3/7/2026	60	60	0	0	0	0	292,94	0	0	0	0	0	0	0	0	0	0	307,19
SR00535	31/5/2026	R	9,92708E+11	COMISARIATO DEL CONSTRUCTOR	J	9	1	5				2,001E+12	893,71	882,05	29/4/2026	28/6/2026	28/6/2026	60	60	0	0	0	882,05	0	0	0	0	0	0	0	0	0	0	0	893,71
SR00535	31/5/2026	R	9,92708E+11	COMISARIATO DEL CONSTRUCTOR	J	9	1	5				2,001E+12	910,41	898,53	8/5/2026	7/7/2026	7/7/2026	60	60	0	0	0	0	898,53	0	0	0	0	0	0	0	0	0	0	910,41
SR00535	31/5/2026	R	9,92708E+11	COMISARIATO DEL CONSTRUCTOR	J	9	1	5				1,001E+12	631,56	623,32	17/5/2026	16/7/2026	16/7/2026	60	60	0	0	0	0	623,32	0	0	0	0	0	0	0	0	0	0	631,56
SR00535	31/5/2026	R	9,92708E+11	COMISARIATO DEL CONSTRUCTOR	J	9	1	5				2,001E+12	213,54	210,75	28/5/2026	27/7/2026	27/7/2026	60	60	0	0	0	0	210,75	0	0	0	0	0	0	0	0	0	0	213,54
SR00535	31/5/2026	R	9,92708E+11	COMISARIATO DEL CONSTRUCTOR	J	9	1	5				2,001E+12	1727,5	1647,4	4/5/2026	3/7/2026	3/7/2026	60	60	0	0	0	0	1647,4	0	0	0	0	0	0	0	0	0	0	1727,5
SR00535	31/5/2026	R	9,92708E+11	COMISARIATO DEL CONSTRUCTOR	J	9	1	5				2,001E+12	1708,95	1629,7	6/5/2026	5/7/2026	5/7/2026	60	60	0	0	0	0	1629,7	0	0	0	0	0	0	0	0	0	0	1708,95
SR00535	31/5/2026	R	9,92708E+11	COMISARIATO DEL CONSTRUCTOR	J	9	1	5				3,001E+12	1998,83	1972,76	4/5/2026	3/7/2026	3/7/2026	60	60	0	0	0	0	1972,76	0	0	0	0	0	0	0	0	0	0	1998,83
SR00535	31/5/2026	R	9,92708E+11	COMISARIATO DEL CONSTRUCTOR	J	9	1	5				2,001E+12	379,74	374,79	8/5/2026	7/7/2026	7/7/2026	60	60	0	0	0	0	374,79	0	0	0	0	0	0	0	0	0	0	379,74
SR00535	31/5/2026	R	9,92708E+11	COMISARIATO DEL CONSTRUCTOR	J	9	1	5				2,001E+12	272,23	268,68	6/5/2026	5/7/2026	5/7/2026	60	60	0	0	0	0	268,68	0	0	0	0	0	0	0	0	0	0	272,23
SR00535	31/5/2026	R	9,92708E+11	COMISARIATO DEL CONSTRUCTOR	J	9	1	5				2,001E+12	240,14	237,01	6/5/2026	5/7/2026	5/7/2026	60	60	0	0	0	0	237,01	0	0	0	0	0	0	0	0	0	0	240,14
SR00535	31/5/2026	R	9,92708E+11	COMISARIATO DEL CONSTRUCTOR	J	9	1	5				1,001E+12	238,28	235,17	14/5/2026	13/7/2026	13/7/2026	60	60	0	0	0	0	235,17	0	0	0	0	0	0	0	0	0	0	238,28
SR00535	31/5/2026	R	9,92708E+11	COMISARIATO DEL CONSTRUCTOR	J	9	1	5				2,001E+12	692,4	683,37	8/5/2026	7/7/2026	7/7/2026	60	60	0	0	0	0	683,37	0	0	0	0	0	0	0	0	0	0	692,4
SR00535	31/5/2026	R	9,92708E+11	COMISARIATO DEL CONSTRUCTOR	J	9	1	5				2,001E+12	629,4	621,19	5/5/2026	4/7/2026	4/7/2026	60	60	0	0	0	0	621,19	0	0	0	0	0	0	0	0	0	0	629,4
SR00535	31/5/2026	R	9,92708E+11	COMISARIATO DEL CONSTRUCTOR	J	9	1	5				2,001E+12	3326,67	3172,41	30/4/2026	29/6/2026	29/6/2026	60	60	0	0	0	3172,41	0	0	0	0	0	0	0	0	0	0	0	3326,67
SR00535	31/5/2026	R	9,92708E+11	COMISARIATO DEL CONSTRUCTOR	J	9	1	5				2,001E+12	272,23	268,68	4/5/2026	3/7/2026	3/7/2026	60	60	0	0	0	0	268,68	0	0	0	0	0	0	0	0	0	0	272,23
SR00535	31/5/2026	R	9,92708E+11	COMISARIATO DEL CONSTRUCTOR	J	9	1	5				1,001E+12	342,62	338,15	12/5/2026	11/7/2026	11/7/2026	60	60	0	0	0	0	338,15	0	0	0	0	0	0	0	0	0	0	342,62
SR00535	31/5/2026	R	9,92708E+11	COMISARIATO DEL CONSTRUCTOR	J	9	1	5				2,001E+12	119,14	117,59	27/5/2026	26/7/2026	26/7/2026	60	60	0	0	0	0	117,59	0	0	0	0	0	0	0	0	0	0	119,14
SR00535	31/5/2026	R	9,92708E+11	COMISARIATO DEL CONSTRUCTOR	J	9	1	5				2,001E+12	1666,55	1644,81	6/5/2026	5/7/2026	5/7/2026	60	60	0	0	0	0	1644,81	0	0	0	0	0	0	0	0	0	0	1666,55
SR00535	31/5/2026	R	9,92708E+11	COMISARIATO DEL CONSTRUCTOR	J	9	1	5				2,001E+12	1921,16	1896,1	8/5/2026	7/7/2026	7/7/2026	60	60	0	0	0	0	1896,1	0	0	0	0	0	0	0	0	0	0	1921,16
SR00535	31/5/2026	R	9,92708E+11	COMISARIATO DEL CONSTRUCTOR	J	9	1	5				1,001E+12	8157,66	2898,24	13/5/2026	12/7/2026	12/7/2026	60	60	0	0	0	0	2898,24	0	0	0	0	0	0	0	0	0	0	8157,66
SR00535	31/5/2026	R	9,92708E+11	COMISARIATO DEL CONSTRUCTOR	J	9	1	5				2,001E+12	664,83	656,16	4/5/2026	3/7/2026	3/7/2026	60	60	0	0	0	0	656,16	0	0	0	0	0	0	0	0	0	0	664,83
SR00535	31/5/2026	R	9,92708E+11	COMISARIATO DEL CONSTRUCTOR	J	9	1	5				2,001E+12	291,86	288,05	27/3/2026	26/5/2026	26/5/2026	60	60	5	288,05	0	0	0	0	0	0	288,05	0	0	0	0	0	0	291,86
SR00535	31/5/2026	R	9,92708E+11	COMISARIATO DEL CONSTRUCTOR	J	9	1	5				2,001E+12	119,14	117,59	14/5/2026	13/7/2026	13/7/2026	60	60	0	0	0	0	117,59	0	0	0	0	0	0	0	0	0	0	119,14
SR00535	31/5/2026	R	9,92708E+11	COMISARIATO DEL CONSTRUCTOR	J	9	1	5				2,001E+12	238,28	235,17	15/5/2026	14/7/2026	14/7/2026	60	60	0	0	0	0	235,17	0	0	0	0	0	0	0	0	0	0	238,28
SR00535	31/5/2026	R	9,92708E+11	COMISARIATO DEL CONSTRUCTOR	J	9	1	5				1,001E+12	2957,54	2918,96	12/5/2026	11/7/2026	11/7/2026	60	60	0	0	0	0	2918,96	0	0	0	0	0	0	0	0	0	0	2957,54
SR00535	31/5/2026	R	9,92708E+11	COMISARIATO DEL CONSTRUCTOR	J	9	1	5				1,001E+12	901,39	859,59	5/5/2026	4/7/2026	4/7/2026	60	60	0	0	0	0	859,59	0	0	0	0	0	0	0	0	0	0	901,39
SR00535	31/5/2026	R	9,92708E+11	COMISARIATO DEL CONSTRUCTOR	J	9	1	5				2,001E+12	119,14	117,59	19/5/2026	18/7/2026	18/7/2026	60	60	0	0	0	0	117,59	0	0	0	0	0	0	0	0	0	0	119,14
SR00535	31/5/2026	R	9,92708E+11	COMISARIATO DEL CONSTRUCTOR	J	9	1	5				2,001E+12	238,28	235,17	14/5/2026	13/7/2026	13/7/2026	60	60	0	0	0	0	235,17	0	0	0	0	0	0	0	0	0	0	238,28
SR00535	31/5/2026	R	9,92708E+11	COMISARIATO DEL CONSTRUCTOR	J	9	1	5				2,001E+12	166,88	164,7	6/5/2026	5/7/2026	5/7/2026	60	60	0	0	0	0	164,7	0	0	0	0	0	0	0	0	0	0	166,88
SR00535	31/5/2026	R	9,92708E+11	COMISARIATO DEL CONSTRUCTOR	J	9	1	5				3,001E+12	1462,58	1394,75	5/5/2026	4/7/2026	4/7/2026	60	60	0	0	0	0	1394,75	0	0	0	0	0	0	0	0	0	0	1462,58
SR00535	31/5/2026	R	9,92708E+11	COMISARIATO DEL CONSTRUCTOR	J	9	1	5				2,001E+12	539,28	532,25	6/5/2026	5/7/2026	5/7/2026	60	60	0	0	0	0	532,25	0	0	0	0	0	0	0	0	0	0	539,28
SR00535	31/5/2026	R	9,92708E+11	COMISARIATO DEL CONSTRUCTOR	J	9	1	5				1,001E+12	2390,18	2359	12/5/2026	11/7/2026	11/7/2026	60	60	0	0	0	0	2359	0	0	0	0	0	0	0	0	0	0	2390,18
SR00535	31/5/2026	R	9,92708E+11	COMISARIATO DEL CONSTRUCTOR	J	9	1	5				2,001E+12	2540,98	2423,15	7/5/2026	6/7/2026	6/7/2026	60	60	0	0	0	0	2423,15	0	0	0	0	0	0	0	0	0	0	2540,98
SR00535	31/5/2026	R	9,92708E+11	COMISARIATO DEL CONSTRUCTOR	J	9	1	5				2,001E+12	747,96	738,2	5/5/2026	4/7/2026	4/7/2026	60	60	0	0	0	0	738,2	0	0	0	0	0	0	0	0	0	0	747,96
SR00535	31/5/2026	R	9,92708E+11	COMISARIATO DEL CONSTRUCTOR	J	9	1	5				2,001E+12	293,07	289,25	20/3/2026	19/5/2026	19/5/2026	60	60	12	289,25	0	0	0	0	0	0	289,25	0	0	0	0	0	0	293,07
SR00535	31/5/2026	R	9,92708E+11	COMISARIATO DEL CONSTRUCTOR	J	9	1	5				2,001E+12	238,28	235,17	28/5/2026	27/7/2026	27/7/2026	60	60	0	0	0	0	235,17	0	0	0	0	0	0	0	0	0	0	238,28
SR00535	31/5/2026	R	9,92708E+11	COMISARIATO DEL CONSTRUCTOR	J	9	1	5				2,001E+12	482,75	476,45	4/5/2026	3/7/2026	3/7/2026	60	60	0	0	0	0	476,45	0	0	0	0	0	0	0	0	0	0	482,75
SR00535	31/5/2026	R	9,92708E+11	COMISARIATO DEL CONSTRUCTOR	J	9	1	5				2,001E+12	2152,23	2124,16	5/5/2026	4/7/2026	4/7/2026	60	60	0	0	0	0	2124,16	0	0	0	0	0	0	0	0	0	0	2152,23
SR00535	31/5/2026	R	9,92708E+11	COMISARIATO DEL CONSTRUCTOR	J	9	1	5				2,001E+12	692,4	683,37	8/5/2026	7/7/2026	7/7/2026	60	60	0	0	0	0	683,37	0	0	0	0	0	0	0	0	0	0	692,4
SR00535	31/5/2026	R	9,92708E+11	COMISARIATO DEL CONSTRUCTOR	J	9	1	5				2,001E+12	117,22	115,69	6/5/2026	5/7/2026	5/7/2026	60	60	0	0	0	0	115,69	0	0	0	0	0	0	0	0	0	0	117,22
SR00535	31/5/2026	R	9,92708E+11	COMISARIATO DEL CONSTRUCTOR	J	9	1	5				2,001E+12	238,28	235,17	20/5/2026	19/7/2026	19/7/2026	60	60	0	0	0	0	235,17	0	0	0	0	0	0	0	0	0	0	238,28
SR00535	31/5/2026	R	9,92708E+11	COMISARIATO DEL CONSTRUCTOR	J	9	1	5				2,001E+12	571,88	564,42	30/4/2026	29/6/2026	29/6/2026	60	60	0	0	0	564,42	0	0	0	0	0	0	0	0	0	0	0	571,88
SR00535	31/5/2026	R	9,92708E+11	COMISARIATO DEL CONSTRUCTOR	J	9	1	5				2,001E+12	2198,57	2096,61	6/5/2026	5/7/2026	5/7/2026	60	60	0	0	0	0	2096,61	0	0	0	0	0	0	0	0	0	0	2198,57
SR00535	31/5/2026	R	9,92708E+11	COMISARIATO DEL CONSTRUCTOR	J	9	1	5				2,001E+12	456,42	450,47	8/5/2026	7/7/2026	7/7/2026	60	60	0	0	0	0	450,47	0	0	0	0	0	0	0	0	0	0	456,42
SR00535	31/5/2026	R	9,92708E+11	COMISARIATO DEL CONSTRUCTOR	J	9	1	5				2,001E+12	2992,44	2853,68	5/5/2026	4/7/2026	4/7/2026	60	60	0	0	0	0	2853,68	0	0	0	0	0	0	0	0	0	0	2992,44
SR00535	31/5/2026	R	9,92708E+11	COMISARIATO DEL CONSTRUCTOR	J	9	1	5				2,001E+12	396,12	390,95	7/5/2026	6/7/2026	6/7/2026	60	60	0	0	0	0	390,95	0	0	0	0	0	0	0	0	0	0	396,12
SR00535	31/5/2026	R	9,92708E+11	COMISARIATO DEL CONSTRUCTOR	J	9	1	5				1,001E+12	1687,52	1642,83	13/5/2026	12/7/2026	12/7/2026	60	60	0	0	0	0	1642,83	0	0	0	0	0	0	0	0	0	0	1687,52
SR00535	31/5/2026	R	9,92708E+11	COMISARIATO DEL CONSTRUCTOR	J	9	1	5				2,001E+12	238,28	235,17	19/5/2026	18/7/2026	18/7/2026	60	60	0	0	0	0	235,17	0	0	0	0	0	0	0	0	0	0	238,28
SR00535	31/5/2026	R	9,92708E+11	COMISARIATO DEL CONSTRUCTOR	J	9	1	5				1,001E+12	692,4	683,37	7/5/2026	6/7/2026	6/7/2026	60	60	0	0	0	0	683,37	0	0	0	0	0	0	0	0	0	0	692,4
SR00535	31/5/2026	R	9,92708E+11	COMISARIATO DEL CONSTRUCTOR	J	9	1	5				2,001E+12	97,68	96,41	8/5/2026	7/7/2026	7/7/2026	60	60	0	0	0	0	96,41	0	0	0	0	0	0	0	0	0	0	97,68
SR00535	31/5/2026	R	9,92708E+11	COMISARIATO DEL CONSTRUCTOR	J	9	1	5				2,001E+12	396,12	390,95	7/5/2026	6/7/2026	6/7/2026	60	60	0	0	0	0	390,95	0	0	0	0	0	0	0	0	0	0	396,12
SR00535	31/5/2026	R	9,92708E+11	COMISARIATO DEL CONSTRUCTOR	J	9	1	5				3,001E+12	248,26	245,02	5/5/2026	4/7/2026	4/7/2026	60	60	0	0	0	0	245,02	0	0	0	0	0	0	0	0	0	0	248,26
SR00535	31/5/2026	R	9,92708E+11	COMISARIATO DEL CONSTRUCTOR	J	9	1	5				2,001E+12	496,51	490,03	8/5/2026	7/7/2026	7/7/2026	60	60	0	0	0	0	490,03	0	0	0	0	0	0	0	0	0	0	496,51
SR00535	31/5/2026	R	9,92708E+11	COMISARIATO DEL CONSTRUCTOR	J	9	1	5				2,001E+12	234,45	231,39	11/5/2026	10/7/2026	10/7/2026	60	60	0	0	0	0	231,39	0	0	0	0	0	0	0	0	0	0	234,45
SR00535	31/5/2026	R	9,92708E+11	COMISARIATO DEL CONSTRUCTOR	J	9	1	5				2,001E+12	203,5	200,85	6/5/2026	5/7/2026	5/7/2026	60	60	0	0	0	0	200,85	0	0	0	0	0	0	0	0	0	0	203,5
SR00535	31/5/2026	R	9,92708E+11	COMISARIATO DEL CONSTRUCTOR	J	9	1	5				2,001E+12	1696,76	1618,08	4/5/2026	3/7/2026	3/7/2026	60	60	0	0	0	0	1618,08	0	0	0	0	0	0	0	0	0	0	1696,76
SR00535	31/5/2026	R	9,92708E+11	COMISARIATO DEL CONSTRUCTOR	J	9	1	5				2,001E+12	234,45	231,39	20/3/2026	19/5/2026	19/5/2026	60	60	12	231,39	0	0	0	0	0	0	231,39	0	0	0	0	0	0	234,45
SR00535	31/5/2026	R	9,92708E+11	COMISARIATO DEL CONSTRUCTOR	J	9	1	5				2,001E+12	333,75	329,4	8/5/2026	7/7/2026	7/7/2026	60	60	0	0	0	0	329,4	0	0	0	0	0	0	0	0	0	0	333,75
SR00535	31/5/2026	R	9,92708E+11	COMISARIATO DEL CONSTRUCTOR	J	9	1	5				2,001E+12	692,4	683,37	7/5/2026	6/7/2026	6/7/2026	60	60	0	0	0	0	683,37	0	0	0	0	0	0	0	0	0	0	692,4
SR00535	31/5/2026	R	9,92708E+11	COMISARIATO DEL CONSTRUCTOR	J	9	1	5				2,001E+12	748,78	739,01	8/5/2026	7/7/2026	7/7/2026	60	60	0	0	0	0	739,01	0	0	0	0	0	0	0	0	0	0	748,78
SR00535	31/5/2026	R	9,92708E+11	COMISARIATO DEL CONSTRUCTOR	J	9	1	5				2,001E+12	825,36	814,59	8/5/2026	7/7/2026	7/7/2026	60	60	0	0	0	0	814,59	0	0	0	0	0	0	0	0	0	0	825,36
SR00535	31/5/2026	R	9,92708E+11	COMISARIATO DEL CONSTRUCTOR	J	9	1	5				2,001E+12	480,3	474,03	8/5/2026	7/7/2026	7/7/2026	60	60	0	0	0	0	474,03	0	0	0	0	0	0	0	0	0	0	480,3
SR00535	31/5/2026	R	9,92708E+11	COMISARIATO DEL CONSTRUCTOR	J	9	1	5				2,001E+12	283,2	279,51	26/3/2026	25/5/2026	25/5/2026	60	60	6	279,51	0	0	0	0	0	0	279,51	0	0	0	0	0	0	283,2
SR00535	31/5/2026	R	9,92708E+11	COMISARIATO DEL CONSTRUCTOR	J	9	1	5				2,001E+12	408,34	403,01	6/5/2026	5/7/2026	5/7/2026	60	60	0	0	0	0	403,01	0	0	0	0	0	0	0	0	0	0	408,34
SR00535	31/5/2026	R	9,92708E+11	COMISARIATO DEL CONSTRUCTOR	J	9	1	5				2,001E+12	207,72	205,01	6/5/2026	5/7/2026	5/7/2026	60	60	0	0	0	0	205,01	0	0	0	0	0	0	0	0	0	0	207,72
SR00535	31/5/2026	R	9,92708E+11	COMISARIATO DEL CONSTRUCTOR	J	9	1	5				3,001E+12	221,77	211,5	8/5/2026	7/7/2026	7/7/2026	60	60	0	0	0	0	211,5	0	0	0	0	0	0	0	0	0	0	221,77
SR00535	31/5/2026	R	9,92708E+11	COMISARIATO DEL CONSTRUCTOR	J	9	1	5				3,001E+12	919,71	877,05	4/5/2026	3/7/2026	3/7/2026	60	60	0	0	0	0	877,05	0	0	0	0	0	0	0	0	0	0	919,71
SR00535	31/5/2026	R	9,92708E+11	COMISARIATO DEL CONSTRUCTOR	J	9	1	5				2,001E+12	1023,56	976,09	4/5/2026	3/7/2026	3/7/2026	60	60	0	0	0	0	976,09	0	0	0	0	0	0	0	0	0	0	1023,56
SR00535	31/5/2026	R	9,92708E+11	COMISARIATO DEL CONSTRUCTOR	J	9	1	5				2,001E+12	396,12	390,95	7/5/2026	6/7/2026	6/7/2026	60	60	0	0	0	0	390,95	0	0	0	0	0	0	0	0	0	0	396,12
SR00535	31/5/2026	R	9,92708E+11	COMISARIATO DEL CONSTRUCTOR	J	9	1	5				2,001E+12	1711,79	1689,46	8/5/2026	7/7/2026	7/7/2026	60	60	0	0	0	0	1689,46	0	0	0	0	0	0	0	0	0	0	1711,79
SR00535	31/5/2026	R	9,92708E+11	COMISARIATO DEL CONSTRUCTOR	J	9	1	5				2,001E+12	519,4	512,62	23/3/2026	22/5/2026	22/5/2026	60	60	9	512,62	0	0	0	0	0	0	512,62	0	0	0	0	0	0	519,4
SR00535	31/5/2026	R	9,92708E+11	COMISARIATO DEL CONSTRUCTOR	J	9	1	5				3,001E+12	800,88	763,74	4/5/2026	3/7/2026	3/7/2026	60	60	0	0	0	0	763,74	0	0	0	0	0	0	0	0	0	0	800,88
SR00535	31/5/2026	R	9,92708E+11	COMISARIATO DEL CONSTRUCTOR	J	9	1	5				2,001E+12	240,14	237,01	7/5/2026	6/7/2026	6/7/2026	60	60	0	0	0	0	237,01	0	0	0	0	0	0	0	0	0	0	240,14
SR00535	31/5/2026	R	9,92708E+11	COMISARIATO DEL CONSTRUCTOR	J	9	1	5				2,001E+12	170,09	162,2	6/5/2026	5/7/2026	5/7/2026	60	60	0	0	0	0	162,2	0	0	0	0	0	0	0	0	0	0	170,09
SR00535	31/5/2026	R	9,92708E+11	COMISARIATO DEL CONSTRUCTOR	J	9	1	5				2,001E+12	238,28	235,17	14/5/2026	13/7/2026	13/7/2026	60	60	0	0	0	0	235,17	0	0	0	0	0	0	0	0	0	0	238,28
SR00535	31/5/2026	R	9,92708E+11	COMISARIATO DEL CONSTRUCTOR	J	9	1	5				2,001E+12	134,63	132,87	26/5/2026	25/7/2026	25/7/2026	60	60	0	0	0	0	132,87	0	0	0	0	0	0	0	0	0	0	134,63
SR00535	31/5/2026	R	9,92708E+11	COMISARIATO DEL CONSTRUCTOR	J	9	1	5				2,001E+12	346,94	330,84	7/5/2026	6/7/2026	6/7/2026	60	60	0	0	0	0	330,84	0	0	0	0	0	0	0	0	0	0	346,94
SR00535	31/5/2026	R	9,92708E+11	COMISARIATO DEL CONSTRUCTOR	J	9	1	5				2,001E+12	228,21	225,23	8/5/2026	7/7/2026	7/7/2026	60	60	0	0	0	0	225,23	0	0	0	0	0	0	0	0	0	0	228,21
SR00535	31/5/2026	R	9,92708E+11	COMISARIATO DEL CONSTRUCTOR	J	9	1	5				2,001E+12	3190,28	3042,33	6/5/2026	5/7/2026	5/7/2026	60	60	0	0	0	0	3042,33	0	0	0	0	0	0	0	0	0	0	3190,28
SR00535	31/5/2026	R	9,92708E+11	COMISARIATO DEL CONSTRUCTOR	J	9	1	5				3,001E+12	668,35	659,63	4/5/2026	3/7/2026	3/7/2026	60	60	0	0	0	0	659,63	0	0	0	0	0	0	0	0	0	0	668,35
SR00535	31/5/2026	R	9,92708E+11	COMISARIATO DEL CONSTRUCTOR	J	9	1	5				2,001E+12	397,21	392,03	8/5/2026	7/7/2026	7/7/2026	60	60	0	0	0	0	392,03	0	0	0	0	0	0	0	0	0	0	397,21
SR00535	31/5/2026	R	9,92708E+11	COMISARIATO DEL CONSTRUCTOR	J	9	1	5				2,001E+12	1794,95	1711,71	5/5/2026	4/7/2026	4/7/2026	60	60	0	0	0	0	1711,71	0	0	0	0	0	0	0	0	0	0	1794,95
SR00535	31/5/2026	R	9,92708E+11	COMISARIATO DEL CONSTRUCTOR	J	9	1	5				2,001E+12	400,3	395,08	4/5/2026	3/7/2026	3/7/2026	60	60	0	0	0	0	395,08	0	0	0	0	0	0	0	0	0	0	400,3
SR00535	31/5/2026	R	9,92708E+11	COMISARIATO DEL CONSTRUCTOR	J	9	1	5				2,001E+12	297,91	294,02	11/5/2026	10/7/2026	10/7/2026	60	60	0	0	0	0	294,02	0	0	0	0	0	0	0	0	0	0	297,91
SR00535	31/5/2026	R	9,92708E+11	COMISARIATO DEL CONSTRUCTOR	J	9	1	5				2,001E+12	482,75	476,45	6/5/2026	5/7/2026	5/7/2026	60	60	0	0	0	0	476,45	0	0	0	0	0	0	0	0	0	0	482,75
SR00535	31/5/2026	R	9,92708E+11	COMISARIATO DEL CONSTRUCTOR	J	9	1	5				2,001E+12	468,91	462,79	23/3/2026	22/5/2026	22/5/2026	60	60	9	462,79	0	0	0	0	0	0	462,79	0	0	0	0	0	0	468,91
SR00535	31/5/2026	R	9,92708E+11	COMISARIATO DEL CONSTRUCTOR	J	9	1	5				2,001E+12	240,14	237,01	5/5/2026	4/7/2026	4/7/2026	60	60	0	0	0	0	237,01	0	0	0	0	0	0	0	0	0	0	240,14
SR00535	31/5/2026	R	9,92708E+11	COMISARIATO DEL CONSTRUCTOR	J	9	1	5				2,001E+12	407,01	407,01	29/5/2026	28/7/2026	28/7/2026	60	60	0	0	0	0	407,01	0	0	0	0	0	0	0	0	0	0	407,01
SR00535	31/5/2026	R	9,92708E+11	COMISARIATO DEL CONSTRUCTOR	J	9	1	5				2,001E+12	240,14	237,01	7/5/2026	6/7/2026	6/7/2026	60	60	0	0	0	0	237,01	0	0	0	0	0	0	0	0	0	0	240,14
SR00535	31/5/2026	R	9,92708E+11	COMISARIATO DEL CONSTRUCTOR	J	9	1	5				2,001E+12	396,12	390,95	8/5/2026	7/7/2026	7/7/2026	60	60	0	0	0	0	390,95	0	0	0	0	0	0	0	0	0	0	396,12
SR00535	31/5/2026	R	9,92708E+11	COMISARIATO DEL CONSTRUCTOR	J	9	1	5				3,001E+12	182,08	179,7	4/5/2026	3/7/2026	3/7/2026	60	60	0	0	0	0	179,7	0	0	0	0	0	0	0	0	0	0	182,08
SR00535	31/5/2026	R	9,92708E+11	COMISARIATO DEL CONSTRUCTOR	J	9	1	5				2,001E+12	1967,8	1876,55	30/4/2026	29/6/2026	29/6/2026	60	60	0	0	0	1876,55	0	0	0	0	0	0	0	0	0	0	0	1967,8
SR00535	31/5/2026	R	9,92708E+11	COMISARIATO DEL CONSTRUCTOR	J	9	1	5				2,001E+12	119,14	117,59	19/5/2026	18/7/2026	18/7/2026	60	60	0	0	0	0	117,59	0	0	0	0	0	0	0	0	0	0	119,14
SR00535	31/5/2026	R	9,92708E+11	COMISARIATO DEL CONSTRUCTOR	J	9	1	5				2,001E+12	119,14	119,14	29/5/2026	28/7/2026	28/7/2026	60	60	0	0	0	0	119,14	0	0	0	0	0	0	0	0	0	0	119,14
SR00535	31/5/2026	R	9,92708E+11	COMISARIATO DEL CONSTRUCTOR	J	9	1	5				2,001E+12	445,81	425,13	11/5/2026	10/7/2026	10/7/2026	60	60	0	0	0	0	425,13	0	0	0	0	0	0	0	0	0	0	445,81
SR00535	31/5/2026	R	9,92708E+11	COMISARIATO DEL CONSTRUCTOR	J	9	1	5				2,001E+12	272,23	268,68	6/5/2026	5/7/2026	5/7/2026	60	60	0	0	0	0	268,68	0	0	0	0	0	0	0	0	0	0	272,23
SR00535	31/5/2026	R	9,92708E+11	COMISARIATO DEL CONSTRUCTOR	J	9	1	5				2,001E+12	2893,23	2759,06	30/4/2026	29/6/2026	29/6/2026	60	60	0	0	0	2759,06	0	0	0	0	0	0	0	0	0	0	0	2893,23
SR00535	31/5/2026	R	9,92708E+11	COMISARIATO DEL CONSTRUCTOR	J	9	1	5				2,001E+12	736,98	727,37	5/5/2026	4/7/2026	4/7/2026	60	60	0	0	0	0	727,37	0	0	0	0	0	0	0	0	0	0	736,98
SR00535	31/5/2026	R	9,92708E+11	COMISARIATO DEL CONSTRUCTOR	J	9	1	5				2,001E+12	119,14	111,48	23/3/2026	22/5/2026	22/5/2026	60	60	9	111,48	0	0	0	0	0	0	111,48	0	0	0	0	0	0	119,14
SR00535	31/5/2026	R	9,92708E+11	COMISARIATO DEL CONSTRUCTOR	J	9	1	5				2,001E+12	409,46	404,12	27/5/2026	26/7/2026	26/7/2026	60	60	0	0	0	0	404,12	0	0	0	0	0	0	0	0	0	0	409,46
SR00535	31/5/2026	R	9,92708E+11	COMISARIATO DEL CONSTRUCTOR	J	9	1	5				2,001E+12	800,31	789,87	7/5/2026	6/7/2026	6/7/2026	60	60	0	0	0	0	789,87	0	0	0	0	0	0	0	0	0	0	800,31
SR00535	31/5/2026	R	9,92708E+11	COMISARIATO DEL CONSTRUCTOR	J	9	1	5				1,001E+12	1730,59	1650,34	4/5/2026	3/7/2026	3/7/2026	60	60	0	0	0	0	1650,34	0	0	0	0	0	0	0	0	0	0	1730,59
SR00535	31/5/2026	R	9,92708E+11	COMISARIATO DEL CONSTRUCTOR	J	9	1	5				3,001E+12	343,05	338,57	8/5/2026	7/7/2026	7/7/2026	60	60	0	0	0	0	338,57	0	0	0	0	0	0	0	0	0	0	343,05
SR00535	31/5/2026	R	9,92708E+11	COMISARIATO DEL CONSTRUCTOR	J	9	1	5				2,001E+12	284,11	280,4	8/5/2026	7/7/2026	7/7/2026	60	60	0	0	0	0	280,4	0	0	0	0	0	0	0	0	0	0	284,11
SR00535	31/5/2026	R	9,92708E+11	COMISARIATO DEL CONSTRUCTOR	J	9	1	5				2,001E+12	683,59	674,67	26/5/2026	25/7/2026	25/7/2026	60	60	0	0	0	0	674,67	0	0	0	0	0	0	0	0	0	0	683,59
SR00535	31/5/2026	R	9,92708E+11	COMISARIATO DEL CONSTRUCTOR	J	9	1	5				2,001E+12	304,64	300,67	8/5/2026	7/7/2026	7/7/2026	60	60	0	0	0	0	300,67	0	0	0	0	0	0	0	0	0	0	304,64
SR00535	31/5/2026	R	9,92708E+11	COMISARIATO DEL CONSTRUCTOR	J	9	1	5				2,001E+12	973,43	935,33	23/4/2026	22/6/2026	22/6/2026	60	60	0	0	0	935,33	0	0	0	0	0	0	0	0	0	0	0	973,43
SR00535	31/5/2026	R	9,92708E+11	COMISARIATO DEL CONSTRUCTOR	J	9	1	5				2,001E+12	119,14	117,59	21/5/2026	20/7/2026	20/7/2026	60	60	0	0	0	0	117,59	0	0	0	0	0	0	0	0	0	0	119,14
SR00535	31/5/2026	R	9,92708E+11	COMISARIATO DEL CONSTRUCTOR	J	9	1	5				2,001E+12	166,88	164,7	8/5/2026	7/7/2026	7/7/2026	60	60	0	0	0	0	164,7	0	0	0	0	0	0	0	0	0	0	166,88
SR00535	31/5/2026	R	9,92708E+11	COMISARIATO DEL CONSTRUCTOR	J	9	1	5				2,001E+12	1226,51	1210,51	24/4/2026	23/6/2026	23/6/2026	60	60	0	0	0	1210,51	0	0	0	0	0	0	0	0	0	0	0	1226,51
SR00535	31/5/2026	R	9,92708E+11	COMISARIATO DEL CONSTRUCTOR	J	9	1	5				2,001E+12	802,73	792,26	6/5/2026	5/7/2026	5/7/2026	60	60	0	0	0	0	792,26	0	0	0	0	0	0	0	0	0	0	802,73
SR00535	31/5/2026	R	9,92708E+11	COMISARIATO DEL CONSTRUCTOR	J	9	1	5				2,001E+12	136,93	135,14	8/5/2026	7/7/2026	7/7/2026	60	60	0	0	0	0	135,14	0	0	0	0	0	0	0	0	0	0	136,93
SR00535	31/5/2026	R	9,92708E+11	COMISARIATO DEL CONSTRUCTOR	J	9	1	5				1,001E+12	346,21	341,69	11/5/2026	10/7/2026	10/7/2026	60	60	0	0	0	0	341,69	0	0	0	0	0	0	0	0	0	0	346,21
SR00535	31/5/2026	R	9,92708E+11	COMISARIATO DEL CONSTRUCTOR	J	9	1	5				2,001E+12	119,14	117,59	28/5/2026	27/7/2026	27/7/2026	60	60	0	0	0	0	117,59	0	0	0	0	0	0	0	0	0	0	119,14
SR00535	31/5/2026	R	9,92708E+11	COMISARIATO DEL CONSTRUCTOR	J	9	1	5				2,001E+12	595,7	587,93	19/5/2026	18/7/2026	18/7/2026	60	60	0	0	0	0	587,93	0	0	0	0	0	0	0	0	0	0	595,7
SR00535	31/5/2026	R	9,92708E+11	COMISARIATO DEL CONSTRUCTOR	J	9	1	5				2,001E+12	99,3	98	23/3/2026	22/5/2026	22/5/2026	60	60	9	98	0	0	0	0	0	0	98	0	0	0	0	0	0	99,3
SR00535	31/5/2026	R	9,92708E+11	COMISARIATO DEL CONSTRUCTOR	J	9	1	5				2,001E+12	113,07	111,59	6/5/2026	5/7/2026	5/7/2026	60	60	0	0	0	0	111,59	0	0	0	0	0	0	0	0	0	0	113,07
SR00535	31/5/2026	R	9,92708E+11	COMISARIATO DEL CONSTRUCTOR	J	9	1	5				2,001E+12	119,14	117,59	27/5/2026	26/7/2026	26/7/2026	60	60	0	0	0	0	117,59	0	0	0	0	0	0	0	0	0	0	119,14
SR00535	31/5/2026	R	9,92708E+11	COMISARIATO DEL CONSTRUCTOR	J	9	1	5				2,001E+12	862,71	822,71	5/5/2026	4/7/2026	4/7/2026	60	60	0	0	0	0	822,71	0	0	0	0	0	0	0	0	0	0	862,71
SR00535	31/5/2026	R	9,92708E+11	COMISARIATO DEL CONSTRUCTOR	J	9	1	5				2,001E+12	1440,67	1421,88	14/5/2026	13/7/2026	13/7/2026	60	60	0	0	0	0	1421,88	0	0	0	0	0	0	0	0	0	0	1440,67
SR00535	31/5/2026	R	9,92708E+11	COMISARIATO DEL CONSTRUCTOR	J	9	1	5				2,001E+12	842,08	697,47	20/3/2026	19/5/2026	19/5/2026	60	60	12	697,47	0	0	0	0	0	0	697,47	0	0	0	0	0	0	842,08
SR00535	31/5/2026	R	9,92708E+11	COMISARIATO DEL CONSTRUCTOR	J	9	1	5				2,001E+12	759,7	724,47	5/5/2026	4/7/2026	4/7/2026	60	60	0	0	0	0	724,47	0	0	0	0	0	0	0	0	0	0	759,7
SR00535	31/5/2026	R	9,92708E+11	COMISARIATO DEL CONSTRUCTOR	J	9	1	5				3,001E+12	804,64	794,14	6/5/2026	5/7/2026	5/7/2026	60	60	0	0	0	0	794,14	0	0	0	0	0	0	0	0	0	0	804,64
SR00535	31/5/2026	R	9,92708E+11	COMISARIATO DEL CONSTRUCTOR	J	9	1	5				1,001E+12	11970,86	11048,58	14/5/2026	13/7/2026	13/7/2026	60	60	0	0	0	0	11048,58	0	0	0	0	0	0	0	0	0	0	11970,86
SR00535	31/5/2026	R	9,92708E+11	COMISARIATO DEL CONSTRUCTOR	J	9	1	5				2,001E+12	203,5	200,85	6/5/2026	5/7/2026	5/7/2026	60	60	0	0	0	0	200,85	0	0	0	0	0	0	0	0	0	0	203,5
SR00535	31/5/2026	R	9,92708E+11	COMISARIATO DEL CONSTRUCTOR	J	9	1	5				2,001E+12	148,96	147,02	8/5/2026	7/7/2026	7/7/2026	60	60	0	0	0	0	147,02	0	0	0	0	0	0	0	0	0	0	148,96
SR00535	31/5/2026	R	9,92708E+11	COMISARIATO DEL CONSTRUCTOR	J	9	1	5				2,001E+12	975,26	930,04	6/5/2026	5/7/2026	5/7/2026	60	60	0	0	0	0	930,04	0	0	0	0	0	0	0	0	0	0	975,26
SR00535	31/5/2026	R	9,92708E+11	COMISARIATO DEL CONSTRUCTOR	J	9	1	5				2,001E+12	233,65	230,6	6/5/2026	5/7/2026	5/7/2026	60	60	0	0	0	0	230,6	0	0	0	0	0	0	0	0	0	0	233,65
SR00535	31/5/2026	R	9,92708E+11	COMISARIATO DEL CONSTRUCTOR	J	9	1	5				2,001E+12	480,3	474,03	8/5/2026	7/7/2026	7/7/2026	60	60	0	0	0	0	474,03	0	0	0	0	0	0	0	0	0	0	480,3
SR00535	31/5/2026	R	9,92708E+11	COMISARIATO DEL CONSTRUCTOR	J	9	1	5				2,001E+12	240,14	237,01	6/5/2026	5/7/2026	5/7/2026	60	60	0	0	0	0	237,01	0	0	0	0	0	0	0	0	0	0	240,14
SR00535	31/5/2026	R	9,92708E+11	COMISARIATO DEL CONSTRUCTOR	J	9	1	5				2,001E+12	119,14	117,59	21/5/2026	20/7/2026	20/7/2026	60	60	0	0	0	0	117,59	0	0	0	0	0	0	0	0	0	0	119,14
SR00535	31/5/2026	R	9,92708E+11	COMISARIATO DEL CONSTRUCTOR	J	9	1	5				2,001E+12	182,57	180,19	27/3/2026	26/5/2026	26/5/2026	60	60	5	180,19	0	0	0	0	0	0	180,19	0	0	0	0	0	0	182,57
SR00535	31/5/2026	R	9,92708E+11	COMISARIATO DEL CONSTRUCTOR	J	9	1	5				2,001E+12	480,29	474,02	7/5/2026	6/7/2026	6/7/2026	60	60	0	0	0	0	474,02	0	0	0	0	0	0	0	0	0	0	480,29
SR00535	31/5/2026	R	8,9174E+11	COMPANIA ANONIMA DE ACABADOS Y	J	8	1	50				1,001E+12	260,79	223,97	28/5/2026	27/7/2026	27/7/2026	60	60	0	0	0	0	223,97	0	0	0	0	0	0	0	0	0	0	260,79
SR00535	31/5/2026	R	8,9174E+11	COMPANIA ANONIMA DE ACABADOS Y	J	8	1	50				1,001E+12	3838,82	3604,3	28/5/2026	27/7/2026	27/7/2026	60	60	0	0	0	0	3604,3	0	0	0	0	0	0	0	0	0	0	3838,82
SR00535	31/5/2026	R	3,91021E+11	COMPANIA FERRISARIATO AZOGUES	J	3	1	50				3,001E+12	2104,06	2103,91	23/4/2026	2/6/2026	2/6/2026	40	40	0	0	0	2103,91	0	0	0	0	0	0	0	0	0	0	0	2104,06
SR00535	31/5/2026	R	3,91021E+11	COMPANIA FERRISARIATO AZOGUES	J	3	1	50				3,001E+12	1345,55	1168,52	28/4/2026	7/6/2026	7/6/2026	40	40	0	0	0	1168,52	0	0	0	0	0	0	0	0	0	0	0	1345,55
SR00535	31/5/2026	R	1,79002E+12	CONELSA CONDUCTORES ELECTRICOS S,A,	J	17	1	6				1,001E+12	4379,2	4322,08	27/4/2026	27/5/2026	27/5/2026	30	30	4	4322,08	0	0	0	0	0	0	4322,08	0	0	0	0	0	0	4379,2
SR00535	31/5/2026	R	1,79002E+12	CONELSA CONDUCTORES ELECTRICOS S,A,	J	17	1	6				1,001E+12	4496,66	4438,01	4/5/2026	3/6/2026	3/6/2026	30	30	0	0	0	4438,01	0	0	0	0	0	0	0	0	0	0	0	4496,66
SR00535	31/5/2026	R	1,79002E+12	CONELSA CONDUCTORES ELECTRICOS S,A,	J	17	1	6				1,001E+12	2528,16	2495,18	27/5/2026	26/6/2026	26/6/2026	30	30	0	0	0	2495,18	0	0	0	0	0	0	0	0	0	0	0	2528,16
SR00535	31/5/2026	R	1,3918E+12	CONSMAVERSA S,A,	J	13	8	50				1,001E+12	26213,1	26213,1	31/12/2019	3/11/2018	3/11/2018	45	45	2766	26213,1	0	0	0	0	0	0	0	0	0	0	26213,1	26213,1	0	26213,1
SR00535	31/5/2026	R	1,79322E+12	CONSORCIO ASOCIADOS & QUINCHICONS	J	17	5	2				PROVISION 165433	22483,4	22483,4	18/3/2026	22/8/2025	22/8/2025	45	45	282	22483,4	0	0	0	0	0	0	0	0	0	22483,4	0	22483,4	0	22483,4
SR00535	31/5/2026	R	9,93373E+11	CONSORCIO INMOFUTURO	J	9	1	12				1,001E+12	11557,76	10349,96	16/4/2026	15/6/2026	15/6/2026	60	60	0	0	0	10349,96	0	0	0	0	0	0	0	0	0	0	0	11557,76
SR00535	31/5/2026	R	9,93373E+11	CONSORCIO INMOFUTURO	J	9	1	12				2,001E+12	8363,49	7243,37	18/4/2026	17/6/2026	17/6/2026	60	60	0	0	0	7243,37	0	0	0	0	0	0	0	0	0	0	0	8363,49
SR00535	31/5/2026	R	9,93373E+11	CONSORCIO INMOFUTURO	J	9	1	12				1,001E+12	174,23	145,19	16/4/2026	15/6/2026	15/6/2026	60	60	0	0	0	145,19	0	0	0	0	0	0	0	0	0	0	0	174,23
SR00535	31/5/2026	R	9,93373E+11	CONSORCIO INMOFUTURO	J	9	1	12				2,001E+12	8265,1	7665,25	18/4/2026	17/6/2026	17/6/2026	60	60	0	0	0	7665,25	0	0	0	0	0	0	0	0	0	0	0	8265,1
SR00535	31/5/2026	R	9,93376E+11	CONSORCIO NOVO AIRES	J	9	1	12				2,001E+12	15743,04	13634,57	16/4/2026	15/6/2026	15/6/2026	60	60	0	0	0	13634,57	0	0	0	0	0	0	0	0	0	0	0	15743,04
SR00535	31/5/2026	R	9,93376E+11	CONSORCIO NOVO AIRES	J	9	1	12				2,001E+12	10823,34	9373,76	9/4/2026	8/6/2026	8/6/2026	60	60	0	0	0	9373,76	0	0	0	0	0	0	0	0	0	0	0	10823,34
SR00535	31/5/2026	R	9,93376E+11	CONSORCIO NOVO AIRES	J	9	1	12				2,001E+12	12480,75	10874,45	16/4/2026	15/6/2026	15/6/2026	60	60	0	0	0	10874,45	0	0	0	0	0	0	0	0	0	0	0	12480,75
SR00535	31/5/2026	R	9,93376E+11	CONSORCIO NOVO AIRES	J	9	1	12				2,001E+12	2895,1	2557,3	9/4/2026	8/6/2026	8/6/2026	60	60	0	0	0	2557,3	0	0	0	0	0	0	0	0	0	0	0	2895,1
SR00535	31/5/2026	R	9,93376E+11	CONSORCIO NOVO AIRES	J	9	1	12				2,001E+12	13186,31	11627,73	9/4/2026	8/6/2026	8/6/2026	60	60	0	0	0	11627,73	0	0	0	0	0	0	0	0	0	0	0	13186,31
SR00535	31/5/2026	R	9,93376E+11	CONSORCIO NOVO AIRES	J	9	1	12				2,001E+12	10787,6	9326,27	9/4/2026	8/6/2026	8/6/2026	60	60	0	0	0	9326,27	0	0	0	0	0	0	0	0	0	0	0	10787,6
SR00535	31/5/2026	R	9,93376E+11	CONSORCIO NOVO AIRES	J	9	1	12				2,001E+12	14623,58	13867,8	16/4/2026	15/6/2026	15/6/2026	60	60	0	0	0	13867,8	0	0	0	0	0	0	0	0	0	0	0	14623,58
SR00535	31/5/2026	R	9,93376E+11	CONSORCIO NOVO AIRES	J	9	1	12				2,001E+12	8743,11	8743,11	9/4/2026	8/6/2026	8/6/2026	60	60	0	0	0	8743,11	0	0	0	0	0	0	0	0	0	0	0	8743,11
SR00535	31/5/2026	R	1,79293E+12	CONSTRUC-CEVALLOS CIA, LTDA,	J	2	1	2				1,001E+12	91,24	91,24	29/5/2026	8/7/2026	8/7/2026	40	40	0	0	0	0	91,24	0	0	0	0	0	0	0	0	0	0	91,24
SR00535	31/5/2026	R	1,79293E+12	CONSTRUC-CEVALLOS CIA, LTDA,	J	2	1	2				1,001E+12	1665,44	1665,44	29/5/2026	8/7/2026	8/7/2026	40	40	0	0	0	0	1665,44	0	0	0	0	0	0	0	0	0	0	1665,44
SR00535	31/5/2026	R	1,79293E+12	CONSTRUC-CEVALLOS CIA, LTDA,	J	2	1	2				1,001E+12	2195,84	2195,84	29/5/2026	8/7/2026	8/7/2026	40	40	0	0	0	0	2195,84	0	0	0	0	0	0	0	0	0	0	2195,84
SR00535	31/5/2026	R	1,79293E+12	CONSTRUC-CEVALLOS CIA, LTDA,	J	2	1	2				1,001E+12	1381,91	1381,91	29/4/2026	8/6/2026	8/6/2026	40	40	0	0	0	1381,91	0	0	0	0	0	0	0	0	0	0	0	1381,91
SR00535	31/5/2026	R	9,91088E+11	CONSTRUCTORA CONALBA S,A,	J	9	1	50				2,001E+12	1097,62	991,25	27/5/2026	26/6/2026	26/6/2026	30	30	0	0	0	991,25	0	0	0	0	0	0	0	0	0	0	0	1097,62
SR00535	31/5/2026	R	9,91088E+11	CONSTRUCTORA CONALBA S,A,	J	9	1	50				2,001E+12	8115,4	7279,56	27/5/2026	26/6/2026	26/6/2026	30	30	0	0	0	7279,56	0	0	0	0	0	0	0	0	0	0	0	8115,4
SR00535	31/5/2026	R	9,91088E+11	CONSTRUCTORA CONALBA S,A,	J	9	1	50				2,001E+12	721,21	663,47	13/5/2026	12/6/2026	12/6/2026	30	30	0	0	0	663,47	0	0	0	0	0	0	0	0	0	0	0	721,21
SR00535	31/5/2026	R	9,91088E+11	CONSTRUCTORA CONALBA S,A,	J	9	1	50				2,001E+12	1765,31	1629,41	12/5/2026	11/6/2026	11/6/2026	30	30	0	0	0	1629,41	0	0	0	0	0	0	0	0	0	0	0	1765,31
SR00535	31/5/2026	R	9,91088E+11	CONSTRUCTORA CONALBA S,A,	J	9	1	50				2,001E+12	3376,93	3115,79	19/5/2026	18/6/2026	18/6/2026	30	30	0	0	0	3115,79	0	0	0	0	0	0	0	0	0	0	0	3376,93
SR00535	31/5/2026	R	9,91088E+11	CONSTRUCTORA CONALBA S,A,	J	9	1	50				2,001E+12	194,89	175,58	21/5/2026	20/6/2026	20/6/2026	30	30	0	0	0	175,58	0	0	0	0	0	0	0	0	0	0	0	194,89
SR00535	31/5/2026	R	9,93108E+11	CONSTRUCTORA GALILEA CONSGALILEA S,	J	9	1	12				2,001E+12	3576,73	3530,08	15/4/2026	30/5/2026	30/5/2026	45	45	1	3530,08	0	0	0	0	0	0	3530,08	0	0	0	0	0	0	3576,73
SR00535	31/5/2026	R	9,93108E+11	CONSTRUCTORA GALILEA CONSGALILEA S,	J	9	1	12				2,001E+12	321,89	317,69	13/4/2026	28/5/2026	28/5/2026	45	45	3	317,69	0	0	0	0	0	0	317,69	0	0	0	0	0	0	321,89
SR00535	31/5/2026	R	9,93108E+11	CONSTRUCTORA GALILEA CONSGALILEA S,	J	9	1	12				2,001E+12	1448,48	1429,59	17/4/2026	1/6/2026	1/6/2026	45	45	0	0	0	1429,59	0	0	0	0	0	0	0	0	0	0	0	1448,48
SR00535	31/5/2026	R	9,93108E+11	CONSTRUCTORA GALILEA CONSGALILEA S,	J	9	1	12				2,001E+12	78,33	77,31	16/4/2026	31/5/2026	31/5/2026	45	45	0	0	0	77,31	0	0	0	0	0	0	0	0	0	0	0	78,33
SR00535	31/5/2026	R	9,93108E+11	CONSTRUCTORA GALILEA CONSGALILEA S,	J	9	1	12				2,001E+12	977,04	964,3	8/5/2026	22/6/2026	22/6/2026	45	45	0	0	0	964,3	0	0	0	0	0	0	0	0	0	0	0	977,04
SR00535	31/5/2026	R	9,93108E+11	CONSTRUCTORA GALILEA CONSGALILEA S,	J	9	1	12				2,001E+12	1325,04	1312,58	13/4/2026	28/5/2026	28/5/2026	45	45	3	1312,58	0	0	0	0	0	0	1312,58	0	0	0	0	0	0	1325,04
SR00535	31/5/2026	R	9,93108E+11	CONSTRUCTORA GALILEA CONSGALILEA S,	J	9	1	12				2,001E+12	277,83	276,51	7/4/2026	22/5/2026	22/5/2026	45	45	9	276,51	0	0	0	0	0	0	276,51	0	0	0	0	0	0	277,83
SR00535	31/5/2026	R	9,93108E+11	CONSTRUCTORA GALILEA CONSGALILEA S,	J	9	1	12				2,001E+12	2549,18	2519,72	21/5/2026	5/7/2026	5/7/2026	45	45	0	0	0	0	2519,72	0	0	0	0	0	0	0	0	0	0	2549,18
SR00535	31/5/2026	R	9,92896E+11	CONSTRUCTORA INMOBILIARIA GIERMEY S,A	J	9	20	50				1,001E+12	13494,42	12144,98	24/4/2026	24/5/2026	24/5/2026	30	30	7	12144,98	0	0	0	0	0	0	12144,98	0	0	0	0	0	0	13494,42
SR00535	31/5/2026	R	9,92896E+11	CONSTRUCTORA INMOBILIARIA GIERMEY S,A	J	9	20	50				2,001E+12	4156,05	3747,37	18/5/2026	17/6/2026	17/6/2026	30	30	0	0	0	3747,37	0	0	0	0	0	0	0	0	0	0	0	4156,05
SR00535	31/5/2026	R	9,92896E+11	CONSTRUCTORA INMOBILIARIA GIERMEY S,A	J	9	20	50				2,001E+12	2650,4	2393,67	21/5/2026	20/6/2026	20/6/2026	30	30	0	0	0	2393,67	0	0	0	0	0	0	0	0	0	0	0	2650,4
SR00535	31/5/2026	R	9,92896E+11	CONSTRUCTORA INMOBILIARIA GIERMEY S,A	J	9	20	50				2,001E+12	1177,59	914,54	12/5/2026	11/6/2026	11/6/2026	30	30	0	0	0	914,54	0	0	0	0	0	0	0	0	0	0	0	1177,59
SR00535	31/5/2026	R	9,92896E+11	CONSTRUCTORA INMOBILIARIA GIERMEY S,A	J	9	20	50				2,001E+12	11538,94	10398,45	29/4/2026	29/5/2026	29/5/2026	30	30	2	10398,45	0	0	0	0	0	0	10398,45	0	0	0	0	0	0	11538,94
SR00535	31/5/2026	R	9,92896E+11	CONSTRUCTORA INMOBILIARIA GIERMEY S,A	J	9	20	50				2,001E+12	2768	2629,6	5/5/2026	4/6/2026	4/6/2026	30	30	0	0	0	2629,6	0	0	0	0	0	0	0	0	0	0	0	2768
SR00535	31/5/2026	R	9,92896E+11	CONSTRUCTORA INMOBILIARIA GIERMEY S,A	J	9	20	50				1,001E+12	2179,66	1985,92	24/4/2026	24/5/2026	24/5/2026	30	30	7	1985,92	0	0	0	0	0	0	1985,92	0	0	0	0	0	0	2179,66
SR00535	31/5/2026	R	9,92896E+11	CONSTRUCTORA INMOBILIARIA GIERMEY S,A	J	9	20	50				2,001E+12	2962,75	2666,47	28/4/2026	28/5/2026	28/5/2026	30	30	3	2666,47	0	0	0	0	0	0	2666,47	0	0	0	0	0	0	2962,75
SR00535	31/5/2026	R	7,90094E+11	CONSTRUCTORA PATRIDASA S A	J	7	1	2				3,001E+12	3845,94	3632,3	5/5/2026	4/6/2026	4/6/2026	30	30	0	0	0	3632,3	0	0	0	0	0	0	0	0	0	0	0	3845,94
SR00535	31/5/2026	R	7,90094E+11	CONSTRUCTORA PATRIDASA S A	J	7	1	2				3,001E+12	2417,31	2283,03	11/5/2026	10/6/2026	10/6/2026	30	30	0	0	0	2283,03	0	0	0	0	0	0	0	0	0	0	0	2417,31
SR00535	31/5/2026	R	7,90094E+11	CONSTRUCTORA PATRIDASA S A	J	7	1	2				2,001E+12	6681,15	6125,75	31/3/2026	30/4/2026	30/4/2026	30	30	31	6125,75	0	0	0	0	0	0	0	6125,75	0	0	0	0	0	6681,15
SR00535	31/5/2026	R	7,90094E+11	CONSTRUCTORA PATRIDASA S A	J	7	1	2				2,001E+12	537,71	289,87	31/3/2026	30/4/2026	30/4/2026	30	30	31	289,87	0	0	0	0	0	0	0	289,87	0	0	0	0	0	537,71
SR00535	31/5/2026	R	9,90215E+11	CONSTRUCTORA THALIA VICTORIA S,A,	J	9	1	12				2,001E+12	223,93	181,5	15/5/2026	14/6/2026	14/6/2026	30	30	0	0	0	181,5	0	0	0	0	0	0	0	0	0	0	0	223,93
SR00535	31/5/2026	R	9,90215E+11	CONSTRUCTORA THALIA VICTORIA S,A,	J	9	1	12				2,001E+12	7685,22	6967,72	7/5/2026	6/6/2026	6/6/2026	30	30	0	0	0	6967,72	0	0	0	0	0	0	0	0	0	0	0	7685,22
SR00535	31/5/2026	R	9,90215E+11	CONSTRUCTORA THALIA VICTORIA S,A,	J	9	1	12				2,001E+12	298,56	241,98	7/5/2026	6/6/2026	6/6/2026	30	30	0	0	0	241,98	0	0	0	0	0	0	0	0	0	0	0	298,56
SR00535	31/5/2026	R	9,90347E+11	CONSTRUMERCADO S,A,	J	9	1	12				3,001E+12	350,36	345,79	28/5/2026	12/7/2026	12/7/2026	45	45	0	0	0	0	345,79	0	0	0	0	0	0	0	0	0	0	350,36
SR00535	31/5/2026	R	9,90347E+11	CONSTRUMERCADO S,A,	J	9	1	12				3,001E+12	759,25	749,35	28/5/2026	12/7/2026	12/7/2026	45	45	0	0	0	0	749,35	0	0	0	0	0	0	0	0	0	0	759,25
SR00535	31/5/2026	R	9,90347E+11	CONSTRUMERCADO S,A,	J	9	1	12				3,001E+12	513,5	506,8	28/5/2026	12/6/2026	12/6/2026	15	15	0	0	0	506,8	0	0	0	0	0	0	0	0	0	0	0	513,5
SR00535	31/5/2026	R	9,90347E+11	CONSTRUMERCADO S,A,	J	9	1	12				2,001E+12	1684,93	1662,95	28/5/2026	12/7/2026	12/7/2026	45	45	0	0	0	0	1662,95	0	0	0	0	0	0	0	0	0	0	1684,93
SR00535	31/5/2026	R	9,90347E+11	CONSTRUMERCADO S,A,	J	9	1	12				3,001E+12	122,79	122,79	28/5/2026	12/7/2026	12/7/2026	45	45	0	0	0	0	122,79	0	0	0	0	0	0	0	0	0	0	122,79
SR00535	31/5/2026	R	9,90347E+11	CONSTRUMERCADO S,A,	J	9	1	12				3,001E+12	189,76	187,28	27/5/2026	11/7/2026	11/7/2026	45	45	0	0	0	0	187,28	0	0	0	0	0	0	0	0	0	0	189,76
SR00535	31/5/2026	R	9,90347E+11	CONSTRUMERCADO S,A,	J	9	1	12				1,001E+12	296,42	296,42	29/5/2026	13/7/2026	13/7/2026	45	45	0	0	0	0	296,42	0	0	0	0	0	0	0	0	0	0	296,42
SR00535	31/5/2026	R	9,90347E+11	CONSTRUMERCADO S,A,	J	9	1	12				1,001E+12	149,29	147,34	25/5/2026	9/6/2026	9/6/2026	15	15	0	0	0	147,34	0	0	0	0	0	0	0	0	0	0	0	149,29
SR00535	31/5/2026	R	9,90347E+11	CONSTRUMERCADO S,A,	J	9	1	12				3,001E+12	750,01	740,23	28/5/2026	12/7/2026	12/7/2026	45	45	0	0	0	0	740,23	0	0	0	0	0	0	0	0	0	0	750,01
SR00535	31/5/2026	R	9,90347E+11	CONSTRUMERCADO S,A,	J	9	1	12				2,001E+12	2822,47	2785,65	28/5/2026	12/7/2026	12/7/2026	45	45	0	0	0	0	2785,65	0	0	0	0	0	0	0	0	0	0	2822,47
SR00535	31/5/2026	R	9,90347E+11	CONSTRUMERCADO S,A,	J	9	1	12				3,001E+12	527,09	520,21	27/5/2026	1/6/2026	1/6/2026	5	5	0	0	0	520,21	0	0	0	0	0	0	0	0	0	0	0	527,09
SR00535	31/5/2026	R	9,90347E+11	CONSTRUMERCADO S,A,	J	9	1	12				2,001E+12	252,55	249,26	28/5/2026	12/6/2026	12/6/2026	15	15	0	0	0	249,26	0	0	0	0	0	0	0	0	0	0	0	252,55
SR00535	31/5/2026	R	9,90347E+11	CONSTRUMERCADO S,A,	J	9	1	12				3,001E+12	454,83	448,9	27/5/2026	11/7/2026	11/7/2026	45	45	0	0	0	0	448,9	0	0	0	0	0	0	0	0	0	0	454,83
SR00535	31/5/2026	R	9,90347E+11	CONSTRUMERCADO S,A,	J	9	1	12				3,001E+12	101,42	100,1	27/5/2026	1/6/2026	1/6/2026	5	5	0	0	0	100,1	0	0	0	0	0	0	0	0	0	0	0	101,42
SR00535	31/5/2026	R	9,90347E+11	CONSTRUMERCADO S,A,	J	9	1	12				3,001E+12	97,98	96,7	29/5/2026	13/7/2026	13/7/2026	45	45	0	0	0	0	96,7	0	0	0	0	0	0	0	0	0	0	97,98
SR00535	31/5/2026	R	9,90347E+11	CONSTRUMERCADO S,A,	J	9	1	12				2,001E+12	101,5	101,5	29/5/2026	13/7/2026	13/7/2026	45	45	0	0	0	0	101,5	0	0	0	0	0	0	0	0	0	0	101,5
SR00535	31/5/2026	R	9,90347E+11	CONSTRUMERCADO S,A,	J	9	1	12				2,001E+12	140,23	138,4	28/5/2026	12/7/2026	12/7/2026	45	45	0	0	0	0	138,4	0	0	0	0	0	0	0	0	0	0	140,23
SR00535	31/5/2026	R	9,90347E+11	CONSTRUMERCADO S,A,	J	9	1	12				2,001E+12	141,85	140	29/5/2026	13/7/2026	13/7/2026	45	45	0	0	0	0	140	0	0	0	0	0	0	0	0	0	0	141,85
SR00535	31/5/2026	R	9,90347E+11	CONSTRUMERCADO S,A,	J	9	1	12				3,001E+12	310,86	306,8	28/5/2026	2/6/2026	2/6/2026	5	5	0	0	0	306,8	0	0	0	0	0	0	0	0	0	0	0	310,86
SR00535	31/5/2026	R	9,90347E+11	CONSTRUMERCADO S,A,	J	9	1	12				2,001E+12	517,83	511,08	29/5/2026	13/7/2026	13/7/2026	45	45	0	0	0	0	511,08	0	0	0	0	0	0	0	0	0	0	517,83
SR00535	31/5/2026	R	9,90347E+11	CONSTRUMERCADO S,A,	J	9	1	12				1,001E+12	168,98	166,78	27/5/2026	11/6/2026	11/6/2026	15	15	0	0	0	166,78	0	0	0	0	0	0	0	0	0	0	0	168,98
SR00535	31/5/2026	R	9,90347E+11	CONSTRUMERCADO S,A,	J	9	1	12				3,001E+12	453,02	447,11	28/5/2026	12/6/2026	12/6/2026	15	15	0	0	0	447,11	0	0	0	0	0	0	0	0	0	0	0	453,02
SR00535	31/5/2026	R	9,90347E+11	CONSTRUMERCADO S,A,	J	9	1	12				1,001E+12	1194,54	1194,54	29/5/2026	13/7/2026	13/7/2026	45	45	0	0	0	0	1194,54	0	0	0	0	0	0	0	0	0	0	1194,54
SR00535	31/5/2026	R	9,90347E+11	CONSTRUMERCADO S,A,	J	9	1	12				3,001E+12	2125	2097,28	28/5/2026	12/7/2026	12/7/2026	45	45	0	0	0	0	2097,28	0	0	0	0	0	0	0	0	0	0	2125
SR00535	31/5/2026	R	9,90347E+11	CONSTRUMERCADO S,A,	J	9	1	12				3,001E+12	789,81	779,51	27/5/2026	11/6/2026	11/6/2026	15	15	0	0	0	779,51	0	0	0	0	0	0	0	0	0	0	0	789,81
SR00535	31/5/2026	R	9,90347E+11	CONSTRUMERCADO S,A,	J	9	1	12				3,001E+12	3268,86	3268,86	28/5/2026	12/7/2026	12/7/2026	45	45	0	0	0	0	3268,86	0	0	0	0	0	0	0	0	0	0	3268,86
SR00535	31/5/2026	R	9,90347E+11	CONSTRUMERCADO S,A,	J	9	1	12				2,001E+12	560,22	552,91	28/5/2026	12/7/2026	12/7/2026	45	45	0	0	0	0	552,91	0	0	0	0	0	0	0	0	0	0	560,22
SR00535	31/5/2026	R	9,90347E+11	CONSTRUMERCADO S,A,	J	9	1	12				2,001E+12	218,96	218,96	28/5/2026	12/6/2026	12/6/2026	15	15	0	0	0	218,96	0	0	0	0	0	0	0	0	0	0	0	218,96
SR00535	31/5/2026	R	9,90347E+11	CONSTRUMERCADO S,A,	J	9	1	12				2,001E+12	808,53	797,98	29/5/2026	3/6/2026	3/6/2026	5	5	0	0	0	797,98	0	0	0	0	0	0	0	0	0	0	0	808,53
SR00535	31/5/2026	R	9,90347E+11	CONSTRUMERCADO S,A,	J	9	1	12				2,001E+12	858,53	847,33	26/5/2026	10/7/2026	10/7/2026	45	45	0	0	0	0	847,33	0	0	0	0	0	0	0	0	0	0	858,53
SR00535	31/5/2026	R	9,90347E+11	CONSTRUMERCADO S,A,	J	9	1	12				2,001E+12	236,92	233,83	28/5/2026	12/7/2026	12/7/2026	45	45	0	0	0	0	233,83	0	0	0	0	0	0	0	0	0	0	236,92
SR00535	31/5/2026	R	9,90347E+11	CONSTRUMERCADO S,A,	J	9	1	12				3,001E+12	1227,82	1227,82	28/5/2026	12/7/2026	12/7/2026	45	45	0	0	0	0	1227,82	0	0	0	0	0	0	0	0	0	0	1227,82
SR00535	31/5/2026	R	9,90347E+11	CONSTRUMERCADO S,A,	J	9	1	12				1,001E+12	1569,72	1549,24	26/5/2026	31/5/2026	31/5/2026	5	5	0	0	0	1549,24	0	0	0	0	0	0	0	0	0	0	0	1569,72
SR00535	31/5/2026	R	9,90347E+11	CONSTRUMERCADO S,A,	J	9	1	12				1,001E+12	124,37	122,75	29/5/2026	13/7/2026	13/7/2026	45	45	0	0	0	0	122,75	0	0	0	0	0	0	0	0	0	0	124,37
SR00535	31/5/2026	R	9,90347E+11	CONSTRUMERCADO S,A,	J	9	1	12				1,001E+12	111,16	111,16	28/5/2026	2/6/2026	2/6/2026	5	5	0	0	0	111,16	0	0	0	0	0	0	0	0	0	0	0	111,16
SR00535	31/5/2026	R	9,90347E+11	CONSTRUMERCADO S,A,	J	9	1	12				1,001E+12	199,63	197,03	29/5/2026	13/7/2026	13/7/2026	45	45	0	0	0	0	197,03	0	0	0	0	0	0	0	0	0	0	199,63
SR00535	31/5/2026	R	9,90347E+11	CONSTRUMERCADO S,A,	J	9	1	12				1,001E+12	78,32	77,3	28/5/2026	12/7/2026	12/7/2026	45	45	0	0	0	0	77,3	0	0	0	0	0	0	0	0	0	0	78,32
SR00535	31/5/2026	R	9,90347E+11	CONSTRUMERCADO S,A,	J	9	1	12				1,001E+12	1393,46	1375,28	27/5/2026	1/6/2026	1/6/2026	5	5	0	0	0	1375,28	0	0	0	0	0	0	0	0	0	0	0	1393,46
SR00535	31/5/2026	R	9,90347E+11	CONSTRUMERCADO S,A,	J	9	1	12				3,001E+12	3559,61	3559,61	28/5/2026	12/7/2026	12/7/2026	45	45	0	0	0	0	3559,61	0	0	0	0	0	0	0	0	0	0	3559,61
SR00535	31/5/2026	R	9,90347E+11	CONSTRUMERCADO S,A,	J	9	1	12				2,001E+12	376,45	376,45	29/5/2026	13/7/2026	13/7/2026	45	45	0	0	0	0	376,45	0	0	0	0	0	0	0	0	0	0	376,45
SR00535	31/5/2026	R	9,90347E+11	CONSTRUMERCADO S,A,	J	9	1	12				2,001E+12	441,58	435,82	28/5/2026	2/6/2026	2/6/2026	5	5	0	0	0	435,82	0	0	0	0	0	0	0	0	0	0	0	441,58
SR00535	31/5/2026	R	9,90347E+11	CONSTRUMERCADO S,A,	J	9	1	12				2,001E+12	623,52	615,39	29/5/2026	13/7/2026	13/7/2026	45	45	0	0	0	0	615,39	0	0	0	0	0	0	0	0	0	0	623,52
SR00535	31/5/2026	R	9,90347E+11	CONSTRUMERCADO S,A,	J	9	1	12				2,001E+12	515,09	508,37	28/5/2026	12/7/2026	12/7/2026	45	45	0	0	0	0	508,37	0	0	0	0	0	0	0	0	0	0	515,09
SR00535	31/5/2026	R	9,90347E+11	CONSTRUMERCADO S,A,	J	9	1	12				1,001E+12	1505,91	1486,27	27/5/2026	1/6/2026	1/6/2026	5	5	0	0	0	1486,27	0	0	0	0	0	0	0	0	0	0	0	1505,91
SR00535	31/5/2026	R	9,90347E+11	CONSTRUMERCADO S,A,	J	9	1	12				3,001E+12	293,94	290,11	29/5/2026	13/7/2026	13/7/2026	45	45	0	0	0	0	290,11	0	0	0	0	0	0	0	0	0	0	293,94
SR00535	31/5/2026	R	9,90347E+11	CONSTRUMERCADO S,A,	J	9	1	12				3,001E+12	1658,63	1637	28/5/2026	12/7/2026	12/7/2026	45	45	0	0	0	0	1637	0	0	0	0	0	0	0	0	0	0	1658,63
SR00535	31/5/2026	R	9,90347E+11	CONSTRUMERCADO S,A,	J	9	1	12				3,001E+12	626,37	626,37	29/5/2026	13/7/2026	13/7/2026	45	45	0	0	0	0	626,37	0	0	0	0	0	0	0	0	0	0	626,37
SR00535	31/5/2026	R	9,90347E+11	CONSTRUMERCADO S,A,	J	9	1	12				2,001E+12	202,78	200,13	29/5/2026	3/6/2026	3/6/2026	5	5	0	0	0	200,13	0	0	0	0	0	0	0	0	0	0	0	202,78
SR00535	31/5/2026	R	9,90347E+11	CONSTRUMERCADO S,A,	J	9	1	12				3,001E+12	245,05	241,85	29/5/2026	13/7/2026	13/7/2026	45	45	0	0	0	0	241,85	0	0	0	0	0	0	0	0	0	0	245,05
SR00535	31/5/2026	R	9,90347E+11	CONSTRUMERCADO S,A,	J	9	1	12				2,001E+12	268,41	264,91	29/5/2026	13/7/2026	13/7/2026	45	45	0	0	0	0	264,91	0	0	0	0	0	0	0	0	0	0	268,41
SR00535	31/5/2026	R	9,90347E+11	CONSTRUMERCADO S,A,	J	9	1	12				1,001E+12	248,75	245,5	28/5/2026	12/7/2026	12/7/2026	45	45	0	0	0	0	245,5	0	0	0	0	0	0	0	0	0	0	248,75
SR00535	31/5/2026	R	9,90347E+11	CONSTRUMERCADO S,A,	J	9	1	12				3,001E+12	118,07	118,07	28/5/2026	12/7/2026	12/7/2026	45	45	0	0	0	0	118,07	0	0	0	0	0	0	0	0	0	0	118,07
SR00535	31/5/2026	R	9,90347E+11	CONSTRUMERCADO S,A,	J	9	1	12				1,001E+12	153,04	153,04	28/5/2026	12/7/2026	12/7/2026	45	45	0	0	0	0	153,04	0	0	0	0	0	0	0	0	0	0	153,04
SR00535	31/5/2026	R	9,90347E+11	CONSTRUMERCADO S,A,	J	9	1	12				2,001E+12	327,55	323,28	28/5/2026	12/7/2026	12/7/2026	45	45	0	0	0	0	323,28	0	0	0	0	0	0	0	0	0	0	327,55
SR00535	31/5/2026	R	9,90347E+11	CONSTRUMERCADO S,A,	J	9	1	12				3,001E+12	260,94	257,54	27/5/2026	11/7/2026	11/7/2026	45	45	0	0	0	0	257,54	0	0	0	0	0	0	0	0	0	0	260,94
SR00535	31/5/2026	R	9,90347E+11	CONSTRUMERCADO S,A,	J	9	1	12				3,001E+12	1387,13	1387,13	28/5/2026	12/7/2026	12/7/2026	45	45	0	0	0	0	1387,13	0	0	0	0	0	0	0	0	0	0	1387,13
SR00535	31/5/2026	R	9,90347E+11	CONSTRUMERCADO S,A,	J	9	1	12				1,001E+12	1058,09	1044,29	27/5/2026	1/6/2026	1/6/2026	5	5	0	0	0	1044,29	0	0	0	0	0	0	0	0	0	0	0	1058,09
SR00535	31/5/2026	R	9,90347E+11	CONSTRUMERCADO S,A,	J	9	1	12				2,001E+12	2647,42	2612,89	28/5/2026	12/7/2026	12/7/2026	45	45	0	0	0	0	2612,89	0	0	0	0	0	0	0	0	0	0	2647,42
SR00535	31/5/2026	R	9,90347E+11	CONSTRUMERCADO S,A,	J	9	1	12				1,001E+12	200,48	197,86	27/5/2026	11/7/2026	11/7/2026	45	45	0	0	0	0	197,86	0	0	0	0	0	0	0	0	0	0	200,48
SR00535	31/5/2026	R	9,90347E+11	CONSTRUMERCADO S,A,	J	9	1	12				3,001E+12	1103,64	1089,24	27/5/2026	1/6/2026	1/6/2026	5	5	0	0	0	1089,24	0	0	0	0	0	0	0	0	0	0	0	1103,64
SR00535	31/5/2026	R	9,90347E+11	CONSTRUMERCADO S,A,	J	9	1	12				3,001E+12	151,85	149,87	28/5/2026	12/7/2026	12/7/2026	45	45	0	0	0	0	149,87	0	0	0	0	0	0	0	0	0	0	151,85
SR00535	31/5/2026	R	9,90347E+11	CONSTRUMERCADO S,A,	J	9	1	12				2,001E+12	157,21	155,16	27/5/2026	11/7/2026	11/7/2026	45	45	0	0	0	0	155,16	0	0	0	0	0	0	0	0	0	0	157,21
SR00535	31/5/2026	R	9,90347E+11	CONSTRUMERCADO S,A,	J	9	1	12				1,001E+12	129,84	128,15	27/5/2026	11/6/2026	11/6/2026	15	15	0	0	0	128,15	0	0	0	0	0	0	0	0	0	0	0	129,84
SR00535	31/5/2026	R	9,90347E+11	CONSTRUMERCADO S,A,	J	9	1	12				2,001E+12	232,29	229,26	27/5/2026	11/7/2026	11/7/2026	45	45	0	0	0	0	229,26	0	0	0	0	0	0	0	0	0	0	232,29
SR00535	31/5/2026	R	9,90347E+11	CONSTRUMERCADO S,A,	J	9	1	12				3,001E+12	1163,49	1163,49	28/5/2026	12/7/2026	12/7/2026	45	45	0	0	0	0	1163,49	0	0	0	0	0	0	0	0	0	0	1163,49
SR00535	31/5/2026	R	9,90347E+11	CONSTRUMERCADO S,A,	J	9	1	12				3,001E+12	183,2	180,81	27/5/2026	1/6/2026	1/6/2026	5	5	0	0	0	180,81	0	0	0	0	0	0	0	0	0	0	0	183,2
SR00535	31/5/2026	R	9,90347E+11	CONSTRUMERCADO S,A,	J	9	1	12				3,001E+12	293,11	289,29	26/5/2026	10/6/2026	10/6/2026	15	15	0	0	0	289,29	0	0	0	0	0	0	0	0	0	0	0	293,11
SR00535	31/5/2026	R	9,90347E+11	CONSTRUMERCADO S,A,	J	9	1	12				3,001E+12	1227,82	1211,8	27/5/2026	11/7/2026	11/7/2026	45	45	0	0	0	0	1211,8	0	0	0	0	0	0	0	0	0	0	1227,82
SR00535	31/5/2026	R	9,90347E+11	CONSTRUMERCADO S,A,	J	9	1	12				2,001E+12	112,76	111,29	28/5/2026	12/7/2026	12/7/2026	45	45	0	0	0	0	111,29	0	0	0	0	0	0	0	0	0	0	112,76
SR00535	31/5/2026	R	9,90347E+11	CONSTRUMERCADO S,A,	J	9	1	12				2,001E+12	393,86	393,86	29/5/2026	13/7/2026	13/7/2026	45	45	0	0	0	0	393,86	0	0	0	0	0	0	0	0	0	0	393,86
SR00535	31/5/2026	R	9,90347E+11	CONSTRUMERCADO S,A,	J	9	1	12				2,001E+12	1086,32	1086,32	28/5/2026	12/7/2026	12/7/2026	45	45	0	0	0	0	1086,32	0	0	0	0	0	0	0	0	0	0	1086,32
SR00535	31/5/2026	R	9,90347E+11	CONSTRUMERCADO S,A,	J	9	1	12				2,001E+12	1816,07	1816,07	28/5/2026	12/7/2026	12/7/2026	45	45	0	0	0	0	1816,07	0	0	0	0	0	0	0	0	0	0	1816,07
SR00535	31/5/2026	R	9,90347E+11	CONSTRUMERCADO S,A,	J	9	1	12				2,001E+12	1007,17	1007,17	28/5/2026	12/7/2026	12/7/2026	45	45	0	0	0	0	1007,17	0	0	0	0	0	0	0	0	0	0	1007,17
SR00535	31/5/2026	R	9,90347E+11	CONSTRUMERCADO S,A,	J	9	1	12				3,001E+12	6247,24	6165,75	27/5/2026	11/7/2026	11/7/2026	45	45	0	0	0	0	6165,75	0	0	0	0	0	0	0	0	0	0	6247,24
SR00535	31/5/2026	R	9,90347E+11	CONSTRUMERCADO S,A,	J	9	1	12				2,001E+12	1026,32	1012,93	28/5/2026	12/7/2026	12/7/2026	45	45	0	0	0	0	1012,93	0	0	0	0	0	0	0	0	0	0	1026,32
SR00535	31/5/2026	R	9,90347E+11	CONSTRUMERCADO S,A,	J	9	1	12				3,001E+12	313,27	309,18	29/5/2026	13/7/2026	13/7/2026	45	45	0	0	0	0	309,18	0	0	0	0	0	0	0	0	0	0	313,27
SR00535	31/5/2026	R	9,90347E+11	CONSTRUMERCADO S,A,	J	9	1	12				3,001E+12	829,77	829,77	28/5/2026	12/7/2026	12/7/2026	45	45	0	0	0	0	829,77	0	0	0	0	0	0	0	0	0	0	829,77
SR00535	31/5/2026	R	9,90347E+11	CONSTRUMERCADO S,A,	J	9	1	12				2,001E+12	366,45	366,45	29/5/2026	13/7/2026	13/7/2026	45	45	0	0	0	0	366,45	0	0	0	0	0	0	0	0	0	0	366,45
SR00535	31/5/2026	R	9,90347E+11	CONSTRUMERCADO S,A,	J	9	1	12				3,001E+12	944,52	944,52	28/5/2026	12/7/2026	12/7/2026	45	45	0	0	0	0	944,52	0	0	0	0	0	0	0	0	0	0	944,52
SR00535	31/5/2026	R	9,90347E+11	CONSTRUMERCADO S,A,	J	9	1	12				2,001E+12	740,37	730,71	28/5/2026	12/7/2026	12/7/2026	45	45	0	0	0	0	730,71	0	0	0	0	0	0	0	0	0	0	740,37
SR00535	31/5/2026	R	9,90347E+11	CONSTRUMERCADO S,A,	J	9	1	12				1,001E+12	1164,64	1149,45	27/5/2026	11/6/2026	11/6/2026	15	15	0	0	0	1149,45	0	0	0	0	0	0	0	0	0	0	0	1164,64
SR00535	31/5/2026	R	9,90347E+11	CONSTRUMERCADO S,A,	J	9	1	12				2,001E+12	2479,76	2447,41	28/5/2026	2/6/2026	2/6/2026	5	5	0	0	0	2447,41	0	0	0	0	0	0	0	0	0	0	0	2479,76
SR00535	31/5/2026	R	9,90347E+11	CONSTRUMERCADO S,A,	J	9	1	12				1,001E+12	1329,11	1311,77	29/5/2026	13/7/2026	13/7/2026	45	45	0	0	0	0	1311,77	0	0	0	0	0	0	0	0	0	0	1329,11
SR00535	31/5/2026	R	9,90347E+11	CONSTRUMERCADO S,A,	J	9	1	12				1,001E+12	108,99	108,99	29/5/2026	13/7/2026	13/7/2026	45	45	0	0	0	0	108,99	0	0	0	0	0	0	0	0	0	0	108,99
SR00535	31/5/2026	R	9,90347E+11	CONSTRUMERCADO S,A,	J	9	1	12				1,001E+12	1449,69	1449,69	28/5/2026	12/7/2026	12/7/2026	45	45	0	0	0	0	1449,69	0	0	0	0	0	0	0	0	0	0	1449,69
SR00535	31/5/2026	R	9,90347E+11	CONSTRUMERCADO S,A,	J	9	1	12				1,001E+12	746,63	746,63	29/5/2026	13/7/2026	13/7/2026	45	45	0	0	0	0	746,63	0	0	0	0	0	0	0	0	0	0	746,63
SR00535	31/5/2026	R	9,90347E+11	CONSTRUMERCADO S,A,	J	9	1	12				3,001E+12	151,85	149,87	28/5/2026	12/7/2026	12/7/2026	45	45	0	0	0	0	149,87	0	0	0	0	0	0	0	0	0	0	151,85
SR00535	31/5/2026	R	9,90347E+11	CONSTRUMERCADO S,A,	J	9	1	12				1,001E+12	1874,58	1850,13	27/5/2026	11/7/2026	11/7/2026	45	45	0	0	0	0	1850,13	0	0	0	0	0	0	0	0	0	0	1874,58
SR00535	31/5/2026	R	9,90347E+11	CONSTRUMERCADO S,A,	J	9	1	12				2,001E+12	361,25	361,25	29/5/2026	13/7/2026	13/7/2026	45	45	0	0	0	0	361,25	0	0	0	0	0	0	0	0	0	0	361,25
SR00535	31/5/2026	R	9,90347E+11	CONSTRUMERCADO S,A,	J	9	1	12				1,001E+12	100,48	99,17	28/5/2026	12/7/2026	12/7/2026	45	45	0	0	0	0	99,17	0	0	0	0	0	0	0	0	0	0	100,48
SR00535	31/5/2026	R	9,90347E+11	CONSTRUMERCADO S,A,	J	9	1	12				1,001E+12	161,02	158,92	25/5/2026	9/7/2026	9/7/2026	45	45	0	0	0	0	158,92	0	0	0	0	0	0	0	0	0	0	161,02
SR00535	31/5/2026	R	9,90347E+11	CONSTRUMERCADO S,A,	J	9	1	12				2,001E+12	240,24	237,11	27/5/2026	1/6/2026	1/6/2026	5	5	0	0	0	237,11	0	0	0	0	0	0	0	0	0	0	0	240,24
SR00535	31/5/2026	R	9,90347E+11	CONSTRUMERCADO S,A,	J	9	1	12				1,001E+12	845,2	834,18	26/5/2026	31/5/2026	31/5/2026	5	5	0	0	0	834,18	0	0	0	0	0	0	0	0	0	0	0	845,2
SR00535	31/5/2026	R	9,90347E+11	CONSTRUMERCADO S,A,	J	9	1	12				2,001E+12	2302,39	2272,36	29/5/2026	13/7/2026	13/7/2026	45	45	0	0	0	0	2272,36	0	0	0	0	0	0	0	0	0	0	2302,39
SR00535	31/5/2026	R	9,90347E+11	CONSTRUMERCADO S,A,	J	9	1	12				2,001E+12	2602,52	2568,57	29/5/2026	13/7/2026	13/7/2026	45	45	0	0	0	0	2568,57	0	0	0	0	0	0	0	0	0	0	2602,52
SR00535	31/5/2026	R	9,90347E+11	CONSTRUMERCADO S,A,	J	9	1	12				3,001E+12	817,21	817,21	28/5/2026	12/7/2026	12/7/2026	45	45	0	0	0	0	817,21	0	0	0	0	0	0	0	0	0	0	817,21
SR00535	31/5/2026	R	9,92668E+11	CONSTRUOCCIDENTE S,A,	J	9	1	12				2,001E+12	1168,79	1023,2	12/4/2026	11/6/2026	11/6/2026	60	60	0	0	0	1023,2	0	0	0	0	0	0	0	0	0	0	0	1168,79
SR00535	31/5/2026	R	9,92668E+11	CONSTRUOCCIDENTE S,A,	J	9	1	12				2,001E+12	1451,95	1301,71	28/4/2026	27/6/2026	27/6/2026	60	60	0	0	0	1301,71	0	0	0	0	0	0	0	0	0	0	0	1451,95
SR00535	31/5/2026	R	9,92668E+11	CONSTRUOCCIDENTE S,A,	J	9	1	12				2,001E+12	2878,52	2556,47	5/5/2026	4/7/2026	4/7/2026	60	60	0	0	0	0	2556,47	0	0	0	0	0	0	0	0	0	0	2878,52
SR00535	31/5/2026	R	9,92668E+11	CONSTRUOCCIDENTE S,A,	J	9	1	12				1,001E+12	1898,82	1703,93	26/4/2026	25/6/2026	25/6/2026	60	60	0	0	0	1703,93	0	0	0	0	0	0	0	0	0	0	0	1898,82
SR00535	31/5/2026	R	9,92668E+11	CONSTRUOCCIDENTE S,A,	J	9	1	12				2,001E+12	171,53	171,53	14/4/2026	13/6/2026	13/6/2026	60	60	0	0	0	171,53	0	0	0	0	0	0	0	0	0	0	0	171,53
SR00535	31/5/2026	R	1,29173E+12	CONSVIVISA S,A,	J	12	1	50				2,001E+12	15328,32	8286,45	12/3/2026	11/5/2026	11/5/2026	60	60	20	8286,45	0	0	0	0	0	0	8286,45	0	0	0	0	0	0	15328,32
SR00535	31/5/2026	R	1,29173E+12	CONSVIVISA S,A,	J	12	1	50				1,001E+12	1648,48	1568,76	6/5/2026	5/7/2026	5/7/2026	60	60	0	0	0	0	1568,76	0	0	0	0	0	0	0	0	0	0	1648,48
SR00535	31/5/2026	R	1,29173E+12	CONSVIVISA S,A,	J	12	1	50				2,001E+12	15660,13	15455,87	21/5/2026	20/7/2026	20/7/2026	60	60	0	0	0	0	15455,87	0	0	0	0	0	0	0	0	0	0	15660,13
SR00535	31/5/2026	R	1,29173E+12	CONSVIVISA S,A,	J	12	1	50				2,001E+12	10982,83	10738,97	23/4/2026	22/6/2026	22/6/2026	60	60	0	0	0	10738,97	0	0	0	0	0	0	0	0	0	0	0	10982,83
SR00535	31/5/2026	R	1,29173E+12	CONSVIVISA S,A,	J	12	1	50				2,001E+12	13898,22	13716,94	21/5/2026	20/7/2026	20/7/2026	60	60	0	0	0	0	13716,94	0	0	0	0	0	0	0	0	0	0	13898,22
SR00535	31/5/2026	R	1,29173E+12	CONSVIVISA S,A,	J	12	1	50				2,001E+12	2178,63	2107,76	7/5/2026	6/7/2026	6/7/2026	60	60	0	0	0	0	2107,76	0	0	0	0	0	0	0	0	0	0	2178,63
SR00535	31/5/2026	R	1,29173E+12	CONSVIVISA S,A,	J	12	1	50				2,001E+12	920,97	876,43	11/5/2026	10/7/2026	10/7/2026	60	60	0	0	0	0	876,43	0	0	0	0	0	0	0	0	0	0	920,97
SR00535	31/5/2026	R	1,29173E+12	CONSVIVISA S,A,	J	12	1	50				2,001E+12	189,39	173,56	7/5/2026	6/7/2026	6/7/2026	60	60	0	0	0	0	173,56	0	0	0	0	0	0	0	0	0	0	189,39
SR00535	31/5/2026	R	1,29173E+12	CONSVIVISA S,A,	J	12	1	50				1,001E+12	16395,92	15941,25	22/4/2026	21/6/2026	21/6/2026	60	60	0	0	0	15941,25	0	0	0	0	0	0	0	0	0	0	0	16395,92
SR00535	31/5/2026	R	1,29173E+12	CONSVIVISA S,A,	J	12	1	50				2,001E+12	7767,42	6538,59	6/4/2026	5/6/2026	5/6/2026	60	60	0	0	0	6538,59	0	0	0	0	0	0	0	0	0	0	0	7767,42
SR00535	31/5/2026	R	1,29173E+12	CONSVIVISA S,A,	J	12	1	50				1,001E+12	9205,51	9063,49	6/5/2026	5/7/2026	5/7/2026	60	60	0	0	0	0	9063,49	0	0	0	0	0	0	0	0	0	0	9205,51
SR00535	31/5/2026	R	1,29173E+12	CONSVIVISA S,A,	J	12	1	50				2,001E+12	5567,04	5494,43	21/5/2026	20/7/2026	20/7/2026	60	60	0	0	0	0	5494,43	0	0	0	0	0	0	0	0	0	0	5567,04
SR00535	31/5/2026	R	1,29173E+12	CONSVIVISA S,A,	J	12	1	50				2,001E+12	2950,47	2608,44	18/3/2026	17/5/2026	17/5/2026	60	60	14	2608,44	0	0	0	0	0	0	2608,44	0	0	0	0	0	0	2950,47
SR00535	31/5/2026	R	1,29173E+12	CONSVIVISA S,A,	J	12	1	50				2,001E+12	950,49	904,52	7/5/2026	6/7/2026	6/7/2026	60	60	0	0	0	0	904,52	0	0	0	0	0	0	0	0	0	0	950,49
SR00535	31/5/2026	R	1,29173E+12	CONSVIVISA S,A,	J	12	1	50				1,001E+12	16912,94	16692,34	22/4/2026	21/6/2026	21/6/2026	60	60	0	0	0	16692,34	0	0	0	0	0	0	0	0	0	0	0	16912,94
SR00535	31/5/2026	R	1,29173E+12	CONSVIVISA S,A,	J	12	1	50				2,001E+12	7707,67	2048,72	6/4/2026	5/6/2026	5/6/2026	60	60	0	0	0	2048,72	0	0	0	0	0	0	0	0	0	0	0	7707,67
SR00535	31/5/2026	R	1,29173E+12	CONSVIVISA S,A,	J	12	1	50				2,001E+12	175,9	168,95	21/5/2026	20/7/2026	20/7/2026	60	60	0	0	0	0	168,95	0	0	0	0	0	0	0	0	0	0	175,9
SR00535	31/5/2026	R	1,71713E+12	CORDERO OROSCO TANIA CAROLA	N	17	8	50	F	C	I	1,001E+12	14504,04	14314,86	11/5/2026	21/5/2026	21/5/2026	10	10	10	14314,86	0	0	0	0	0	0	14314,86	0	0	0	0	0	0	14504,04
SR00535	31/5/2026	R	5,0171E+11	CORDOVA ALTAMIRANO JOSE LEODAN	N	15	1	50	M	C	I	1,001E+12	1402,24	1383,95	4/5/2026	3/6/2026	3/6/2026	30	30	0	0	0	1383,95	0	0	0	0	0	0	0	0	0	0	0	1402,24
SR00535	31/5/2026	R	1,79262E+12	CORPORACION COMERCIAL ECUATORIANA	J	17	1	17				1,001E+12	1381,5	1363,48	21/5/2026	5/7/2026	5/7/2026	45	45	0	0	0	0	1363,48	0	0	0	0	0	0	0	0	0	0	1381,5
SR00535	31/5/2026	R	1,79262E+12	CORPORACION COMERCIAL ECUATORIANA	J	17	1	17				1,001E+12	830,89	810,39	17/4/2026	1/6/2026	1/6/2026	45	45	0	0	0	810,39	0	0	0	0	0	0	0	0	0	0	0	830,89
SR00535	31/5/2026	R	9,90004E+11	CORPORACION EL ROSADO S,A,	J	9	1	9				1,001E+12	79,18	78,15	20/4/2026	4/6/2026	4/6/2026	45	45	0	0	0	78,15	0	0	0	0	0	0	0	0	0	0	0	79,18
SR00535	31/5/2026	R	9,90004E+11	CORPORACION EL ROSADO S,A,	J	9	1	9				2,001E+12	3013,44	2974,13	26/5/2026	10/7/2026	10/7/2026	45	45	0	0	0	0	2974,13	0	0	0	0	0	0	0	0	0	0	3013,44
SR00535	31/5/2026	R	9,90004E+11	CORPORACION EL ROSADO S,A,	J	9	1	9				2,001E+12	2191,52	2162,93	5/5/2026	19/6/2026	19/6/2026	45	45	0	0	0	2162,93	0	0	0	0	0	0	0	0	0	0	0	2191,52
SR00535	31/5/2026	R	9,90004E+11	CORPORACION EL ROSADO S,A,	J	9	1	9				2,001E+12	175,47	173,18	19/5/2026	3/7/2026	3/7/2026	45	45	0	0	0	0	173,18	0	0	0	0	0	0	0	0	0	0	175,47
SR00535	31/5/2026	R	9,90004E+11	CORPORACION EL ROSADO S,A,	J	9	1	9				2,001E+12	4554,46	4495,05	12/5/2026	26/6/2026	26/6/2026	45	45	0	0	0	4495,05	0	0	0	0	0	0	0	0	0	0	0	4554,46
SR00535	31/5/2026	R	9,90004E+11	CORPORACION EL ROSADO S,A,	J	9	1	9				1,001E+12	616,04	608,01	27/4/2026	11/6/2026	11/6/2026	45	45	0	0	0	608,01	0	0	0	0	0	0	0	0	0	0	0	616,04
SR00535	31/5/2026	R	9,90004E+11	CORPORACION EL ROSADO S,A,	J	9	1	9				1,001E+12	539,14	532,11	18/5/2026	2/7/2026	2/7/2026	45	45	0	0	0	0	532,11	0	0	0	0	0	0	0	0	0	0	539,14
SR00535	31/5/2026	R	9,90004E+11	CORPORACION EL ROSADO S,A,	J	9	1	9				2,001E+12	2880,42	2842,85	12/5/2026	26/6/2026	26/6/2026	45	45	0	0	0	2842,85	0	0	0	0	0	0	0	0	0	0	0	2880,42
SR00535	31/5/2026	R	9,90004E+11	CORPORACION EL ROSADO S,A,	J	9	1	9				1,001E+12	97,24	95,97	27/4/2026	11/6/2026	11/6/2026	45	45	0	0	0	95,97	0	0	0	0	0	0	0	0	0	0	0	97,24
SR00535	31/5/2026	R	9,90004E+11	CORPORACION EL ROSADO S,A,	J	9	1	9				2,001E+12	93,5	92,28	26/5/2026	10/7/2026	10/7/2026	45	45	0	0	0	0	92,28	0	0	0	0	0	0	0	0	0	0	93,5
SR00535	31/5/2026	R	9,90004E+11	CORPORACION EL ROSADO S,A,	J	9	1	9				2,001E+12	2886,41	2848,76	14/4/2026	29/5/2026	29/5/2026	45	45	2	2848,76	0	0	0	0	0	0	2848,76	0	0	0	0	0	0	2886,41
SR00535	31/5/2026	R	9,90004E+11	CORPORACION EL ROSADO S,A,	J	9	1	9				2,001E+12	8302,85	8194,55	28/4/2026	12/6/2026	12/6/2026	45	45	0	0	0	8194,55	0	0	0	0	0	0	0	0	0	0	0	8302,85
SR00535	31/5/2026	R	9,90004E+11	CORPORACION EL ROSADO S,A,	J	9	1	9				1,001E+12	530,33	530,33	25/5/2026	9/7/2026	9/7/2026	45	45	0	0	0	0	530,33	0	0	0	0	0	0	0	0	0	0	530,33
SR00535	31/5/2026	R	9,90004E+11	CORPORACION EL ROSADO S,A,	J	9	1	9				1,001E+12	355,84	355,84	25/5/2026	9/7/2026	9/7/2026	45	45	0	0	0	0	355,84	0	0	0	0	0	0	0	0	0	0	355,84
SR00535	31/5/2026	R	9,90004E+11	CORPORACION EL ROSADO S,A,	J	9	1	9				2,001E+12	3622,6	3575,35	19/5/2026	3/7/2026	3/7/2026	45	45	0	0	0	0	3575,35	0	0	0	0	0	0	0	0	0	0	3622,6
SR00535	31/5/2026	R	9,90004E+11	CORPORACION EL ROSADO S,A,	J	9	1	9				2,001E+12	5852,74	5776,4	28/4/2026	12/6/2026	12/6/2026	45	45	0	0	0	5776,4	0	0	0	0	0	0	0	0	0	0	0	5852,74
SR00535	31/5/2026	R	9,90004E+11	CORPORACION EL ROSADO S,A,	J	9	1	9				2,001E+12	2151,21	2123,15	19/5/2026	3/7/2026	3/7/2026	45	45	0	0	0	0	2123,15	0	0	0	0	0	0	0	0	0	0	2151,21
SR00535	31/5/2026	R	9,90004E+11	CORPORACION EL ROSADO S,A,	J	9	1	9				1,001E+12	261,35	257,94	18/5/2026	2/7/2026	2/7/2026	45	45	0	0	0	0	257,94	0	0	0	0	0	0	0	0	0	0	261,35
SR00535	31/5/2026	R	9,90004E+11	CORPORACION EL ROSADO S,A,	J	9	1	9				1,001E+12	783,44	773,22	20/4/2026	4/6/2026	4/6/2026	45	45	0	0	0	773,22	0	0	0	0	0	0	0	0	0	0	0	783,44
SR00535	31/5/2026	R	9,90004E+11	CORPORACION EL ROSADO S,A,	J	9	1	9				1,001E+12	1843,51	1819,46	11/5/2026	25/6/2026	25/6/2026	45	45	0	0	0	1819,46	0	0	0	0	0	0	0	0	0	0	0	1843,51
SR00535	31/5/2026	R	9,90004E+11	CORPORACION EL ROSADO S,A,	J	9	1	9				1,001E+12	393,69	388,55	13/4/2026	28/5/2026	28/5/2026	45	45	3	388,55	0	0	0	0	0	0	388,55	0	0	0	0	0	0	393,69
SR00535	31/5/2026	R	9,90004E+11	CORPORACION EL ROSADO S,A,	J	9	1	9				1,001E+12	712,39	703,1	4/5/2026	18/6/2026	18/6/2026	45	45	0	0	0	703,1	0	0	0	0	0	0	0	0	0	0	0	712,39
SR00535	31/5/2026	R	9,90004E+11	CORPORACION EL ROSADO S,A,	J	9	1	9				1,001E+12	661,62	652,99	11/5/2026	25/6/2026	25/6/2026	45	45	0	0	0	652,99	0	0	0	0	0	0	0	0	0	0	0	661,62
SR00535	31/5/2026	R	9,90004E+11	CORPORACION EL ROSADO S,A,	J	9	1	9				2,001E+12	440,14	434,4	5/5/2026	19/6/2026	19/6/2026	45	45	0	0	0	434,4	0	0	0	0	0	0	0	0	0	0	0	440,14
SR00535	31/5/2026	R	9,90004E+11	CORPORACION EL ROSADO S,A,	J	9	1	9				2,001E+12	2216,06	2187,15	5/5/2026	19/6/2026	19/6/2026	45	45	0	0	0	2187,15	0	0	0	0	0	0	0	0	0	0	0	2216,06
SR00535	31/5/2026	R	9,90004E+11	CORPORACION EL ROSADO S,A,	J	9	1	9				2,001E+12	86,01	84,89	28/4/2026	12/6/2026	12/6/2026	45	45	0	0	0	84,89	0	0	0	0	0	0	0	0	0	0	0	86,01
SR00535	31/5/2026	R	9,90004E+11	CORPORACION EL ROSADO S,A,	J	9	1	9				2,001E+12	2508,1	2475,39	26/5/2026	10/7/2026	10/7/2026	45	45	0	0	0	0	2475,39	0	0	0	0	0	0	0	0	0	0	2508,1
SR00535	31/5/2026	R	9,90004E+11	CORPORACION EL ROSADO S,A,	J	9	1	9				1,001E+12	637,32	629,01	4/5/2026	18/6/2026	18/6/2026	45	45	0	0	0	629,01	0	0	0	0	0	0	0	0	0	0	0	637,32
SR00535	31/5/2026	R	9,90004E+11	CORPORACION EL ROSADO S,A,	J	9	1	9				2,001E+12	4014,59	3962,23	14/4/2026	29/5/2026	29/5/2026	45	45	2	3962,23	0	0	0	0	0	0	3962,23	0	0	0	0	0	0	4014,59
SR00535	31/5/2026	R	9,90004E+11	CORPORACION EL ROSADO S,A,	J	9	1	9				2,001E+12	544,78	537,67	21/4/2026	5/6/2026	5/6/2026	45	45	0	0	0	537,67	0	0	0	0	0	0	0	0	0	0	0	544,78
SR00535	31/5/2026	R	9,90004E+11	CORPORACION EL ROSADO S,A,	J	9	1	9				2,001E+12	4647,71	4587,09	21/4/2026	5/6/2026	5/6/2026	45	45	0	0	0	4587,09	0	0	0	0	0	0	0	0	0	0	0	4647,71
SR00535	31/5/2026	R	9,90004E+11	CORPORACION EL ROSADO S,A,	J	9	1	9				2,001E+12	3086,8	3046,54	21/4/2026	5/6/2026	5/6/2026	45	45	0	0	0	3046,54	0	0	0	0	0	0	0	0	0	0	0	3086,8
SR00535	31/5/2026	R	1,79002E+12	CORPORACION FAVORITA C,A,	J	17	5	51				1,001E+12	9504,29	9380,32	21/5/2026	20/6/2026	20/6/2026	30	30	0	0	0	9380,32	0	0	0	0	0	0	0	0	0	0	0	9504,29
SR00535	31/5/2026	R	2,39001E+12	CORPORACION LOPEZ VILLAGOMEZ	J	23	1	3				1,001E+12	22611,93	22316,99	4/5/2026	23/6/2026	23/6/2026	50	50	0	0	0	22316,99	0	0	0	0	0	0	0	0	0	0	0	22611,93
SR00535	31/5/2026	R	2,39001E+12	CORPORACION LOPEZ VILLAGOMEZ	J	23	1	3				1,001E+12	3576,51	3529,86	4/5/2026	23/6/2026	23/6/2026	50	50	0	0	0	3529,86	0	0	0	0	0	0	0	0	0	0	0	3576,51
SR00535	31/5/2026	R	2,39001E+12	CORPORACION LOPEZ VILLAGOMEZ	J	23	1	3				1,001E+12	18109,41	17873,2	29/5/2026	18/7/2026	18/7/2026	50	50	0	0	0	0	17873,2	0	0	0	0	0	0	0	0	0	0	18109,41
SR00535	31/5/2026	R	2,39001E+12	CORPORACION LOPEZ VILLAGOMEZ	J	23	1	3				1,001E+12	277,53	273,91	4/5/2026	23/6/2026	23/6/2026	50	50	0	0	0	273,91	0	0	0	0	0	0	0	0	0	0	0	277,53
SR00535	31/5/2026	R	9,92836E+11	CORPORACION SICORPMATTRESS S,A,	J	9	16	50				2,001E+12	9082,01	9082,01	26/5/2026	25/7/2026	25/7/2026	60	60	0	0	0	0	9082,01	0	0	0	0	0	0	0	0	0	0	9082,01
SR00535	31/5/2026	R	9,92836E+11	CORPORACION SICORPMATTRESS S,A,	J	9	16	50				2,001E+12	4054,5	4054,5	24/3/2026	23/5/2026	23/5/2026	60	60	8	4054,5	0	0	0	0	0	0	4054,5	0	0	0	0	0	0	4054,5
SR00535	31/5/2026	R	9,92836E+11	CORPORACION SICORPMATTRESS S,A,	J	9	16	50				2,001E+12	7717,27	7717,27	27/3/2026	26/5/2026	26/5/2026	60	60	5	7717,27	0	0	0	0	0	0	7717,27	0	0	0	0	0	0	7717,27
SR00535	31/5/2026	R	9,92836E+11	CORPORACION SICORPMATTRESS S,A,	J	9	16	50				1,001E+12	7463,43	7463,43	26/5/2026	25/7/2026	25/7/2026	60	60	0	0	0	0	7463,43	0	0	0	0	0	0	0	0	0	0	7463,43
SR00535	31/5/2026	R	9,92836E+11	CORPORACION SICORPMATTRESS S,A,	J	9	16	50				2,001E+12	3694,65	3694,65	27/3/2026	26/5/2026	26/5/2026	60	60	5	3694,65	0	0	0	0	0	0	3694,65	0	0	0	0	0	0	3694,65
SR00535	31/5/2026	R	9,92836E+11	CORPORACION SICORPMATTRESS S,A,	J	9	16	50				1,001E+12	2202,85	2202,85	12/4/2026	11/6/2026	11/6/2026	60	60	0	0	0	2202,85	0	0	0	0	0	0	0	0	0	0	0	2202,85
SR00535	31/5/2026	R	9,92836E+11	CORPORACION SICORPMATTRESS S,A,	J	9	16	50				2,001E+12	1388,38	1388,38	10/4/2026	9/6/2026	9/6/2026	60	60	0	0	0	1388,38	0	0	0	0	0	0	0	0	0	0	0	1388,38
SR00535	31/5/2026	R	9,92836E+11	CORPORACION SICORPMATTRESS S,A,	J	9	16	50				2,001E+12	3582,81	3582,81	10/4/2026	9/6/2026	9/6/2026	60	60	0	0	0	3582,81	0	0	0	0	0	0	0	0	0	0	0	3582,81
SR00535	31/5/2026	R	9,92836E+11	CORPORACION SICORPMATTRESS S,A,	J	9	16	50				2,001E+12	11014,39	11014,39	24/3/2026	23/5/2026	23/5/2026	60	60	8	11014,39	0	0	0	0	0	0	11014,39	0	0	0	0	0	0	11014,39
SR00535	31/5/2026	R	9,92836E+11	CORPORACION SICORPMATTRESS S,A,	J	9	16	50				2,001E+12	10435,17	10435,17	20/4/2026	19/6/2026	19/6/2026	60	60	0	0	0	10435,17	0	0	0	0	0	0	0	0	0	0	0	10435,17
SR00535	31/5/2026	R	9,92836E+11	CORPORACION SICORPMATTRESS S,A,	J	9	16	50				2,001E+12	9517,76	9517,76	4/5/2026	3/7/2026	3/7/2026	60	60	0	0	0	0	9517,76	0	0	0	0	0	0	0	0	0	0	9517,76
SR00535	31/5/2026	R	9,92836E+11	CORPORACION SICORPMATTRESS S,A,	J	9	16	50				2,001E+12	2772,21	2772,21	24/4/2026	23/6/2026	23/6/2026	60	60	0	0	0	2772,21	0	0	0	0	0	0	0	0	0	0	0	2772,21
SR00535	31/5/2026	R	9,92836E+11	CORPORACION SICORPMATTRESS S,A,	J	9	16	50				2,001E+12	2213,58	2213,58	16/4/2026	15/6/2026	15/6/2026	60	60	0	0	0	2213,58	0	0	0	0	0	0	0	0	0	0	0	2213,58
SR00535	31/5/2026	R	9,92836E+11	CORPORACION SICORPMATTRESS S,A,	J	9	16	50				2,001E+12	2797,98	2797,98	16/4/2026	15/6/2026	15/6/2026	60	60	0	0	0	2797,98	0	0	0	0	0	0	0	0	0	0	0	2797,98
SR00535	31/5/2026	R	9,92836E+11	CORPORACION SICORPMATTRESS S,A,	J	9	16	50				1,001E+12	2487,81	2487,81	14/5/2026	13/7/2026	13/7/2026	60	60	0	0	0	0	2487,81	0	0	0	0	0	0	0	0	0	0	2487,81
SR00535	31/5/2026	R	5,91764E+11	CORPORACION TOAQUIZAJR	J	5	1	1				1,001E+12	2102,21	2102,21	13/5/2026	22/6/2026	22/6/2026	40	40	0	0	0	2102,21	0	0	0	0	0	0	0	0	0	0	0	2102,21
SR00535	31/5/2026	R	5,91764E+11	CORPORACION TOAQUIZAJR	J	5	1	1				1,001E+12	160,71	160,71	7/5/2026	16/6/2026	16/6/2026	40	40	0	0	0	160,71	0	0	0	0	0	0	0	0	0	0	0	160,71
SR00535	31/5/2026	R	5,91764E+11	CORPORACION TOAQUIZAJR	J	5	1	1				1,001E+12	5828,73	5828,73	27/5/2026	6/7/2026	6/7/2026	40	40	0	0	0	0	5828,73	0	0	0	0	0	0	0	0	0	0	5828,73
SR00535	31/5/2026	C	1400311369	CRESPO CEDILLO LUCIO MAGNOLO	N	14	5	50	M	C	I	3,001E+12	6831,02	6831,02	30/5/2026	9/7/2026	9/7/2026	40	40	0	0	0	0	6831,02	0	0	0	0	0	0	0	0	0	0	6831,02
SR00535	31/5/2026	C	1400311369	CRESPO CEDILLO LUCIO MAGNOLO	N	14	5	50	M	C	I	3,001E+12	2258,51	2134,24	5/5/2026	14/6/2026	14/6/2026	40	40	0	0	0	2134,24	0	0	0	0	0	0	0	0	0	0	0	2258,51
SR00535	31/5/2026	C	1400311369	CRESPO CEDILLO LUCIO MAGNOLO	N	14	5	50	M	C	I	3,001E+12	2407,64	200	8/4/2026	18/5/2026	18/5/2026	40	40	13	200	0	0	0	0	0	0	200	0	0	0	0	0	0	2407,64
SR00535	31/5/2026	R	1,03336E+11	CRIOLLO CONCE FRANKLIN FERNANDO	N	9	1	12	M	D	I	3,001E+12	129,82	125,01	29/5/2026	8/7/2026	8/7/2026	40	40	0	0	0	0	125,01	0	0	0	0	0	0	0	0	0	0	129,82
SR00535	31/5/2026	R	1,03336E+11	CRIOLLO CONCE FRANKLIN FERNANDO	N	9	1	12	M	D	I	3,001E+12	804,21	777,4	21/4/2026	31/5/2026	31/5/2026	40	40	0	0	0	777,4	0	0	0	0	0	0	0	0	0	0	0	804,21
SR00535	31/5/2026	R	1,03336E+11	CRIOLLO CONCE FRANKLIN FERNANDO	N	9	1	12	M	D	I	3,001E+12	1926,93	1926,93	30/5/2026	9/7/2026	9/7/2026	40	40	0	0	0	0	1926,93	0	0	0	0	0	0	0	0	0	0	1926,93
SR00535	31/5/2026	R	1,03336E+11	CRIOLLO CONCE FRANKLIN FERNANDO	N	9	1	12	M	D	I	3,001E+12	3347,33	3021,29	27/5/2026	6/7/2026	6/7/2026	40	40	0	0	0	0	3021,29	0	0	0	0	0	0	0	0	0	0	3347,33
SR00535	31/5/2026	R	1,03336E+11	CRIOLLO CONCE FRANKLIN FERNANDO	N	9	1	12	M	D	I	3,001E+12	1908,89	1650,94	23/4/2026	2/6/2026	2/6/2026	40	40	0	0	0	1650,94	0	0	0	0	0	0	0	0	0	0	0	1908,89
SR00535	31/5/2026	R	1,03336E+11	CRIOLLO CONCE FRANKLIN FERNANDO	N	9	1	12	M	D	I	3,001E+12	733,53	658,38	29/5/2026	8/7/2026	8/7/2026	40	40	0	0	0	0	658,38	0	0	0	0	0	0	0	0	0	0	733,53
SR00535	31/5/2026	R	1,03336E+11	CRIOLLO CONCE FRANKLIN FERNANDO	N	9	1	12	M	D	I	3,001E+12	3704,74	721,56	21/4/2026	31/5/2026	31/5/2026	40	40	0	0	0	721,56	0	0	0	0	0	0	0	0	0	0	0	3704,74
SR00535	31/5/2026	R	1,03336E+11	CRIOLLO CONCE FRANKLIN FERNANDO	N	9	1	12	M	D	I	3,001E+12	552,39	481,57	28/4/2026	7/6/2026	7/6/2026	40	40	0	0	0	481,57	0	0	0	0	0	0	0	0	0	0	0	552,39
SR00535	31/5/2026	R	1,03336E+11	CRIOLLO CONCE FRANKLIN FERNANDO	N	9	1	12	M	D	I	3,001E+12	2170,3	1984,29	28/4/2026	7/6/2026	7/6/2026	40	40	0	0	0	1984,29	0	0	0	0	0	0	0	0	0	0	0	2170,3
SR00535	31/5/2026	R	1,7913E+12	CUBIERTAS DEL ECUADOR KU-BIEC S,A,	J	17	1	50				1,001E+12	1057,67	975,64	4/5/2026	3/6/2026	3/6/2026	30	30	0	0	0	975,64	0	0	0	0	0	0	0	0	0	0	0	1057,67
SR00535	31/5/2026	R	1,7913E+12	CUBIERTAS DEL ECUADOR KU-BIEC S,A,	J	17	1	50				1,002E+12	4600	4480	21/5/2026	20/6/2026	20/6/2026	30	30	0	0	0	4480	0	0	0	0	0	0	0	0	0	0	0	4600
SR00535	31/5/2026	R	1,7913E+12	CUBIERTAS DEL ECUADOR KU-BIEC S,A,	J	17	1	50				1,002E+12	3450	3450	21/5/2026	20/6/2026	20/6/2026	30	30	0	0	0	3450	0	0	0	0	0	0	0	0	0	0	0	3450
SR00535	31/5/2026	R	1,7913E+12	CUBIERTAS DEL ECUADOR KU-BIEC S,A,	J	17	1	50				1,001E+12	10396,58	10260,97	21/5/2026	20/6/2026	20/6/2026	30	30	0	0	0	10260,97	0	0	0	0	0	0	0	0	0	0	0	10396,58
SR00535	31/5/2026	R	8,00473E+11	CUEVA GUAMAN JUANA ANTONIETA	N	21	4	50	F	C	I	1,001E+12	1381,54	1381,54	20/5/2026	29/6/2026	29/6/2026	40	40	0	0	0	1381,54	0	0	0	0	0	0	0	0	0	0	0	1381,54
SR00535	31/5/2026	R	8,00473E+11	CUEVA GUAMAN JUANA ANTONIETA	N	21	4	50	F	C	I	1,001E+12	410,5	410,5	11/5/2026	20/6/2026	20/6/2026	40	40	0	0	0	410,5	0	0	0	0	0	0	0	0	0	0	0	410,5
SR00535	31/5/2026	R	4,01052E+11	CUEVA OBANDO DIEGO EDUARDO	N	17	1	30	M	C	I	1,001E+12	1530,54	1431,79	10/5/2026	9/6/2026	9/6/2026	30	30	0	0	0	1431,79	0	0	0	0	0	0	0	0	0	0	0	1530,54
SR00535	31/5/2026	R	4,01052E+11	CUEVA OBANDO DIEGO EDUARDO	N	17	1	30	M	C	I	1,001E+12	1087,49	1017,33	10/5/2026	9/6/2026	9/6/2026	30	30	0	0	0	1017,33	0	0	0	0	0	0	0	0	0	0	0	1087,49
SR00535	31/5/2026	R	4,01052E+11	CUEVA OBANDO DIEGO EDUARDO	N	17	1	30	M	C	I	1,001E+12	1248,6	1168,05	22/4/2026	22/5/2026	22/5/2026	30	30	9	1168,05	0	0	0	0	0	0	1168,05	0	0	0	0	0	0	1248,6
SR00535	31/5/2026	R	4,01052E+11	CUEVA OBANDO DIEGO EDUARDO	N	17	1	30	M	C	I	1,001E+12	1329,16	1243,42	22/4/2026	22/5/2026	22/5/2026	30	30	9	1243,42	0	0	0	0	0	0	1243,42	0	0	0	0	0	0	1329,16
SR00535	31/5/2026	R	1,79307E+12	DEEPTECH CIA LTDA	J	17	1	54				PROV, 182372	169,66	169,66	25/6/2024	4/1/2024	4/1/2024	45	45	878	169,66	0	0	0	0	0	0	0	0	0	0	169,66	169,66	0	169,66
SR00535	31/5/2026	R	9,90622E+11	DEMACO C, LTDA,	J	9	1	12				1,001E+12	177,27	174,96	28/5/2026	7/6/2026	7/6/2026	10	10	0	0	0	174,96	0	0	0	0	0	0	0	0	0	0	0	177,27
SR00535	31/5/2026	R	9,90622E+11	DEMACO C, LTDA,	J	9	1	12				2,001E+12	730,02	720,5	28/5/2026	7/6/2026	7/6/2026	10	10	0	0	0	720,5	0	0	0	0	0	0	0	0	0	0	0	730,02
SR00535	31/5/2026	R	9,90622E+11	DEMACO C, LTDA,	J	9	1	12				2,001E+12	88,63	87,47	28/5/2026	7/6/2026	7/6/2026	10	10	0	0	0	87,47	0	0	0	0	0	0	0	0	0	0	0	88,63
SR00535	31/5/2026	R	9,90622E+11	DEMACO C, LTDA,	J	9	1	12				2,001E+12	88,63	87,47	28/5/2026	7/6/2026	7/6/2026	10	10	0	0	0	87,47	0	0	0	0	0	0	0	0	0	0	0	88,63
SR00535	31/5/2026	R	9,90622E+11	DEMACO C, LTDA,	J	9	1	12				2,001E+12	1600,26	1579,39	27/5/2026	6/6/2026	6/6/2026	10	10	0	0	0	1579,39	0	0	0	0	0	0	0	0	0	0	0	1600,26
SR00535	31/5/2026	R	9,90622E+11	DEMACO C, LTDA,	J	9	1	12				1,001E+12	871,16	859,8	29/5/2026	8/6/2026	8/6/2026	10	10	0	0	0	859,8	0	0	0	0	0	0	0	0	0	0	0	871,16
SR00535	31/5/2026	R	9,90622E+11	DEMACO C, LTDA,	J	9	1	12				1,001E+12	135,29	133,53	15/5/2026	25/5/2026	25/5/2026	10	10	6	133,53	0	0	0	0	0	0	133,53	0	0	0	0	0	0	135,29
SR00535	31/5/2026	R	9,90622E+11	DEMACO C, LTDA,	J	9	1	12				1,001E+12	1519,74	1499,92	27/5/2026	6/6/2026	6/6/2026	10	10	0	0	0	1499,92	0	0	0	0	0	0	0	0	0	0	0	1519,74
SR00535	31/5/2026	R	9,90622E+11	DEMACO C, LTDA,	J	9	1	12				2,001E+12	88,63	71,26	28/5/2026	7/6/2026	7/6/2026	10	10	0	0	0	71,26	0	0	0	0	0	0	0	0	0	0	0	88,63
SR00535	31/5/2026	R	9,90622E+11	DEMACO C, LTDA,	J	9	1	12				2,001E+12	88,63	16,21	21/5/2026	31/5/2026	31/5/2026	10	10	0	0	0	16,21	0	0	0	0	0	0	0	0	0	0	0	88,63
SR00535	31/5/2026	R	9,90622E+11	DEMACO C, LTDA,	J	9	1	12				1,001E+12	350,84	346,26	27/5/2026	6/6/2026	6/6/2026	10	10	0	0	0	346,26	0	0	0	0	0	0	0	0	0	0	0	350,84
SR00535	31/5/2026	R	9,91293E+11	DERMIGON DERIVADOS DE HORMIGON S,A,	J	9	1	15				2,001E+12	762,5	752,55	18/5/2026	17/6/2026	17/6/2026	30	30	0	0	0	752,55	0	0	0	0	0	0	0	0	0	0	0	762,5
SR00535	31/5/2026	R	9,91293E+11	DERMIGON DERIVADOS DE HORMIGON S,A,	J	9	1	15				2,001E+12	799,73	789,3	11/5/2026	10/6/2026	10/6/2026	30	30	0	0	0	789,3	0	0	0	0	0	0	0	0	0	0	0	799,73
SR00535	31/5/2026	R	9,91293E+11	DERMIGON DERIVADOS DE HORMIGON S,A,	J	9	1	15				2,001E+12	804,2	793,71	4/5/2026	3/6/2026	3/6/2026	30	30	0	0	0	793,71	0	0	0	0	0	0	0	0	0	0	0	804,2
SR00535	31/5/2026	R	1,7908E+12	DIACELEC S,A,	J	17	1	6				1,001E+12	35821,05	35821,05	7/2/2018	29/5/2017	29/5/2017	45	45	3289	35821,05	0	0	0	0	0	0	0	0	0	0	35821,05	35821,05	0	35821,05
SR00535	31/5/2026	R	1,79088E+12	DIMABRU CIA LTDA	J	17	1	2				1,001E+12	12034,64	2212,44	14/4/2026	29/5/2026	29/5/2026	45	45	2	2212,44	0	0	0	0	0	0	2212,44	0	0	0	0	0	0	12034,64
SR00535	31/5/2026	R	1,79088E+12	DIMABRU CIA LTDA	J	17	1	2				1,001E+12	9569,92	9445,09	28/4/2026	12/6/2026	12/6/2026	45	45	0	0	0	9445,09	0	0	0	0	0	0	0	0	0	0	0	9569,92
SR00535	31/5/2026	R	1,79088E+12	DIMABRU CIA LTDA	J	17	1	2				1,001E+12	14430,83	14242,6	26/5/2026	10/7/2026	10/7/2026	45	45	0	0	0	0	14242,6	0	0	0	0	0	0	0	0	0	0	14430,83
SR00535	31/5/2026	R	1,79088E+12	DIMABRU CIA LTDA	J	17	1	2				1,001E+12	11945,28	11789,47	5/5/2026	19/6/2026	19/6/2026	45	45	0	0	0	11789,47	0	0	0	0	0	0	0	0	0	0	0	11945,28
SR00535	31/5/2026	R	1,79088E+12	DIMABRU CIA LTDA	J	17	1	2				1,001E+12	4608,54	4548,43	26/5/2026	10/7/2026	10/7/2026	45	45	0	0	0	0	4548,43	0	0	0	0	0	0	0	0	0	0	4608,54
SR00535	31/5/2026	R	1,79088E+12	DIMABRU CIA LTDA	J	17	1	2				1,001E+12	3565,56	3519,05	20/5/2026	4/7/2026	4/7/2026	45	45	0	0	0	0	3519,05	0	0	0	0	0	0	0	0	0	0	3565,56
SR00535	31/5/2026	R	1,79088E+12	DIMABRU CIA LTDA	J	17	1	2				1,001E+12	10661,55	10522,49	14/4/2026	29/5/2026	29/5/2026	45	45	2	10522,49	0	0	0	0	0	0	10522,49	0	0	0	0	0	0	10661,55
SR00535	31/5/2026	R	1,79088E+12	DIMABRU CIA LTDA	J	17	1	2				1,001E+12	15540,33	15337,63	27/5/2026	11/7/2026	11/7/2026	45	45	0	0	0	0	15337,63	0	0	0	0	0	0	0	0	0	0	15540,33
SR00535	31/5/2026	R	1,79088E+12	DIMABRU CIA LTDA	J	17	1	2				1,001E+12	16804,7	72,02	1/4/2026	16/5/2026	16/5/2026	45	45	15	72,02	0	0	0	0	0	0	72,02	0	0	0	0	0	0	16804,7
SR00535	31/5/2026	R	1,79088E+12	DIMABRU CIA LTDA	J	17	1	2				1,001E+12	13214,12	13041,76	5/5/2026	19/6/2026	19/6/2026	45	45	0	0	0	13041,76	0	0	0	0	0	0	0	0	0	0	0	13214,12
SR00535	31/5/2026	R	1,79265E+12	DIMATECO	J	17	2	50				1,001E+12	2464,75	2432,6	7/5/2026	26/6/2026	26/6/2026	50	50	0	0	0	2432,6	0	0	0	0	0	0	0	0	0	0	0	2464,75
SR00535	31/5/2026	R	1,79265E+12	DIMATECO	J	17	2	50				1,001E+12	5352,72	5282,9	20/4/2026	9/6/2026	9/6/2026	50	50	0	0	0	5282,9	0	0	0	0	0	0	0	0	0	0	0	5352,72
SR00535	31/5/2026	R	1,79265E+12	DIMATECO	J	17	2	50				1,001E+12	81,67	80,6	20/4/2026	9/6/2026	9/6/2026	50	50	0	0	0	80,6	0	0	0	0	0	0	0	0	0	0	0	81,67
SR00535	31/5/2026	R	1,79265E+12	DIMATECO	J	17	2	50				1,001E+12	2306,87	2276,78	21/5/2026	10/7/2026	10/7/2026	50	50	0	0	0	0	2276,78	0	0	0	0	0	0	0	0	0	0	2306,87
SR00535	31/5/2026	R	1,79265E+12	DIMATECO	J	17	2	50				1,001E+12	3850	3799,78	6/5/2026	25/6/2026	25/6/2026	50	50	0	0	0	3799,78	0	0	0	0	0	0	0	0	0	0	0	3850
SR00535	31/5/2026	R	1,79265E+12	DIMATECO	J	17	2	50				1,001E+12	2816,86	2780,12	29/5/2026	18/7/2026	18/7/2026	50	50	0	0	0	0	2780,12	0	0	0	0	0	0	0	0	0	0	2816,86
SR00535	31/5/2026	R	1,79265E+12	DIMATECO	J	17	2	50				1,001E+12	886,33	874,77	29/5/2026	18/7/2026	18/7/2026	50	50	0	0	0	0	874,77	0	0	0	0	0	0	0	0	0	0	886,33
SR00535	31/5/2026	R	1,79265E+12	DIMATECO	J	17	2	50				1,001E+12	1889,6	1864,95	6/5/2026	25/6/2026	25/6/2026	50	50	0	0	0	1864,95	0	0	0	0	0	0	0	0	0	0	0	1889,6
SR00535	31/5/2026	R	9,9337E+11	DIMENSIONS S,A,	J	9	1	12				2,001E+12	355,86	327,17	15/5/2026	29/6/2026	29/6/2026	45	45	0	0	0	327,17	0	0	0	0	0	0	0	0	0	0	0	355,86
SR00535	31/5/2026	R	9,9337E+11	DIMENSIONS S,A,	J	9	1	12				2,001E+12	444,49	307,54	9/4/2026	24/5/2026	24/5/2026	45	45	7	307,54	0	0	0	0	0	0	307,54	0	0	0	0	0	0	444,49
SR00535	31/5/2026	R	9,9337E+11	DIMENSIONS S,A,	J	9	1	12				2,001E+12	225,39	225,39	21/5/2026	5/7/2026	5/7/2026	45	45	0	0	0	0	225,39	0	0	0	0	0	0	0	0	0	0	225,39
SR00535	31/5/2026	R	1,39006E+12	DIPAC MANTA S,A,	J	17	1	2				2,001E+12	1261,79	1223,94	24/4/2026	8/6/2026	8/6/2026	45	45	0	0	0	1223,94	0	0	0	0	0	0	0	0	0	0	0	1261,79
SR00535	31/5/2026	R	1,39006E+12	DIPAC MANTA S,A,	J	17	1	2				1,001E+12	366,3	351,2	13/4/2026	28/5/2026	28/5/2026	45	45	3	351,2	0	0	0	0	0	0	351,2	0	0	0	0	0	0	366,3
SR00535	31/5/2026	R	1,39006E+12	DIPAC MANTA S,A,	J	17	1	2				2,001E+12	1726,44	1670,28	24/4/2026	8/6/2026	8/6/2026	45	45	0	0	0	1670,28	0	0	0	0	0	0	0	0	0	0	0	1726,44
SR00535	31/5/2026	R	1,39006E+12	DIPAC MANTA S,A,	J	17	1	2				2,001E+12	841,2	815,97	24/4/2026	8/6/2026	8/6/2026	45	45	0	0	0	815,97	0	0	0	0	0	0	0	0	0	0	0	841,2
SR00535	31/5/2026	R	1,39006E+12	DIPAC MANTA S,A,	J	17	1	2				1,001E+12	383,28	371,78	28/4/2026	12/6/2026	12/6/2026	45	45	0	0	0	371,78	0	0	0	0	0	0	0	0	0	0	0	383,28
SR00535	31/5/2026	R	1,39006E+12	DIPAC MANTA S,A,	J	17	1	2				3,001E+12	1979,93	1898,36	9/4/2026	24/5/2026	24/5/2026	45	45	7	1898,36	0	0	0	0	0	0	1898,36	0	0	0	0	0	0	1979,93
SR00535	31/5/2026	R	1,39006E+12	DIPAC MANTA S,A,	J	17	1	2				2,001E+12	80,52	79,47	20/4/2026	4/6/2026	4/6/2026	45	45	0	0	0	79,47	0	0	0	0	0	0	0	0	0	0	0	80,52
SR00535	31/5/2026	R	1,39006E+12	DIPAC MANTA S,A,	J	17	1	2				2,001E+12	147,43	145,51	15/4/2026	30/5/2026	30/5/2026	45	45	1	145,51	0	0	0	0	0	0	145,51	0	0	0	0	0	0	147,43
SR00535	31/5/2026	R	1,39006E+12	DIPAC MANTA S,A,	J	17	1	2				1,001E+12	155,53	149,12	10/4/2026	25/5/2026	25/5/2026	45	45	6	149,12	0	0	0	0	0	0	149,12	0	0	0	0	0	0	155,53
SR00535	31/5/2026	R	1,39006E+12	DIPAC MANTA S,A,	J	17	1	2				1,001E+12	155,53	155,53	27/5/2026	11/7/2026	11/7/2026	45	45	0	0	0	0	155,53	0	0	0	0	0	0	0	0	0	0	155,53
SR00535	31/5/2026	R	1,39006E+12	DIPAC MANTA S,A,	J	17	1	2				1,001E+12	830,77	773,49	27/5/2026	11/7/2026	11/7/2026	45	45	0	0	0	0	773,49	0	0	0	0	0	0	0	0	0	0	830,77
SR00535	31/5/2026	R	1,39006E+12	DIPAC MANTA S,A,	J	17	1	2				1,001E+12	1149,84	1115,35	28/4/2026	12/6/2026	12/6/2026	45	45	0	0	0	1115,35	0	0	0	0	0	0	0	0	0	0	0	1149,84
SR00535	31/5/2026	R	1,39006E+12	DIPAC MANTA S,A,	J	17	1	2				2,001E+12	360,08	345,24	20/4/2026	4/6/2026	4/6/2026	45	45	0	0	0	345,24	0	0	0	0	0	0	0	0	0	0	0	360,08
SR00535	31/5/2026	R	1,39006E+12	DIPAC MANTA S,A,	J	17	1	2				3,001E+12	1682,39	1631,93	28/4/2026	12/6/2026	12/6/2026	45	45	0	0	0	1631,93	0	0	0	0	0	0	0	0	0	0	0	1682,39
SR00535	31/5/2026	R	1,39006E+12	DIPAC MANTA S,A,	J	17	1	2				2,001E+12	316,24	306,75	24/4/2026	8/6/2026	8/6/2026	45	45	0	0	0	306,75	0	0	0	0	0	0	0	0	0	0	0	316,24
SR00535	31/5/2026	R	1,39006E+12	DIPAC MANTA S,A,	J	17	1	2				1,001E+12	841,2	815,97	26/4/2026	10/6/2026	10/6/2026	45	45	0	0	0	815,97	0	0	0	0	0	0	0	0	0	0	0	841,2
SR00535	31/5/2026	R	1,39006E+12	DIPAC MANTA S,A,	J	17	1	2				1,001E+12	96,51	89,85	27/5/2026	11/7/2026	11/7/2026	45	45	0	0	0	0	89,85	0	0	0	0	0	0	0	0	0	0	96,51
SR00535	31/5/2026	R	1,39006E+12	DIPAC MANTA S,A,	J	17	1	2				1,001E+12	114,16	112,67	17/4/2026	1/6/2026	1/6/2026	45	45	0	0	0	112,67	0	0	0	0	0	0	0	0	0	0	0	114,16
SR00535	31/5/2026	R	1,39006E+12	DIPAC MANTA S,A,	J	17	1	2				1,001E+12	777,98	777,98	27/5/2026	11/7/2026	11/7/2026	45	45	0	0	0	0	777,98	0	0	0	0	0	0	0	0	0	0	777,98
SR00535	31/5/2026	R	1,39006E+12	DIPAC MANTA S,A,	J	17	1	2				1,001E+12	2523,61	2447,91	27/4/2026	11/6/2026	11/6/2026	45	45	0	0	0	2447,91	0	0	0	0	0	0	0	0	0	0	0	2523,61
SR00535	31/5/2026	R	1,39006E+12	DIPAC MANTA S,A,	J	17	1	2				3,001E+12	1117,9	1040,8	26/5/2026	10/7/2026	10/7/2026	45	45	0	0	0	0	1040,8	0	0	0	0	0	0	0	0	0	0	1117,9
SR00535	31/5/2026	R	1,39006E+12	DIPAC MANTA S,A,	J	17	1	2				2,001E+12	191,64	185,9	17/4/2026	1/6/2026	1/6/2026	45	45	0	0	0	185,9	0	0	0	0	0	0	0	0	0	0	0	191,64
SR00535	31/5/2026	R	1,39006E+12	DIPAC MANTA S,A,	J	17	1	2				3,001E+12	285,4	281,68	16/4/2026	31/5/2026	31/5/2026	45	45	0	0	0	281,68	0	0	0	0	0	0	0	0	0	0	0	285,4
SR00535	31/5/2026	R	1,39006E+12	DIPAC MANTA S,A,	J	17	1	2				2,001E+12	1025,31	1011,94	11/5/2026	25/6/2026	25/6/2026	45	45	0	0	0	1011,94	0	0	0	0	0	0	0	0	0	0	0	1025,31
SR00535	31/5/2026	R	1,39006E+12	DIPAC MANTA S,A,	J	17	1	2				3,001E+12	412,74	395,73	14/4/2026	29/5/2026	29/5/2026	45	45	2	395,73	0	0	0	0	0	0	395,73	0	0	0	0	0	0	412,74
SR00535	31/5/2026	R	1,39006E+12	DIPAC MANTA S,A,	J	17	1	2				2,001E+12	155,53	155,53	28/5/2026	12/7/2026	12/7/2026	45	45	0	0	0	0	155,53	0	0	0	0	0	0	0	0	0	0	155,53
SR00535	31/5/2026	R	1,39006E+12	DIPAC MANTA S,A,	J	17	1	2				1,001E+12	1062	1062	29/5/2026	13/7/2026	13/7/2026	45	45	0	0	0	0	1062	0	0	0	0	0	0	0	0	0	0	1062
SR00535	31/5/2026	R	1,39006E+12	DIPAC MANTA S,A,	J	17	1	2				1,001E+12	1445,69	1399,87	29/4/2026	13/6/2026	13/6/2026	45	45	0	0	0	1399,87	0	0	0	0	0	0	0	0	0	0	0	1445,69
SR00535	31/5/2026	R	1,39006E+12	DIPAC MANTA S,A,	J	17	1	2				1,001E+12	153,31	148,71	28/4/2026	12/6/2026	12/6/2026	45	45	0	0	0	148,71	0	0	0	0	0	0	0	0	0	0	0	153,31
SR00535	31/5/2026	R	1,39006E+12	DIPAC MANTA S,A,	J	17	1	2				2,001E+12	506,22	499,62	21/5/2026	5/7/2026	5/7/2026	45	45	0	0	0	0	499,62	0	0	0	0	0	0	0	0	0	0	506,22
SR00535	31/5/2026	R	1,39006E+12	DIPAC MANTA S,A,	J	17	1	2				1,001E+12	2490,81	2490,81	28/5/2026	12/7/2026	12/7/2026	45	45	0	0	0	0	2490,81	0	0	0	0	0	0	0	0	0	0	2490,81
SR00535	31/5/2026	R	1,39006E+12	DIPAC MANTA S,A,	J	17	1	2				1,001E+12	641,37	597,14	26/5/2026	10/7/2026	10/7/2026	45	45	0	0	0	0	597,14	0	0	0	0	0	0	0	0	0	0	641,37
SR00535	31/5/2026	R	1,39006E+12	DIPAC MANTA S,A,	J	17	1	2				1,001E+12	113,88	112,39	19/4/2026	3/6/2026	3/6/2026	45	45	0	0	0	112,39	0	0	0	0	0	0	0	0	0	0	0	113,88
SR00535	31/5/2026	R	1,39006E+12	DIPAC MANTA S,A,	J	17	1	2				1,001E+12	75,92	74,93	19/4/2026	3/6/2026	3/6/2026	45	45	0	0	0	74,93	0	0	0	0	0	0	0	0	0	0	0	75,92
SR00535	31/5/2026	R	1,39006E+12	DIPAC MANTA S,A,	J	17	1	2				1,001E+12	532,3	510,38	24/4/2026	8/6/2026	8/6/2026	45	45	0	0	0	510,38	0	0	0	0	0	0	0	0	0	0	0	532,3
SR00535	31/5/2026	R	1,39006E+12	DIPAC MANTA S,A,	J	17	1	2				1,001E+12	558,95	520,4	28/5/2026	12/7/2026	12/7/2026	45	45	0	0	0	0	520,4	0	0	0	0	0	0	0	0	0	0	558,95
SR00535	31/5/2026	R	1,39006E+12	DIPAC MANTA S,A,	J	17	1	2				2,001E+12	1141,38	1107,15	28/4/2026	12/6/2026	12/6/2026	45	45	0	0	0	1107,15	0	0	0	0	0	0	0	0	0	0	0	1141,38
SR00535	31/5/2026	R	1,39006E+12	DIPAC MANTA S,A,	J	17	1	2				2,001E+12	1001,05	987,99	12/5/2026	26/6/2026	26/6/2026	45	45	0	0	0	987,99	0	0	0	0	0	0	0	0	0	0	0	1001,05
SR00535	31/5/2026	R	1,39006E+12	DIPAC MANTA S,A,	J	17	1	2				1,001E+12	788,73	765,07	26/4/2026	10/6/2026	10/6/2026	45	45	0	0	0	765,07	0	0	0	0	0	0	0	0	0	0	0	788,73
SR00535	31/5/2026	R	1,39006E+12	DIPAC MANTA S,A,	J	17	1	2				1,001E+12	777,6	767,46	10/4/2026	25/5/2026	25/5/2026	45	45	6	767,46	0	0	0	0	0	0	767,46	0	0	0	0	0	0	777,6
SR00535	31/5/2026	R	1,39006E+12	DIPAC MANTA S,A,	J	17	1	2				1,001E+12	293,1	293,1	26/5/2026	10/7/2026	10/7/2026	45	45	0	0	0	0	293,1	0	0	0	0	0	0	0	0	0	0	293,1
SR00535	31/5/2026	R	1,39006E+12	DIPAC MANTA S,A,	J	17	1	2				1,001E+12	1117,9	1026,22	27/5/2026	11/7/2026	11/7/2026	45	45	0	0	0	0	1026,22	0	0	0	0	0	0	0	0	0	0	1117,9
SR00535	31/5/2026	R	1,39006E+12	DIPAC MANTA S,A,	J	17	1	2				2,001E+12	85,62	84,5	17/4/2026	1/6/2026	1/6/2026	45	45	0	0	0	84,5	0	0	0	0	0	0	0	0	0	0	0	85,62
SR00535	31/5/2026	R	1,39006E+12	DIPAC MANTA S,A,	J	17	1	2				1,001E+12	1405,44	1372,73	20/4/2026	4/6/2026	4/6/2026	45	45	0	0	0	1372,73	0	0	0	0	0	0	0	0	0	0	0	1405,44
SR00535	31/5/2026	R	1,39006E+12	DIPAC MANTA S,A,	J	17	1	2				1,001E+12	670,74	624,49	28/5/2026	12/7/2026	12/7/2026	45	45	0	0	0	0	624,49	0	0	0	0	0	0	0	0	0	0	670,74
SR00535	31/5/2026	R	1,39006E+12	DIPAC MANTA S,A,	J	17	1	2				1,001E+12	137,57	131,89	19/4/2026	3/6/2026	3/6/2026	45	45	0	0	0	131,89	0	0	0	0	0	0	0	0	0	0	0	137,57
SR00535	31/5/2026	R	1,39006E+12	DIPAC MANTA S,A,	J	17	1	2				2,001E+12	84,01	82,91	23/4/2026	7/6/2026	7/6/2026	45	45	0	0	0	82,91	0	0	0	0	0	0	0	0	0	0	0	84,01
SR00535	31/5/2026	R	1,39006E+12	DIPAC MANTA S,A,	J	17	1	2				1,001E+12	656,96	629,89	24/4/2026	8/6/2026	8/6/2026	45	45	0	0	0	629,89	0	0	0	0	0	0	0	0	0	0	0	656,96
SR00535	31/5/2026	R	1,39006E+12	DIPAC MANTA S,A,	J	17	1	2				1,001E+12	266,14	255,17	10/4/2026	25/5/2026	25/5/2026	45	45	6	255,17	0	0	0	0	0	0	255,17	0	0	0	0	0	0	266,14
SR00535	31/5/2026	R	1,39006E+12	DIPAC MANTA S,A,	J	17	1	2				1,001E+12	2444,5	2343,77	10/4/2026	25/5/2026	25/5/2026	45	45	6	2343,77	0	0	0	0	0	0	2343,77	0	0	0	0	0	0	2444,5
SR00535	31/5/2026	R	1,39006E+12	DIPAC MANTA S,A,	J	17	1	2				1,001E+12	218,63	209,63	29/4/2026	13/6/2026	13/6/2026	45	45	0	0	0	209,63	0	0	0	0	0	0	0	0	0	0	0	218,63
SR00535	31/5/2026	R	1,39006E+12	DIPAC MANTA S,A,	J	17	1	2				1,001E+12	5702,78	5429,92	27/5/2026	11/7/2026	11/7/2026	45	45	0	0	0	0	5429,92	0	0	0	0	0	0	0	0	0	0	5702,78
SR00535	31/5/2026	R	2,19177E+12	DISTRIBUCIONES AUTOFEREC S,A,S	J	21	1	50				1,001E+12	2178,65	113,94	19/4/2026	3/6/2026	3/6/2026	45	45	0	0	0	113,94	0	0	0	0	0	0	0	0	0	0	0	2178,65
SR00535	31/5/2026	R	2,19177E+12	DISTRIBUCIONES AUTOFEREC S,A,S	J	21	1	50				1,001E+12	10209,61	10209,61	19/4/2026	3/6/2026	3/6/2026	45	45	0	0	0	10209,61	0	0	0	0	0	0	0	0	0	0	0	10209,61
SR00535	31/5/2026	R	2,19177E+12	DISTRIBUCIONES AUTOFEREC S,A,S	J	21	1	50				1,001E+12	9333,41	9333,41	28/5/2026	12/7/2026	12/7/2026	45	45	0	0	0	0	9333,41	0	0	0	0	0	0	0	0	0	0	9333,41
SR00535	31/5/2026	R	2,19177E+12	DISTRIBUCIONES AUTOFEREC S,A,S	J	21	1	50				1,001E+12	11703,04	9338,98	5/5/2026	19/6/2026	19/6/2026	45	45	0	0	0	9338,98	0	0	0	0	0	0	0	0	0	0	0	11703,04
SR00535	31/5/2026	R	1,90322E+11	DISTRIBUCIONES Y COMERCIO	J	1	1	51				3,001E+12	644,23	635,83	24/3/2026	22/6/2026	22/6/2026	90	90	0	0	0	635,83	0	0	0	0	0	0	0	0	0	0	0	644,23
SR00535	31/5/2026	R	1,90322E+11	DISTRIBUCIONES Y COMERCIO	J	1	1	51				3,001E+12	7944,81	7430,27	6/5/2026	4/8/2026	4/8/2026	90	90	0	0	0	0	7430,27	0	0	0	0	0	0	0	0	0	0	7944,81
SR00535	31/5/2026	R	1,90322E+11	DISTRIBUCIONES Y COMERCIO	J	1	1	51				3,001E+12	9380,45	7944,75	2/3/2026	31/5/2026	31/5/2026	90	90	0	0	0	7944,75	0	0	0	0	0	0	0	0	0	0	0	9380,45
SR00535	31/5/2026	R	1,90322E+11	DISTRIBUCIONES Y COMERCIO	J	1	1	51				3,001E+12	4291,62	4235,64	11/5/2026	9/8/2026	9/8/2026	90	90	0	0	0	0	4235,64	0	0	0	0	0	0	0	0	0	0	4291,62
SR00535	31/5/2026	R	1,90322E+11	DISTRIBUCIONES Y COMERCIO	J	1	1	51				3,001E+12	2029,29	1833,71	18/3/2026	16/6/2026	16/6/2026	90	90	0	0	0	1833,71	0	0	0	0	0	0	0	0	0	0	0	2029,29
SR00535	31/5/2026	R	1,90322E+11	DISTRIBUCIONES Y COMERCIO	J	1	1	51				3,001E+12	561,6	554,27	7/5/2026	5/8/2026	5/8/2026	90	90	0	0	0	0	554,27	0	0	0	0	0	0	0	0	0	0	561,6
SR00535	31/5/2026	R	1,90322E+11	DISTRIBUCIONES Y COMERCIO	J	1	1	51				3,001E+12	988,49	924,47	20/5/2026	18/8/2026	18/8/2026	90	90	0	0	0	0	924,47	0	0	0	0	0	0	0	0	0	0	988,49
SR00535	31/5/2026	R	1,90322E+11	DISTRIBUCIONES Y COMERCIO	J	1	1	51				3,001E+12	6844,21	6242,39	4/3/2026	2/6/2026	2/6/2026	90	90	0	0	0	6242,39	0	0	0	0	0	0	0	0	0	0	0	6844,21
SR00535	31/5/2026	R	1,90322E+11	DISTRIBUCIONES Y COMERCIO	J	1	1	51				3,001E+12	966,14	953,54	9/4/2026	8/7/2026	8/7/2026	90	90	0	0	0	0	953,54	0	0	0	0	0	0	0	0	0	0	966,14
SR00535	31/5/2026	R	1,90322E+11	DISTRIBUCIONES Y COMERCIO	J	1	1	51				3,001E+12	1824,5	1800,7	24/3/2026	22/6/2026	22/6/2026	90	90	0	0	0	1800,7	0	0	0	0	0	0	0	0	0	0	0	1824,5
SR00535	31/5/2026	R	1,90322E+11	DISTRIBUCIONES Y COMERCIO	J	1	1	51				3,001E+12	2889,2	2851,51	1/4/2026	30/6/2026	30/6/2026	90	90	0	0	0	2851,51	0	0	0	0	0	0	0	0	0	0	0	2889,2
SR00535	31/5/2026	R	1,90322E+11	DISTRIBUCIONES Y COMERCIO	J	1	1	51				3,001E+12	3068,1	3028,08	21/5/2026	19/8/2026	19/8/2026	90	90	0	0	0	0	3028,08	0	0	0	0	0	0	0	0	0	0	3068,1
SR00535	31/5/2026	R	1,90322E+11	DISTRIBUCIONES Y COMERCIO	J	1	1	51				3,001E+12	2339,53	2309,01	1/4/2026	30/6/2026	30/6/2026	90	90	0	0	0	2309,01	0	0	0	0	0	0	0	0	0	0	0	2339,53
SR00535	31/5/2026	R	1,90322E+11	DISTRIBUCIONES Y COMERCIO	J	1	1	51				3,001E+12	94,89	93,65	6/3/2026	4/6/2026	4/6/2026	90	90	0	0	0	93,65	0	0	0	0	0	0	0	0	0	0	0	94,89
SR00535	31/5/2026	R	1,90322E+11	DISTRIBUCIONES Y COMERCIO	J	1	1	51				3,001E+12	3049,72	2301,98	5/3/2026	3/6/2026	3/6/2026	90	90	0	0	0	2301,98	0	0	0	0	0	0	0	0	0	0	0	3049,72
SR00535	31/5/2026	R	1,90322E+11	DISTRIBUCIONES Y COMERCIO	J	1	1	51				3,001E+12	4247,03	3205,7	6/3/2026	4/6/2026	4/6/2026	90	90	0	0	0	3205,7	0	0	0	0	0	0	0	0	0	0	0	4247,03
SR00535	31/5/2026	R	1,90322E+11	DISTRIBUCIONES Y COMERCIO	J	1	1	51				3,001E+12	4846,46	4104,68	3/3/2026	1/6/2026	1/6/2026	90	90	0	0	0	4104,68	0	0	0	0	0	0	0	0	0	0	0	4846,46
SR00535	31/5/2026	R	1,90322E+11	DISTRIBUCIONES Y COMERCIO	J	1	1	51				3,001E+12	9223	8625,69	8/5/2026	6/8/2026	6/8/2026	90	90	0	0	0	0	8625,69	0	0	0	0	0	0	0	0	0	0	9223
SR00535	31/5/2026	R	1,90322E+11	DISTRIBUCIONES Y COMERCIO	J	1	1	51				3,001E+12	1054,4	1040,65	9/4/2026	8/7/2026	8/7/2026	90	90	0	0	0	0	1040,65	0	0	0	0	0	0	0	0	0	0	1054,4
SR00535	31/5/2026	R	1,90322E+11	DISTRIBUCIONES Y COMERCIO	J	1	1	51				3,001E+12	1444,68	1425,84	12/5/2026	10/8/2026	10/8/2026	90	90	0	0	0	0	1425,84	0	0	0	0	0	0	0	0	0	0	1444,68
SR00535	31/5/2026	R	1,90322E+11	DISTRIBUCIONES Y COMERCIO	J	1	1	51				3,001E+12	842,21	831,22	27/5/2026	25/8/2026	25/8/2026	90	90	0	0	0	0	831,22	0	0	0	0	0	0	0	0	0	0	842,21
SR00535	31/5/2026	R	1,90322E+11	DISTRIBUCIONES Y COMERCIO	J	1	1	51				3,001E+12	1182,37	1134,6	3/3/2026	1/6/2026	1/6/2026	90	90	0	0	0	1134,6	0	0	0	0	0	0	0	0	0	0	0	1182,37
SR00535	31/5/2026	R	1,90322E+11	DISTRIBUCIONES Y COMERCIO	J	1	1	51				3,001E+12	1580,66	1560,04	12/3/2026	10/6/2026	10/6/2026	90	90	0	0	0	1560,04	0	0	0	0	0	0	0	0	0	0	0	1580,66
SR00535	31/5/2026	R	1,90322E+11	DISTRIBUCIONES Y COMERCIO	J	1	1	51				3,001E+12	807,58	797,05	7/5/2026	5/8/2026	5/8/2026	90	90	0	0	0	0	797,05	0	0	0	0	0	0	0	0	0	0	807,58
SR00535	31/5/2026	R	1,90322E+11	DISTRIBUCIONES Y COMERCIO	J	1	1	51				3,001E+12	6498,95	5924,95	4/3/2026	2/6/2026	2/6/2026	90	90	0	0	0	5924,95	0	0	0	0	0	0	0	0	0	0	0	6498,95
SR00535	31/5/2026	R	1,90322E+11	DISTRIBUCIONES Y COMERCIO	J	1	1	51				3,001E+12	1517,01	1145,06	12/3/2026	10/6/2026	10/6/2026	90	90	0	0	0	1145,06	0	0	0	0	0	0	0	0	0	0	0	1517,01
SR00535	31/5/2026	R	1,90322E+11	DISTRIBUCIONES Y COMERCIO	J	1	1	51				3,001E+12	6678,38	6245,87	7/5/2026	5/8/2026	5/8/2026	90	90	0	0	0	0	6245,87	0	0	0	0	0	0	0	0	0	0	6678,38
SR00535	31/5/2026	R	1,90322E+11	DISTRIBUCIONES Y COMERCIO	J	1	1	51				3,001E+12	3817,64	2881,59	16/3/2026	14/6/2026	14/6/2026	90	90	0	0	0	2881,59	0	0	0	0	0	0	0	0	0	0	0	3817,64
SR00535	31/5/2026	R	1,90322E+11	DISTRIBUCIONES Y COMERCIO	J	1	1	51				3,001E+12	1650,97	1373,65	18/3/2026	16/6/2026	16/6/2026	90	90	0	0	0	1373,65	0	0	0	0	0	0	0	0	0	0	0	1650,97
SR00535	31/5/2026	R	1,90322E+11	DISTRIBUCIONES Y COMERCIO	J	1	1	51				3,001E+12	6879,07	6789,34	10/4/2026	9/7/2026	9/7/2026	90	90	0	0	0	0	6789,34	0	0	0	0	0	0	0	0	0	0	6879,07
SR00535	31/5/2026	R	1,90322E+11	DISTRIBUCIONES Y COMERCIO	J	1	1	51				3,001E+12	8904,94	6721,55	16/3/2026	14/6/2026	14/6/2026	90	90	0	0	0	6721,55	0	0	0	0	0	0	0	0	0	0	0	8904,94
SR00535	31/5/2026	R	1,90322E+11	DISTRIBUCIONES Y COMERCIO	J	1	1	51				3,001E+12	7926	5982,63	14/3/2026	12/6/2026	12/6/2026	90	90	0	0	0	5982,63	0	0	0	0	0	0	0	0	0	0	0	7926
SR00535	31/5/2026	R	1,90322E+11	DISTRIBUCIONES Y COMERCIO	J	1	1	51				3,001E+12	7950,88	6733,97	2/3/2026	31/5/2026	31/5/2026	90	90	0	0	0	6733,97	0	0	0	0	0	0	0	0	0	0	0	7950,88
SR00535	31/5/2026	R	1,90322E+11	DISTRIBUCIONES Y COMERCIO	J	1	1	51				3,001E+12	1120,63	1025,02	4/3/2026	2/6/2026	2/6/2026	90	90	0	0	0	1025,02	0	0	0	0	0	0	0	0	0	0	0	1120,63
SR00535	31/5/2026	R	1,90322E+11	DISTRIBUCIONES Y COMERCIO	J	1	1	51				3,001E+12	475,9	469,69	13/5/2026	11/8/2026	11/8/2026	90	90	0	0	0	0	469,69	0	0	0	0	0	0	0	0	0	0	475,9
SR00535	31/5/2026	R	1,90322E+11	DISTRIBUCIONES Y COMERCIO	J	1	1	51				3,001E+12	882,15	665,85	6/3/2026	4/6/2026	4/6/2026	90	90	0	0	0	665,85	0	0	0	0	0	0	0	0	0	0	0	882,15
SR00535	31/5/2026	R	1,90322E+11	DISTRIBUCIONES Y COMERCIO	J	1	1	51				3,001E+12	2149,45	2121,41	12/5/2026	10/8/2026	10/8/2026	90	90	0	0	0	0	2121,41	0	0	0	0	0	0	0	0	0	0	2149,45
SR00535	31/5/2026	R	1,90322E+11	DISTRIBUCIONES Y COMERCIO	J	1	1	51				3,001E+12	7034,68	6413,37	4/3/2026	2/6/2026	2/6/2026	90	90	0	0	0	6413,37	0	0	0	0	0	0	0	0	0	0	0	7034,68
SR00535	31/5/2026	R	1,90322E+11	DISTRIBUCIONES Y COMERCIO	J	1	1	51				3,001E+12	9483,95	9360,25	6/4/2026	5/7/2026	5/7/2026	90	90	0	0	0	0	9360,25	0	0	0	0	0	0	0	0	0	0	9483,95
SR00535	31/5/2026	R	1,90322E+11	DISTRIBUCIONES Y COMERCIO	J	1	1	51				3,001E+12	8106,18	7581,19	6/5/2026	4/8/2026	4/8/2026	90	90	0	0	0	0	7581,19	0	0	0	0	0	0	0	0	0	0	8106,18
SR00535	31/5/2026	R	1,90322E+11	DISTRIBUCIONES Y COMERCIO	J	1	1	51				3,001E+12	1901,19	1843,61	24/4/2026	23/7/2026	23/7/2026	90	90	0	0	0	0	1843,61	0	0	0	0	0	0	0	0	0	0	1901,19
SR00535	31/5/2026	R	1,90322E+11	DISTRIBUCIONES Y COMERCIO	J	1	1	51				3,001E+12	725,48	716,02	11/3/2026	9/6/2026	9/6/2026	90	90	0	0	0	716,02	0	0	0	0	0	0	0	0	0	0	0	725,48
SR00535	31/5/2026	R	1,90322E+11	DISTRIBUCIONES Y COMERCIO	J	1	1	51				3,001E+12	4790,98	3616,29	6/3/2026	4/6/2026	4/6/2026	90	90	0	0	0	3616,29	0	0	0	0	0	0	0	0	0	0	0	4790,98
SR00535	31/5/2026	R	1,90322E+11	DISTRIBUCIONES Y COMERCIO	J	1	1	51				3,001E+12	4942,49	4622,4	26/5/2026	24/8/2026	24/8/2026	90	90	0	0	0	0	4622,4	0	0	0	0	0	0	0	0	0	0	4942,49
SR00535	31/5/2026	R	1,90322E+11	DISTRIBUCIONES Y COMERCIO	J	1	1	51				3,001E+12	500,12	493,6	22/4/2026	21/7/2026	21/7/2026	90	90	0	0	0	0	493,6	0	0	0	0	0	0	0	0	0	0	500,12
SR00535	31/5/2026	R	1,90322E+11	DISTRIBUCIONES Y COMERCIO	J	1	1	51				3,001E+12	3953,99	3902,42	9/4/2026	8/7/2026	8/7/2026	90	90	0	0	0	0	3902,42	0	0	0	0	0	0	0	0	0	0	3953,99
SR00535	31/5/2026	R	1,90322E+11	DISTRIBUCIONES Y COMERCIO	J	1	1	51				3,001E+12	3459,12	2929,68	6/3/2026	4/6/2026	4/6/2026	90	90	0	0	0	2929,68	0	0	0	0	0	0	0	0	0	0	0	3459,12
SR00535	31/5/2026	R	1,90322E+11	DISTRIBUCIONES Y COMERCIO	J	1	1	51				3,001E+12	14025,11	13323,19	14/4/2026	13/7/2026	13/7/2026	90	90	0	0	0	0	13323,19	0	0	0	0	0	0	0	0	0	0	14025,11
SR00535	31/5/2026	R	1,90322E+11	DISTRIBUCIONES Y COMERCIO	J	1	1	51				3,001E+12	330,89	326,57	26/5/2026	24/8/2026	24/8/2026	90	90	0	0	0	0	326,57	0	0	0	0	0	0	0	0	0	0	330,89
SR00535	31/5/2026	R	1,90322E+11	DISTRIBUCIONES Y COMERCIO	J	1	1	51				3,001E+12	1228,76	1212,73	19/3/2026	17/6/2026	17/6/2026	90	90	0	0	0	1212,73	0	0	0	0	0	0	0	0	0	0	0	1228,76
SR00535	31/5/2026	R	1,90322E+11	DISTRIBUCIONES Y COMERCIO	J	1	1	51				3,001E+12	3427,81	2587,35	16/3/2026	14/6/2026	14/6/2026	90	90	0	0	0	2587,35	0	0	0	0	0	0	0	0	0	0	0	3427,81
SR00535	31/5/2026	R	1,90322E+11	DISTRIBUCIONES Y COMERCIO	J	1	1	51				3,001E+12	10460,34	9344,72	4/3/2026	2/6/2026	2/6/2026	90	90	0	0	0	9344,72	0	0	0	0	0	0	0	0	0	0	0	10460,34
SR00535	31/5/2026	R	1,90322E+11	DISTRIBUCIONES Y COMERCIO	J	1	1	51				3,001E+12	8245,95	8138,39	6/4/2026	5/7/2026	5/7/2026	90	90	0	0	0	0	8138,39	0	0	0	0	0	0	0	0	0	0	8245,95
SR00535	31/5/2026	R	1,90322E+11	DISTRIBUCIONES Y COMERCIO	J	1	1	51				3,001E+12	8106,18	5903,99	17/3/2026	15/6/2026	15/6/2026	90	90	0	0	0	5903,99	0	0	0	0	0	0	0	0	0	0	0	8106,18
SR00535	31/5/2026	R	1,90322E+11	DISTRIBUCIONES Y COMERCIO	J	1	1	51				3,001E+12	2476,47	2060,47	18/3/2026	16/6/2026	16/6/2026	90	90	0	0	0	2060,47	0	0	0	0	0	0	0	0	0	0	0	2476,47
SR00535	31/5/2026	R	1,90322E+11	DISTRIBUCIONES Y COMERCIO	J	1	1	51				3,001E+12	2520,55	1773,51	17/3/2026	15/6/2026	15/6/2026	90	90	0	0	0	1773,51	0	0	0	0	0	0	0	0	0	0	0	2520,55
SR00535	31/5/2026	R	1,90322E+11	DISTRIBUCIONES Y COMERCIO	J	1	1	51				3,001E+12	7394,34	6741,26	4/3/2026	2/6/2026	2/6/2026	90	90	0	0	0	6741,26	0	0	0	0	0	0	0	0	0	0	0	7394,34
SR00535	31/5/2026	R	1,90322E+11	DISTRIBUCIONES Y COMERCIO	J	1	1	51				3,001E+12	2045,4	2018,72	13/5/2026	11/8/2026	11/8/2026	90	90	0	0	0	0	2018,72	0	0	0	0	0	0	0	0	0	0	2045,4
SR00535	31/5/2026	R	1,90322E+11	DISTRIBUCIONES Y COMERCIO	J	1	1	51				3,001E+12	6879,07	6789,34	1/4/2026	30/6/2026	30/6/2026	90	90	0	0	0	6789,34	0	0	0	0	0	0	0	0	0	0	0	6879,07
SR00535	31/5/2026	R	1,90322E+11	DISTRIBUCIONES Y COMERCIO	J	1	1	51				3,001E+12	8106,18	7581,19	8/5/2026	6/8/2026	6/8/2026	90	90	0	0	0	0	7581,19	0	0	0	0	0	0	0	0	0	0	8106,18
SR00535	31/5/2026	R	1,90322E+11	DISTRIBUCIONES Y COMERCIO	J	1	1	51				3,001E+12	11113,61	8094,4	13/3/2026	11/6/2026	11/6/2026	90	90	0	0	0	8094,4	0	0	0	0	0	0	0	0	0	0	0	11113,61
SR00535	31/5/2026	R	1,90322E+11	DISTRIBUCIONES Y COMERCIO	J	1	1	51				3,001E+12	6498,95	5924,95	4/3/2026	2/6/2026	2/6/2026	90	90	0	0	0	5924,95	0	0	0	0	0	0	0	0	0	0	0	6498,95
SR00535	31/5/2026	R	1,90322E+11	DISTRIBUCIONES Y COMERCIO	J	1	1	51				3,001E+12	2186,48	1650,37	11/3/2026	9/6/2026	9/6/2026	90	90	0	0	0	1650,37	0	0	0	0	0	0	0	0	0	0	0	2186,48
SR00535	31/5/2026	R	1,90322E+11	DISTRIBUCIONES Y COMERCIO	J	1	1	51				3,001E+12	3449,48	3404,49	18/3/2026	16/6/2026	16/6/2026	90	90	0	0	0	3404,49	0	0	0	0	0	0	0	0	0	0	0	3449,48
SR00535	31/5/2026	R	1,90322E+11	DISTRIBUCIONES Y COMERCIO	J	1	1	51				3,001E+12	2000,21	1509,78	9/3/2026	7/6/2026	7/6/2026	90	90	0	0	0	1509,78	0	0	0	0	0	0	0	0	0	0	0	2000,21
SR00535	31/5/2026	R	1,90322E+11	DISTRIBUCIONES Y COMERCIO	J	1	1	51				3,001E+12	1333,47	1006,52	9/3/2026	7/6/2026	7/6/2026	90	90	0	0	0	1006,52	0	0	0	0	0	0	0	0	0	0	0	1333,47
SR00535	31/5/2026	R	1,90322E+11	DISTRIBUCIONES Y COMERCIO	J	1	1	51				3,001E+12	7664,18	7564,21	8/4/2026	7/7/2026	7/7/2026	90	90	0	0	0	0	7564,21	0	0	0	0	0	0	0	0	0	0	7664,18
SR00535	31/5/2026	R	1,90322E+11	DISTRIBUCIONES Y COMERCIO	J	1	1	51				3,001E+12	713,36	691,76	29/4/2026	28/7/2026	28/7/2026	90	90	0	0	0	0	691,76	0	0	0	0	0	0	0	0	0	0	713,36
SR00535	31/5/2026	R	1,90322E+11	DISTRIBUCIONES Y COMERCIO	J	1	1	51				3,001E+12	1331,48	1005,01	9/3/2026	7/6/2026	7/6/2026	90	90	0	0	0	1005,01	0	0	0	0	0	0	0	0	0	0	0	1331,48
SR00535	31/5/2026	R	1,90322E+11	DISTRIBUCIONES Y COMERCIO	J	1	1	51				3,001E+12	1956,45	1930,93	14/4/2026	13/7/2026	13/7/2026	90	90	0	0	0	0	1930,93	0	0	0	0	0	0	0	0	0	0	1956,45
SR00535	31/5/2026	R	1,90322E+11	DISTRIBUCIONES Y COMERCIO	J	1	1	51				3,001E+12	1016,13	1002,88	26/5/2026	24/8/2026	24/8/2026	90	90	0	0	0	0	1002,88	0	0	0	0	0	0	0	0	0	0	1016,13
SR00535	31/5/2026	R	1,90322E+11	DISTRIBUCIONES Y COMERCIO	J	1	1	51				3,001E+12	298,38	272,92	23/3/2026	21/6/2026	21/6/2026	90	90	0	0	0	272,92	0	0	0	0	0	0	0	0	0	0	0	298,38
SR00535	31/5/2026	R	1,90322E+11	DISTRIBUCIONES Y COMERCIO	J	1	1	51				3,001E+12	5128,23	5061,34	12/5/2026	10/8/2026	10/8/2026	90	90	0	0	0	0	5061,34	0	0	0	0	0	0	0	0	0	0	5128,23
SR00535	31/5/2026	R	1,90322E+11	DISTRIBUCIONES Y COMERCIO	J	1	1	51				3,001E+12	3798,48	2672,68	17/3/2026	15/6/2026	15/6/2026	90	90	0	0	0	2672,68	0	0	0	0	0	0	0	0	0	0	0	3798,48
SR00535	31/5/2026	R	1,90322E+11	DISTRIBUCIONES Y COMERCIO	J	1	1	51				3,001E+12	6002,56	5424,08	21/4/2026	20/7/2026	20/7/2026	90	90	0	0	0	0	5424,08	0	0	0	0	0	0	0	0	0	0	6002,56
SR00535	31/5/2026	R	1,90322E+11	DISTRIBUCIONES Y COMERCIO	J	1	1	51				3,001E+12	1956,66	1476,91	10/3/2026	8/6/2026	8/6/2026	90	90	0	0	0	1476,91	0	0	0	0	0	0	0	0	0	0	0	1956,66
SR00535	31/5/2026	R	1,90322E+11	DISTRIBUCIONES Y COMERCIO	J	1	1	51				3,001E+12	620,43	567,49	18/3/2026	16/6/2026	16/6/2026	90	90	0	0	0	567,49	0	0	0	0	0	0	0	0	0	0	0	620,43
SR00535	31/5/2026	R	1,90322E+11	DISTRIBUCIONES Y COMERCIO	J	1	1	51				3,001E+12	6466,32	6381,98	28/4/2026	27/7/2026	27/7/2026	90	90	0	0	0	0	6381,98	0	0	0	0	0	0	0	0	0	0	6466,32
SR00535	31/5/2026	R	1,90322E+11	DISTRIBUCIONES Y COMERCIO	J	1	1	51				3,001E+12	4833,93	4409,72	4/3/2026	2/6/2026	2/6/2026	90	90	0	0	0	4409,72	0	0	0	0	0	0	0	0	0	0	0	4833,93
SR00535	31/5/2026	R	1,90322E+11	DISTRIBUCIONES Y COMERCIO	J	1	1	51				3,001E+12	1360,09	1026,61	5/3/2026	3/6/2026	3/6/2026	90	90	0	0	0	1026,61	0	0	0	0	0	0	0	0	0	0	0	1360,09
SR00535	31/5/2026	R	1,90322E+11	DISTRIBUCIONES Y COMERCIO	J	1	1	51				3,001E+12	6180,59	6099,97	10/4/2026	9/7/2026	9/7/2026	90	90	0	0	0	0	6099,97	0	0	0	0	0	0	0	0	0	0	6180,59
SR00535	31/5/2026	R	1,90322E+11	DISTRIBUCIONES Y COMERCIO	J	1	1	51				3,001E+12	6498,95	5924,95	4/3/2026	2/6/2026	2/6/2026	90	90	0	0	0	5924,95	0	0	0	0	0	0	0	0	0	0	0	6498,95
SR00535	31/5/2026	R	1,90322E+11	DISTRIBUCIONES Y COMERCIO	J	1	1	51				3,001E+12	206,8	188,2	24/4/2026	23/7/2026	23/7/2026	90	90	0	0	0	0	188,2	0	0	0	0	0	0	0	0	0	0	206,8
SR00535	31/5/2026	R	1,90322E+11	DISTRIBUCIONES Y COMERCIO	J	1	1	51				3,001E+12	2234,07	2036,75	4/3/2026	2/6/2026	2/6/2026	90	90	0	0	0	2036,75	0	0	0	0	0	0	0	0	0	0	0	2234,07
SR00535	31/5/2026	R	1,90322E+11	DISTRIBUCIONES Y COMERCIO	J	1	1	51				3,001E+12	3506,14	3460,41	29/5/2026	27/8/2026	27/8/2026	90	90	0	0	0	0	3460,41	0	0	0	0	0	0	0	0	0	0	3506,14
SR00535	31/5/2026	R	1,90322E+11	DISTRIBUCIONES Y COMERCIO	J	1	1	51				3,001E+12	8821,54	6658,61	11/3/2026	9/6/2026	9/6/2026	90	90	0	0	0	6658,61	0	0	0	0	0	0	0	0	0	0	0	8821,54
SR00535	31/5/2026	R	1,90322E+11	DISTRIBUCIONES Y COMERCIO	J	1	1	51				3,001E+12	6036,5	5112,58	3/3/2026	1/6/2026	1/6/2026	90	90	0	0	0	5112,58	0	0	0	0	0	0	0	0	0	0	0	6036,5
SR00535	31/5/2026	R	1,90322E+11	DISTRIBUCIONES Y COMERCIO	J	1	1	51				3,001E+12	412,33	406,95	24/4/2026	23/7/2026	23/7/2026	90	90	0	0	0	0	406,95	0	0	0	0	0	0	0	0	0	0	412,33
SR00535	31/5/2026	R	1,90322E+11	DISTRIBUCIONES Y COMERCIO	J	1	1	51				3,001E+12	549,46	542,29	7/5/2026	5/8/2026	5/8/2026	90	90	0	0	0	0	542,29	0	0	0	0	0	0	0	0	0	0	549,46
SR00535	31/5/2026	R	1,90322E+11	DISTRIBUCIONES Y COMERCIO	J	1	1	51				3,001E+12	2951,83	2913,33	23/3/2026	21/6/2026	21/6/2026	90	90	0	0	0	2913,33	0	0	0	0	0	0	0	0	0	0	0	2951,83
SR00535	31/5/2026	R	1,90322E+11	DISTRIBUCIONES Y COMERCIO	J	1	1	51				3,001E+12	2758,09	2579,46	12/5/2026	10/8/2026	10/8/2026	90	90	0	0	0	0	2579,46	0	0	0	0	0	0	0	0	0	0	2758,09
SR00535	31/5/2026	R	1,90322E+11	DISTRIBUCIONES Y COMERCIO	J	1	1	51				3,001E+12	425,24	384,26	21/5/2026	19/8/2026	19/8/2026	90	90	0	0	0	0	384,26	0	0	0	0	0	0	0	0	0	0	425,24
SR00535	31/5/2026	R	1,90322E+11	DISTRIBUCIONES Y COMERCIO	J	1	1	51				3,001E+12	5134,55	5067,58	12/3/2026	10/6/2026	10/6/2026	90	90	0	0	0	5067,58	0	0	0	0	0	0	0	0	0	0	0	5134,55
SR00535	31/5/2026	R	1,90322E+11	DISTRIBUCIONES Y COMERCIO	J	1	1	51				3,001E+12	4815,35	4752,54	24/4/2026	23/7/2026	23/7/2026	90	90	0	0	0	0	4752,54	0	0	0	0	0	0	0	0	0	0	4815,35
SR00535	31/5/2026	R	1,90322E+11	DISTRIBUCIONES Y COMERCIO	J	1	1	51				3,001E+12	7496,67	7398,89	2/4/2026	1/7/2026	1/7/2026	90	90	0	0	0	0	7398,89	0	0	0	0	0	0	0	0	0	0	7496,67
SR00535	31/5/2026	R	1,90322E+11	DISTRIBUCIONES Y COMERCIO	J	1	1	51				3,001E+12	3155,21	2876,53	4/3/2026	2/6/2026	2/6/2026	90	90	0	0	0	2876,53	0	0	0	0	0	0	0	0	0	0	0	3155,21
SR00535	31/5/2026	R	1,90322E+11	DISTRIBUCIONES Y COMERCIO	J	1	1	51				3,001E+12	5503,26	4578,82	25/3/2026	23/6/2026	23/6/2026	90	90	0	0	0	4578,82	0	0	0	0	0	0	0	0	0	0	0	5503,26
SR00535	31/5/2026	R	1,90322E+11	DISTRIBUCIONES Y COMERCIO	J	1	1	51				3,001E+12	7826,64	5907,63	11/3/2026	9/6/2026	9/6/2026	90	90	0	0	0	5907,63	0	0	0	0	0	0	0	0	0	0	0	7826,64
SR00535	31/5/2026	R	1,90322E+11	DISTRIBUCIONES Y COMERCIO	J	1	1	51				3,001E+12	5248,93	5180,47	7/4/2026	6/7/2026	6/7/2026	90	90	0	0	0	0	5180,47	0	0	0	0	0	0	0	0	0	0	5248,93
SR00535	31/5/2026	R	1,90322E+11	DISTRIBUCIONES Y COMERCIO	J	1	1	51				3,001E+12	3322,84	3002,6	14/4/2026	13/7/2026	13/7/2026	90	90	0	0	0	0	3002,6	0	0	0	0	0	0	0	0	0	0	3322,84
SR00535	31/5/2026	R	1,90322E+11	DISTRIBUCIONES Y COMERCIO	J	1	1	51				3,001E+12	420,18	384,33	1/4/2026	30/6/2026	30/6/2026	90	90	0	0	0	384,33	0	0	0	0	0	0	0	0	0	0	0	420,18
SR00535	31/5/2026	R	1,90322E+11	DISTRIBUCIONES Y COMERCIO	J	1	1	51				3,001E+12	2511,37	2478,61	12/5/2026	10/8/2026	10/8/2026	90	90	0	0	0	0	2478,61	0	0	0	0	0	0	0	0	0	0	2511,37
SR00535	31/5/2026	R	1,90322E+11	DISTRIBUCIONES Y COMERCIO	J	1	1	51				3,001E+12	3407,88	2785,31	12/3/2026	10/6/2026	10/6/2026	90	90	0	0	0	2785,31	0	0	0	0	0	0	0	0	0	0	0	3407,88
SR00535	31/5/2026	R	1,90322E+11	DISTRIBUCIONES Y COMERCIO	J	1	1	51				3,001E+12	890,51	878,89	9/4/2026	8/7/2026	8/7/2026	90	90	0	0	0	0	878,89	0	0	0	0	0	0	0	0	0	0	890,51
SR00535	31/5/2026	R	1,90322E+11	DISTRIBUCIONES Y COMERCIO	J	1	1	51				3,001E+12	978,33	738,47	5/3/2026	3/6/2026	3/6/2026	90	90	0	0	0	738,47	0	0	0	0	0	0	0	0	0	0	0	978,33
SR00535	31/5/2026	R	1,90322E+11	DISTRIBUCIONES Y COMERCIO	J	1	1	51				3,001E+12	4544,37	4301,82	27/5/2026	25/8/2026	25/8/2026	90	90	0	0	0	0	4301,82	0	0	0	0	0	0	0	0	0	0	4544,37
SR00535	31/5/2026	R	1,90322E+11	DISTRIBUCIONES Y COMERCIO	J	1	1	51				3,001E+12	1580,66	1560,04	18/3/2026	16/6/2026	16/6/2026	90	90	0	0	0	1560,04	0	0	0	0	0	0	0	0	0	0	0	1580,66
SR00535	31/5/2026	R	1,90322E+11	DISTRIBUCIONES Y COMERCIO	J	1	1	51				3,001E+12	7826,64	5907,63	11/3/2026	9/6/2026	9/6/2026	90	90	0	0	0	5907,63	0	0	0	0	0	0	0	0	0	0	0	7826,64
SR00535	31/5/2026	R	1,90322E+11	DISTRIBUCIONES Y COMERCIO	J	1	1	51				3,001E+12	1113,12	840,19	6/3/2026	4/6/2026	4/6/2026	90	90	0	0	0	840,19	0	0	0	0	0	0	0	0	0	0	0	1113,12
SR00535	31/5/2026	R	1,90322E+11	DISTRIBUCIONES Y COMERCIO	J	1	1	51				3,001E+12	462,91	418,3	7/4/2026	6/7/2026	6/7/2026	90	90	0	0	0	0	418,3	0	0	0	0	0	0	0	0	0	0	462,91
SR00535	31/5/2026	R	1,90322E+11	DISTRIBUCIONES Y COMERCIO	J	1	1	51				3,001E+12	964,7	871,73	20/4/2026	19/7/2026	19/7/2026	90	90	0	0	0	0	871,73	0	0	0	0	0	0	0	0	0	0	964,7
SR00535	31/5/2026	R	1,90322E+11	DISTRIBUCIONES Y COMERCIO	J	1	1	51				3,001E+12	8254,88	8147,21	26/5/2026	24/8/2026	24/8/2026	90	90	0	0	0	0	8147,21	0	0	0	0	0	0	0	0	0	0	8254,88
SR00535	31/5/2026	R	1,90322E+11	DISTRIBUCIONES Y COMERCIO	J	1	1	51				3,001E+12	164,91	162,76	10/4/2026	9/7/2026	9/7/2026	90	90	0	0	0	0	162,76	0	0	0	0	0	0	0	0	0	0	164,91
SR00535	31/5/2026	R	1,90322E+11	DISTRIBUCIONES Y COMERCIO	J	1	1	51				3,001E+12	827,22	816,43	6/4/2026	5/7/2026	5/7/2026	90	90	0	0	0	0	816,43	0	0	0	0	0	0	0	0	0	0	827,22
SR00535	31/5/2026	R	1,90322E+11	DISTRIBUCIONES Y COMERCIO	J	1	1	51				3,001E+12	534,61	527,64	26/3/2026	24/6/2026	24/6/2026	90	90	0	0	0	527,64	0	0	0	0	0	0	0	0	0	0	0	534,61
SR00535	31/5/2026	R	1,90322E+11	DISTRIBUCIONES Y COMERCIO	J	1	1	51				3,001E+12	2568,03	2534,53	5/5/2026	3/8/2026	3/8/2026	90	90	0	0	0	0	2534,53	0	0	0	0	0	0	0	0	0	0	2568,03
SR00535	31/5/2026	R	1,90322E+11	DISTRIBUCIONES Y COMERCIO	J	1	1	51				3,001E+12	9223	8625,69	5/5/2026	3/8/2026	3/8/2026	90	90	0	0	0	0	8625,69	0	0	0	0	0	0	0	0	0	0	9223
SR00535	31/5/2026	R	1,90322E+11	DISTRIBUCIONES Y COMERCIO	J	1	1	51				3,001E+12	263,44	260	12/3/2026	10/6/2026	10/6/2026	90	90	0	0	0	260	0	0	0	0	0	0	0	0	0	0	0	263,44
SR00535	31/5/2026	R	1,90322E+11	DISTRIBUCIONES Y COMERCIO	J	1	1	51				3,001E+12	2122,9	2095,21	7/4/2026	6/7/2026	6/7/2026	90	90	0	0	0	0	2095,21	0	0	0	0	0	0	0	0	0	0	2122,9
SR00535	31/5/2026	R	1,90322E+11	DISTRIBUCIONES Y COMERCIO	J	1	1	51				3,001E+12	5287,45	4777,87	23/3/2026	21/6/2026	21/6/2026	90	90	0	0	0	4777,87	0	0	0	0	0	0	0	0	0	0	0	5287,45
SR00535	31/5/2026	R	1,90322E+11	DISTRIBUCIONES Y COMERCIO	J	1	1	51				3,001E+12	5209,74	5141,79	7/4/2026	6/7/2026	6/7/2026	90	90	0	0	0	0	5141,79	0	0	0	0	0	0	0	0	0	0	5209,74
SR00535	31/5/2026	R	1,90322E+11	DISTRIBUCIONES Y COMERCIO	J	1	1	51				3,001E+12	2356,79	1716,53	18/3/2026	16/6/2026	16/6/2026	90	90	0	0	0	1716,53	0	0	0	0	0	0	0	0	0	0	0	2356,79
SR00535	31/5/2026	R	1,90322E+11	DISTRIBUCIONES Y COMERCIO	J	1	1	51				3,001E+12	277,43	273,81	16/4/2026	15/7/2026	15/7/2026	90	90	0	0	0	0	273,81	0	0	0	0	0	0	0	0	0	0	277,43
SR00535	31/5/2026	R	1,90322E+11	DISTRIBUCIONES Y COMERCIO	J	1	1	51				3,001E+12	17768,8	16585,98	6/5/2026	4/8/2026	4/8/2026	90	90	0	0	0	0	16585,98	0	0	0	0	0	0	0	0	0	0	17768,8
SR00535	31/5/2026	R	1,90322E+11	DISTRIBUCIONES Y COMERCIO	J	1	1	51				3,001E+12	4593,74	3467,4	5/3/2026	3/6/2026	3/6/2026	90	90	0	0	0	3467,4	0	0	0	0	0	0	0	0	0	0	0	4593,74
SR00535	31/5/2026	R	1,90322E+11	DISTRIBUCIONES Y COMERCIO	J	1	1	51				3,001E+12	2107,38	2079,89	7/4/2026	6/7/2026	6/7/2026	90	90	0	0	0	0	2079,89	0	0	0	0	0	0	0	0	0	0	2107,38
SR00535	31/5/2026	R	1,90322E+11	DISTRIBUCIONES Y COMERCIO	J	1	1	51				3,001E+12	1381,09	1005,9	18/3/2026	16/6/2026	16/6/2026	90	90	0	0	0	1005,9	0	0	0	0	0	0	0	0	0	0	0	1381,09
SR00535	31/5/2026	R	1,90322E+11	DISTRIBUCIONES Y COMERCIO	J	1	1	51				3,001E+12	1932,21	1359,54	17/3/2026	15/6/2026	15/6/2026	90	90	0	0	0	1359,54	0	0	0	0	0	0	0	0	0	0	0	1932,21
SR00535	31/5/2026	R	1,90322E+11	DISTRIBUCIONES Y COMERCIO	J	1	1	51				3,001E+12	4033,94	3772,69	8/5/2026	6/8/2026	6/8/2026	90	90	0	0	0	0	3772,69	0	0	0	0	0	0	0	0	0	0	4033,94
SR00535	31/5/2026	R	1,90322E+11	DISTRIBUCIONES Y COMERCIO	J	1	1	51				3,001E+12	420,18	353,95	26/3/2026	24/6/2026	24/6/2026	90	90	0	0	0	353,95	0	0	0	0	0	0	0	0	0	0	0	420,18
SR00535	31/5/2026	R	1,90322E+11	DISTRIBUCIONES Y COMERCIO	J	1	1	51				3,001E+12	8394,62	7850,95	6/5/2026	4/8/2026	4/8/2026	90	90	0	0	0	0	7850,95	0	0	0	0	0	0	0	0	0	0	8394,62
SR00535	31/5/2026	R	1,90322E+11	DISTRIBUCIONES Y COMERCIO	J	1	1	51				3,001E+12	2634,43	2600,07	29/5/2026	27/8/2026	27/8/2026	90	90	0	0	0	0	2600,07	0	0	0	0	0	0	0	0	0	0	2634,43
SR00535	31/5/2026	R	1,90322E+11	DISTRIBUCIONES Y COMERCIO	J	1	1	51				3,001E+12	6498,95	5924,95	4/3/2026	2/6/2026	2/6/2026	90	90	0	0	0	5924,95	0	0	0	0	0	0	0	0	0	0	0	6498,95
SR00535	31/5/2026	R	1,90322E+11	DISTRIBUCIONES Y COMERCIO	J	1	1	51				3,001E+12	11113,61	10393,86	13/5/2026	11/8/2026	11/8/2026	90	90	0	0	0	0	10393,86	0	0	0	0	0	0	0	0	0	0	11113,61
SR00535	31/5/2026	R	1,90322E+11	DISTRIBUCIONES Y COMERCIO	J	1	1	51				3,001E+12	2662,97	2010,05	9/3/2026	7/6/2026	7/6/2026	90	90	0	0	0	2010,05	0	0	0	0	0	0	0	0	0	0	0	2662,97
SR00535	31/5/2026	R	1,90322E+11	DISTRIBUCIONES Y COMERCIO	J	1	1	51				3,001E+12	5719,38	5348,98	7/5/2026	5/8/2026	5/8/2026	90	90	0	0	0	0	5348,98	0	0	0	0	0	0	0	0	0	0	5719,38
SR00535	31/5/2026	R	1,90322E+11	DISTRIBUCIONES Y COMERCIO	J	1	1	51				3,001E+12	1689,56	1526,73	9/4/2026	8/7/2026	8/7/2026	90	90	0	0	0	0	1526,73	0	0	0	0	0	0	0	0	0	0	1689,56
SR00535	31/5/2026	R	1,90322E+11	DISTRIBUCIONES Y COMERCIO	J	1	1	51				3,001E+12	5631,84	5089,08	10/4/2026	9/7/2026	9/7/2026	90	90	0	0	0	0	5089,08	0	0	0	0	0	0	0	0	0	0	5631,84
SR00535	31/5/2026	R	1,90322E+11	DISTRIBUCIONES Y COMERCIO	J	1	1	51				3,001E+12	5116,06	3861,66	4/3/2026	2/6/2026	2/6/2026	90	90	0	0	0	3861,66	0	0	0	0	0	0	0	0	0	0	0	5116,06
SR00535	31/5/2026	R	1,90322E+11	DISTRIBUCIONES Y COMERCIO	J	1	1	51				3,001E+12	925,83	836,6	15/4/2026	14/7/2026	14/7/2026	90	90	0	0	0	0	836,6	0	0	0	0	0	0	0	0	0	0	925,83
SR00535	31/5/2026	R	1,90322E+11	DISTRIBUCIONES Y COMERCIO	J	1	1	51				3,001E+12	8106,18	7581,19	5/5/2026	3/8/2026	3/8/2026	90	90	0	0	0	0	7581,19	0	0	0	0	0	0	0	0	0	0	8106,18
SR00535	31/5/2026	R	1,90322E+11	DISTRIBUCIONES Y COMERCIO	J	1	1	51				3,001E+12	966,14	953,54	4/3/2026	2/6/2026	2/6/2026	90	90	0	0	0	953,54	0	0	0	0	0	0	0	0	0	0	0	966,14
SR00535	31/5/2026	R	1,90322E+11	DISTRIBUCIONES Y COMERCIO	J	1	1	51				3,001E+12	1867,8	1746,84	20/5/2026	18/8/2026	18/8/2026	90	90	0	0	0	0	1746,84	0	0	0	0	0	0	0	0	0	0	1867,8
SR00535	31/5/2026	R	1,90322E+11	DISTRIBUCIONES Y COMERCIO	J	1	1	51				3,001E+12	8106,18	7581,19	5/5/2026	3/8/2026	3/8/2026	90	90	0	0	0	0	7581,19	0	0	0	0	0	0	0	0	0	0	8106,18
SR00535	31/5/2026	R	1,90322E+11	DISTRIBUCIONES Y COMERCIO	J	1	1	51				3,001E+12	3595,99	3363,1	8/5/2026	6/8/2026	6/8/2026	90	90	0	0	0	0	3363,1	0	0	0	0	0	0	0	0	0	0	3595,99
SR00535	31/5/2026	R	1,90322E+11	DISTRIBUCIONES Y COMERCIO	J	1	1	51				3,001E+12	4220,78	4165,73	19/5/2026	17/8/2026	17/8/2026	90	90	0	0	0	0	4165,73	0	0	0	0	0	0	0	0	0	0	4220,78
SR00535	31/5/2026	R	1,90322E+11	DISTRIBUCIONES Y COMERCIO	J	1	1	51				3,001E+12	2226,24	1680,39	10/3/2026	8/6/2026	8/6/2026	90	90	0	0	0	1680,39	0	0	0	0	0	0	0	0	0	0	0	2226,24
SR00535	31/5/2026	R	1,90322E+11	DISTRIBUCIONES Y COMERCIO	J	1	1	51				3,001E+12	1133,11	1118,33	20/5/2026	18/8/2026	18/8/2026	90	90	0	0	0	0	1118,33	0	0	0	0	0	0	0	0	0	0	1133,11
SR00535	31/5/2026	R	1,90322E+11	DISTRIBUCIONES Y COMERCIO	J	1	1	51				3,001E+12	687,22	678,26	18/5/2026	16/8/2026	16/8/2026	90	90	0	0	0	0	678,26	0	0	0	0	0	0	0	0	0	0	687,22
SR00535	31/5/2026	R	1,90322E+11	DISTRIBUCIONES Y COMERCIO	J	1	1	51				3,001E+12	8106,18	7581,19	8/5/2026	6/8/2026	6/8/2026	90	90	0	0	0	0	7581,19	0	0	0	0	0	0	0	0	0	0	8106,18
SR00535	31/5/2026	R	1,90322E+11	DISTRIBUCIONES Y COMERCIO	J	1	1	51				3,001E+12	4930,51	4175,89	2/3/2026	31/5/2026	31/5/2026	90	90	0	0	0	4175,89	0	0	0	0	0	0	0	0	0	0	0	4930,51
SR00535	31/5/2026	R	1,90322E+11	DISTRIBUCIONES Y COMERCIO	J	1	1	51				3,001E+12	94,89	93,65	4/3/2026	2/6/2026	2/6/2026	90	90	0	0	0	93,65	0	0	0	0	0	0	0	0	0	0	0	94,89
SR00535	31/5/2026	R	1,90322E+11	DISTRIBUCIONES Y COMERCIO	J	1	1	51				3,001E+12	8245,95	8138,39	7/4/2026	6/7/2026	6/7/2026	90	90	0	0	0	0	8138,39	0	0	0	0	0	0	0	0	0	0	8245,95
SR00535	31/5/2026	R	1,90322E+11	DISTRIBUCIONES Y COMERCIO	J	1	1	51				3,001E+12	1812,42	1788,78	15/4/2026	14/7/2026	14/7/2026	90	90	0	0	0	0	1788,78	0	0	0	0	0	0	0	0	0	0	1812,42
SR00535	31/5/2026	R	1,90322E+11	DISTRIBUCIONES Y COMERCIO	J	1	1	51				3,001E+12	316,89	312,76	12/5/2026	10/8/2026	10/8/2026	90	90	0	0	0	0	312,76	0	0	0	0	0	0	0	0	0	0	316,89
SR00535	31/5/2026	R	1,90322E+11	DISTRIBUCIONES Y COMERCIO	J	1	1	51				3,001E+12	3289,36	2482,84	10/3/2026	8/6/2026	8/6/2026	90	90	0	0	0	2482,84	0	0	0	0	0	0	0	0	0	0	0	3289,36
SR00535	31/5/2026	R	1,90322E+11	DISTRIBUCIONES Y COMERCIO	J	1	1	51				3,001E+12	2091,45	1578,65	5/3/2026	3/6/2026	3/6/2026	90	90	0	0	0	1578,65	0	0	0	0	0	0	0	0	0	0	0	2091,45
SR00535	31/5/2026	R	1,90322E+11	DISTRIBUCIONES Y COMERCIO	J	1	1	51				3,001E+12	2000,21	1509,78	9/3/2026	7/6/2026	7/6/2026	90	90	0	0	0	1509,78	0	0	0	0	0	0	0	0	0	0	0	2000,21
SR00535	31/5/2026	R	1,90322E+11	DISTRIBUCIONES Y COMERCIO	J	1	1	51				3,001E+12	1532,33	1512,34	7/5/2026	5/8/2026	5/8/2026	90	90	0	0	0	0	1512,34	0	0	0	0	0	0	0	0	0	0	1532,33
SR00535	31/5/2026	R	1,90322E+11	DISTRIBUCIONES Y COMERCIO	J	1	1	51				3,001E+12	963,07	801,3	19/3/2026	17/6/2026	17/6/2026	90	90	0	0	0	801,3	0	0	0	0	0	0	0	0	0	0	0	963,07
SR00535	31/5/2026	R	1,90322E+11	DISTRIBUCIONES Y COMERCIO	J	1	1	51				3,001E+12	2491,94	2459,44	26/5/2026	24/8/2026	24/8/2026	90	90	0	0	0	0	2459,44	0	0	0	0	0	0	0	0	0	0	2491,94
SR00535	31/5/2026	R	1,90322E+11	DISTRIBUCIONES Y COMERCIO	J	1	1	51				3,001E+12	421,5	408,73	5/5/2026	3/8/2026	3/8/2026	90	90	0	0	0	0	408,73	0	0	0	0	0	0	0	0	0	0	421,5
SR00535	31/5/2026	R	1,90322E+11	DISTRIBUCIONES Y COMERCIO	J	1	1	51				3,001E+12	850,48	768,52	1/4/2026	30/6/2026	30/6/2026	90	90	0	0	0	768,52	0	0	0	0	0	0	0	0	0	0	0	850,48
SR00535	31/5/2026	R	1,90322E+11	DISTRIBUCIONES Y COMERCIO	J	1	1	51				3,001E+12	1719,56	1697,13	29/5/2026	27/8/2026	27/8/2026	90	90	0	0	0	0	1697,13	0	0	0	0	0	0	0	0	0	0	1719,56
SR00535	31/5/2026	R	1,90322E+11	DISTRIBUCIONES Y COMERCIO	J	1	1	51				3,001E+12	398,64	393,44	20/4/2026	19/7/2026	19/7/2026	90	90	0	0	0	0	393,44	0	0	0	0	0	0	0	0	0	0	398,64
SR00535	31/5/2026	R	1,90322E+11	DISTRIBUCIONES Y COMERCIO	J	1	1	51				3,001E+12	4402,6	3663,05	23/3/2026	21/6/2026	21/6/2026	90	90	0	0	0	3663,05	0	0	0	0	0	0	0	0	0	0	0	4402,6
SR00535	31/5/2026	R	1,90322E+11	DISTRIBUCIONES Y COMERCIO	J	1	1	51				3,001E+12	1268,01	1156,02	3/3/2026	1/6/2026	1/6/2026	90	90	0	0	0	1156,02	0	0	0	0	0	0	0	0	0	0	0	1268,01
SR00535	31/5/2026	R	1,90322E+11	DISTRIBUCIONES Y COMERCIO	J	1	1	51				3,001E+12	2914,39	2725,65	20/5/2026	18/8/2026	18/8/2026	90	90	0	0	0	0	2725,65	0	0	0	0	0	0	0	0	0	0	2914,39
SR00535	31/5/2026	R	1,90322E+11	DISTRIBUCIONES Y COMERCIO	J	1	1	51				3,001E+12	6603,91	6517,77	20/4/2026	19/7/2026	19/7/2026	90	90	0	0	0	0	6517,77	0	0	0	0	0	0	0	0	0	0	6603,91
SR00535	31/5/2026	R	1,90322E+11	DISTRIBUCIONES Y COMERCIO	J	1	1	51				3,001E+12	2305,75	2156,41	20/5/2026	18/8/2026	18/8/2026	90	90	0	0	0	0	2156,41	0	0	0	0	0	0	0	0	0	0	2305,75
SR00535	31/5/2026	R	1,90322E+11	DISTRIBUCIONES Y COMERCIO	J	1	1	51				3,001E+12	702,45	693,29	10/4/2026	9/7/2026	9/7/2026	90	90	0	0	0	0	693,29	0	0	0	0	0	0	0	0	0	0	702,45
SR00535	31/5/2026	R	1,90322E+11	DISTRIBUCIONES Y COMERCIO	J	1	1	51				3,001E+12	9616,15	9490,72	23/3/2026	21/6/2026	21/6/2026	90	90	0	0	0	9490,72	0	0	0	0	0	0	0	0	0	0	0	9616,15
SR00535	31/5/2026	R	1,90322E+11	DISTRIBUCIONES Y COMERCIO	J	1	1	51				3,001E+12	2517,87	2474,7	19/5/2026	17/8/2026	17/8/2026	90	90	0	0	0	0	2474,7	0	0	0	0	0	0	0	0	0	0	2517,87
SR00535	31/5/2026	R	1,90322E+11	DISTRIBUCIONES Y COMERCIO	J	1	1	51				3,001E+12	2124,52	2096,81	4/5/2026	2/8/2026	2/8/2026	90	90	0	0	0	0	2096,81	0	0	0	0	0	0	0	0	0	0	2124,52
SR00535	31/5/2026	R	1,90322E+11	DISTRIBUCIONES Y COMERCIO	J	1	1	51				3,001E+12	17195,65	15786,76	9/3/2026	7/6/2026	7/6/2026	90	90	0	0	0	15786,76	0	0	0	0	0	0	0	0	0	0	0	17195,65
SR00535	31/5/2026	R	1,90322E+11	DISTRIBUCIONES Y COMERCIO	J	1	1	51				3,001E+12	8090,76	7425,87	4/3/2026	2/6/2026	2/6/2026	90	90	0	0	0	7425,87	0	0	0	0	0	0	0	0	0	0	0	8090,76
SR00535	31/5/2026	R	1,90322E+11	DISTRIBUCIONES Y COMERCIO	J	1	1	51				3,001E+12	2143,77	1937,17	14/4/2026	13/7/2026	13/7/2026	90	90	0	0	0	0	1937,17	0	0	0	0	0	0	0	0	0	0	2143,77
SR00535	31/5/2026	R	1,90322E+11	DISTRIBUCIONES Y COMERCIO	J	1	1	51				3,001E+12	1665,21	1504,73	12/3/2026	10/6/2026	10/6/2026	90	90	0	0	0	1504,73	0	0	0	0	0	0	0	0	0	0	0	1665,21
SR00535	31/5/2026	R	1,90322E+11	DISTRIBUCIONES Y COMERCIO	J	1	1	51				3,001E+12	891,93	64,49	6/3/2026	4/6/2026	4/6/2026	90	90	0	0	0	64,49	0	0	0	0	0	0	0	0	0	0	0	891,93
SR00535	31/5/2026	R	1,90322E+11	DISTRIBUCIONES Y COMERCIO	J	1	1	51				3,001E+12	583,61	545,81	26/5/2026	24/8/2026	24/8/2026	90	90	0	0	0	0	545,81	0	0	0	0	0	0	0	0	0	0	583,61
SR00535	31/5/2026	R	1,90322E+11	DISTRIBUCIONES Y COMERCIO	J	1	1	51				3,001E+12	2972,07	2933,3	6/3/2026	4/6/2026	4/6/2026	90	90	0	0	0	2933,3	0	0	0	0	0	0	0	0	0	0	0	2972,07
SR00535	31/5/2026	R	1,90322E+11	DISTRIBUCIONES Y COMERCIO	J	1	1	51				3,001E+12	20942,88	20669,71	6/4/2026	5/7/2026	5/7/2026	90	90	0	0	0	0	20669,71	0	0	0	0	0	0	0	0	0	0	20942,88
SR00535	31/5/2026	R	1,90322E+11	DISTRIBUCIONES Y COMERCIO	J	1	1	51				3,001E+12	4360,69	4071,72	13/5/2026	11/8/2026	11/8/2026	90	90	0	0	0	0	4071,72	0	0	0	0	0	0	0	0	0	0	4360,69
SR00535	31/5/2026	R	1,90322E+11	DISTRIBUCIONES Y COMERCIO	J	1	1	51				3,001E+12	1395,07	1276,04	18/3/2026	16/6/2026	16/6/2026	90	90	0	0	0	1276,04	0	0	0	0	0	0	0	0	0	0	0	1395,07
SR00535	31/5/2026	R	1,90322E+11	DISTRIBUCIONES Y COMERCIO	J	1	1	51				3,001E+12	1783,25	1759,99	18/3/2026	16/6/2026	16/6/2026	90	90	0	0	0	1759,99	0	0	0	0	0	0	0	0	0	0	0	1783,25
SR00535	31/5/2026	R	1,90322E+11	DISTRIBUCIONES Y COMERCIO	J	1	1	51				3,001E+12	7826,64	5907,63	9/3/2026	7/6/2026	7/6/2026	90	90	0	0	0	5907,63	0	0	0	0	0	0	0	0	0	0	0	7826,64
SR00535	31/5/2026	R	1,90322E+11	DISTRIBUCIONES Y COMERCIO	J	1	1	51				3,001E+12	9223	8625,69	13/5/2026	11/8/2026	11/8/2026	90	90	0	0	0	0	8625,69	0	0	0	0	0	0	0	0	0	0	9223
SR00535	31/5/2026	R	1,90322E+11	DISTRIBUCIONES Y COMERCIO	J	1	1	51				3,001E+12	1331,48	1005,01	9/3/2026	7/6/2026	7/6/2026	90	90	0	0	0	1005,01	0	0	0	0	0	0	0	0	0	0	0	1331,48
SR00535	31/5/2026	R	1,90322E+11	DISTRIBUCIONES Y COMERCIO	J	1	1	51				3,001E+12	2275,52	1717,59	12/3/2026	10/6/2026	10/6/2026	90	90	0	0	0	1717,59	0	0	0	0	0	0	0	0	0	0	0	2275,52
SR00535	31/5/2026	R	1,90322E+11	DISTRIBUCIONES Y COMERCIO	J	1	1	51				3,001E+12	8904,94	6721,55	4/3/2026	2/6/2026	2/6/2026	90	90	0	0	0	6721,55	0	0	0	0	0	0	0	0	0	0	0	8904,94
SR00535	31/5/2026	R	1,90322E+11	DISTRIBUCIONES Y COMERCIO	J	1	1	51				3,001E+12	9855,18	7640,09	13/3/2026	11/6/2026	11/6/2026	90	90	0	0	0	7640,09	0	0	0	0	0	0	0	0	0	0	0	9855,18
SR00535	31/5/2026	R	1,90322E+11	DISTRIBUCIONES Y COMERCIO	J	1	1	51				3,001E+12	1445,32	1426,47	9/4/2026	8/7/2026	8/7/2026	90	90	0	0	0	0	1426,47	0	0	0	0	0	0	0	0	0	0	1445,32
SR00535	31/5/2026	R	1,90322E+11	DISTRIBUCIONES Y COMERCIO	J	1	1	51				3,001E+12	11713,34	11560,56	26/5/2026	24/8/2026	24/8/2026	90	90	0	0	0	0	11560,56	0	0	0	0	0	0	0	0	0	0	11713,34
SR00535	31/5/2026	R	1,90322E+11	DISTRIBUCIONES Y COMERCIO	J	1	1	51				3,001E+12	347,75	343,21	1/4/2026	30/6/2026	30/6/2026	90	90	0	0	0	343,21	0	0	0	0	0	0	0	0	0	0	0	347,75
SR00535	31/5/2026	R	1,90322E+11	DISTRIBUCIONES Y COMERCIO	J	1	1	51				3,001E+12	17977,93	17575,77	6/4/2026	5/7/2026	5/7/2026	90	90	0	0	0	0	17575,77	0	0	0	0	0	0	0	0	0	0	17977,93
SR00535	31/5/2026	R	1,90322E+11	DISTRIBUCIONES Y COMERCIO	J	1	1	51				3,001E+12	5027,72	4943,35	1/4/2026	30/6/2026	30/6/2026	90	90	0	0	0	4943,35	0	0	0	0	0	0	0	0	0	0	0	5027,72
SR00535	31/5/2026	R	1,90322E+11	DISTRIBUCIONES Y COMERCIO	J	1	1	51				3,001E+12	6988,1	5918,53	2/3/2026	31/5/2026	31/5/2026	90	90	0	0	0	5918,53	0	0	0	0	0	0	0	0	0	0	0	6988,1
SR00535	31/5/2026	R	1,90322E+11	DISTRIBUCIONES Y COMERCIO	J	1	1	51				3,001E+12	5197,3	4936,64	11/5/2026	9/8/2026	9/8/2026	90	90	0	0	0	0	4936,64	0	0	0	0	0	0	0	0	0	0	5197,3
SR00535	31/5/2026	R	1,90322E+11	DISTRIBUCIONES Y COMERCIO	J	1	1	51				3,001E+12	543,67	532,82	4/3/2026	2/6/2026	2/6/2026	90	90	0	0	0	532,82	0	0	0	0	0	0	0	0	0	0	0	543,67
SR00535	31/5/2026	R	1,90322E+11	DISTRIBUCIONES Y COMERCIO	J	1	1	51				3,001E+12	415,73	388,8	19/5/2026	17/8/2026	17/8/2026	90	90	0	0	0	0	388,8	0	0	0	0	0	0	0	0	0	0	415,73
SR00535	31/5/2026	R	1,90322E+11	DISTRIBUCIONES Y COMERCIO	J	1	1	51				3,001E+12	297,21	293,33	1/4/2026	30/6/2026	30/6/2026	90	90	0	0	0	293,33	0	0	0	0	0	0	0	0	0	0	0	297,21
SR00535	31/5/2026	R	1,90322E+11	DISTRIBUCIONES Y COMERCIO	J	1	1	51				3,001E+12	7134,92	6672,85	6/5/2026	4/8/2026	4/8/2026	90	90	0	0	0	0	6672,85	0	0	0	0	0	0	0	0	0	0	7134,92
SR00535	31/5/2026	R	1,90322E+11	DISTRIBUCIONES Y COMERCIO	J	1	1	51				3,001E+12	4367,56	3699,08	3/3/2026	1/6/2026	1/6/2026	90	90	0	0	0	3699,08	0	0	0	0	0	0	0	0	0	0	0	4367,56
SR00535	31/5/2026	R	1,90322E+11	DISTRIBUCIONES Y COMERCIO	J	1	1	51				3,001E+12	2091,45	1578,65	6/3/2026	4/6/2026	4/6/2026	90	90	0	0	0	1578,65	0	0	0	0	0	0	0	0	0	0	0	2091,45
SR00535	31/5/2026	R	1,90322E+11	DISTRIBUCIONES Y COMERCIO	J	1	1	51				3,001E+12	9248,24	8968,16	6/5/2026	4/8/2026	4/8/2026	90	90	0	0	0	0	8968,16	0	0	0	0	0	0	0	0	0	0	9248,24
SR00535	31/5/2026	R	1,90322E+11	DISTRIBUCIONES Y COMERCIO	J	1	1	51				3,001E+12	1500,64	1356,02	21/4/2026	20/7/2026	20/7/2026	90	90	0	0	0	0	1356,02	0	0	0	0	0	0	0	0	0	0	1500,64
SR00535	31/5/2026	R	1,90322E+11	DISTRIBUCIONES Y COMERCIO	J	1	1	51				3,001E+12	1360,09	1026,61	5/3/2026	3/6/2026	3/6/2026	90	90	0	0	0	1026,61	0	0	0	0	0	0	0	0	0	0	0	1360,09
SR00535	31/5/2026	R	1,90322E+11	DISTRIBUCIONES Y COMERCIO	J	1	1	51				3,001E+12	5935,62	5699,21	29/5/2026	27/8/2026	27/8/2026	90	90	0	0	0	0	5699,21	0	0	0	0	0	0	0	0	0	0	5935,62
SR00535	31/5/2026	R	1,90322E+11	DISTRIBUCIONES Y COMERCIO	J	1	1	51				3,001E+12	481,78	469,54	25/3/2026	23/6/2026	23/6/2026	90	90	0	0	0	469,54	0	0	0	0	0	0	0	0	0	0	0	481,78
SR00535	31/5/2026	R	7,90101E+11	DISTRIBUIDORA Y COMERCIALIZADORA DE	J	7	1	2				3,001E+12	226,62	223,66	28/4/2026	12/6/2026	12/6/2026	45	45	0	0	0	223,66	0	0	0	0	0	0	0	0	0	0	0	226,62
SR00535	31/5/2026	R	7,90101E+11	DISTRIBUIDORA Y COMERCIALIZADORA DE	J	7	1	2				3,001E+12	4640,38	4579,85	14/4/2026	29/5/2026	29/5/2026	45	45	2	4579,85	0	0	0	0	0	0	4579,85	0	0	0	0	0	0	4640,38
SR00535	31/5/2026	R	7,90101E+11	DISTRIBUIDORA Y COMERCIALIZADORA DE	J	7	1	2				3,001E+12	1160,61	1145,47	14/5/2026	28/6/2026	28/6/2026	45	45	0	0	0	1145,47	0	0	0	0	0	0	0	0	0	0	0	1160,61
SR00535	31/5/2026	R	7,90101E+11	DISTRIBUIDORA Y COMERCIALIZADORA DE	J	7	1	2				3,001E+12	3673,95	3626,03	7/5/2026	21/6/2026	21/6/2026	45	45	0	0	0	3626,03	0	0	0	0	0	0	0	0	0	0	0	3673,95
SR00535	31/5/2026	R	7,90101E+11	DISTRIBUIDORA Y COMERCIALIZADORA DE	J	7	1	2				3,001E+12	684,35	675,42	4/5/2026	18/6/2026	18/6/2026	45	45	0	0	0	675,42	0	0	0	0	0	0	0	0	0	0	0	684,35
SR00535	31/5/2026	R	7,90101E+11	DISTRIBUIDORA Y COMERCIALIZADORA DE	J	7	1	2				3,001E+12	2094,21	1924,93	11/5/2026	25/6/2026	25/6/2026	45	45	0	0	0	1924,93	0	0	0	0	0	0	0	0	0	0	0	2094,21
SR00535	31/5/2026	R	7,90101E+11	DISTRIBUIDORA Y COMERCIALIZADORA DE	J	7	1	2				3,001E+12	3298	3027,56	15/5/2026	29/6/2026	29/6/2026	45	45	0	0	0	3027,56	0	0	0	0	0	0	0	0	0	0	0	3298
SR00535	31/5/2026	R	7,90101E+11	DISTRIBUIDORA Y COMERCIALIZADORA DE	J	7	1	2				3,001E+12	108,93	107,51	11/5/2026	25/6/2026	25/6/2026	45	45	0	0	0	107,51	0	0	0	0	0	0	0	0	0	0	0	108,93
SR00535	31/5/2026	R	7,90101E+11	DISTRIBUIDORA Y COMERCIALIZADORA DE	J	7	1	2				3,001E+12	572,82	565,35	11/5/2026	25/6/2026	25/6/2026	45	45	0	0	0	565,35	0	0	0	0	0	0	0	0	0	0	0	572,82
SR00535	31/5/2026	R	7,90101E+11	DISTRIBUIDORA Y COMERCIALIZADORA DE	J	7	1	2				3,001E+12	1398,23	1379,99	5/5/2026	19/6/2026	19/6/2026	45	45	0	0	0	1379,99	0	0	0	0	0	0	0	0	0	0	0	1398,23
SR00535	31/5/2026	R	7,90101E+11	DISTRIBUIDORA Y COMERCIALIZADORA DE	J	7	1	2				3,001E+12	150,17	148,21	28/4/2026	12/6/2026	12/6/2026	45	45	0	0	0	148,21	0	0	0	0	0	0	0	0	0	0	0	150,17
SR00535	31/5/2026	R	7,90101E+11	DISTRIBUIDORA Y COMERCIALIZADORA DE	J	7	1	2				3,001E+12	1026,52	1013,13	4/5/2026	18/6/2026	18/6/2026	45	45	0	0	0	1013,13	0	0	0	0	0	0	0	0	0	0	0	1026,52
SR00535	31/5/2026	R	7,90101E+11	DISTRIBUIDORA Y COMERCIALIZADORA DE	J	7	1	2				3,001E+12	1753,53	1700,96	22/4/2026	6/6/2026	6/6/2026	45	45	0	0	0	1700,96	0	0	0	0	0	0	0	0	0	0	0	1753,53
SR00535	31/5/2026	R	7,90101E+11	DISTRIBUIDORA Y COMERCIALIZADORA DE	J	7	1	2				3,001E+12	290,15	286,36	11/5/2026	25/6/2026	25/6/2026	45	45	0	0	0	286,36	0	0	0	0	0	0	0	0	0	0	0	290,15
SR00535	31/5/2026	R	7,90101E+11	DISTRIBUIDORA Y COMERCIALIZADORA DE	J	7	1	2				3,001E+12	226,62	223,66	5/5/2026	19/6/2026	19/6/2026	45	45	0	0	0	223,66	0	0	0	0	0	0	0	0	0	0	0	226,62
SR00535	31/5/2026	R	7,90101E+11	DISTRIBUIDORA Y COMERCIALIZADORA DE	J	7	1	2				3,001E+12	329,75	325,45	26/5/2026	10/7/2026	10/7/2026	45	45	0	0	0	0	325,45	0	0	0	0	0	0	0	0	0	0	329,75
SR00535	31/5/2026	R	7,90101E+11	DISTRIBUIDORA Y COMERCIALIZADORA DE	J	7	1	2				3,001E+12	3410,96	3366,47	28/4/2026	12/6/2026	12/6/2026	45	45	0	0	0	3366,47	0	0	0	0	0	0	0	0	0	0	0	3410,96
SR00535	31/5/2026	R	7,90101E+11	DISTRIBUIDORA Y COMERCIALIZADORA DE	J	7	1	2				3,001E+12	2635,14	2419,04	15/5/2026	29/6/2026	29/6/2026	45	45	0	0	0	2419,04	0	0	0	0	0	0	0	0	0	0	0	2635,14
SR00535	31/5/2026	R	7,90101E+11	DISTRIBUIDORA Y COMERCIALIZADORA DE	J	7	1	2				3,001E+12	6926,04	6358,08	14/5/2026	28/6/2026	28/6/2026	45	45	0	0	0	6358,08	0	0	0	0	0	0	0	0	0	0	0	6926,04
SR00535	31/5/2026	R	2,19177E+12	DISTRIBUIDOR FERRETERO FERRECATANA	J	21	1	50				1,001E+12	1948,99	1948,99	5/5/2026	14/6/2026	14/6/2026	40	40	0	0	0	1948,99	0	0	0	0	0	0	0	0	0	0	0	1948,99
SR00535	31/5/2026	R	2,19177E+12	DISTRIBUIDOR FERRETERO FERRECATANA	J	21	1	50				1,001E+12	2955,06	2955,06	20/5/2026	29/6/2026	29/6/2026	40	40	0	0	0	2955,06	0	0	0	0	0	0	0	0	0	0	0	2955,06
SR00535	31/5/2026	R	9,92823E+11	DISTRIDEMA S,A,	J	9	1	5				2,001E+12	1709,94	1687,64	28/5/2026	12/6/2026	12/6/2026	15	15	0	0	0	1687,64	0	0	0	0	0	0	0	0	0	0	0	1709,94
SR00535	31/5/2026	R	9,92823E+11	DISTRIDEMA S,A,	J	9	1	5				2,001E+12	217,44	214,6	13/5/2026	28/5/2026	28/5/2026	15	15	3	214,6	0	0	0	0	0	0	214,6	0	0	0	0	0	0	217,44
SR00535	31/5/2026	R	9,92364E+11	DITELME S,A,	J	9	1	15				1,001E+12	29765,8	27365,49	3/5/2026	2/7/2026	2/7/2026	60	60	0	0	0	0	27365,49	0	0	0	0	0	0	0	0	0	0	29765,8
SR00535	31/5/2026	R	9,92364E+11	DITELME S,A,	J	9	1	15				2,001E+12	5540,01	5093,26	28/5/2026	27/7/2026	27/7/2026	60	60	0	0	0	0	5093,26	0	0	0	0	0	0	0	0	0	0	5540,01
SR00535	31/5/2026	R	9,92364E+11	DITELME S,A,	J	9	1	15				1,001E+12	15761,22	13981,78	12/4/2026	11/6/2026	11/6/2026	60	60	0	0	0	13981,78	0	0	0	0	0	0	0	0	0	0	0	15761,22
SR00535	31/5/2026	R	9,92364E+11	DITELME S,A,	J	9	1	15				2,001E+12	5540,01	5093,26	5/5/2026	4/7/2026	4/7/2026	60	60	0	0	0	0	5093,26	0	0	0	0	0	0	0	0	0	0	5540,01
SR00535	31/5/2026	R	9,92364E+11	DITELME S,A,	J	9	1	15				2,001E+12	1698,01	1561,08	12/5/2026	11/7/2026	11/7/2026	60	60	0	0	0	0	1561,08	0	0	0	0	0	0	0	0	0	0	1698,01
SR00535	31/5/2026	R	9,92364E+11	DITELME S,A,	J	9	1	15				1,001E+12	15761,22	13981,78	12/4/2026	11/6/2026	11/6/2026	60	60	0	0	0	13981,78	0	0	0	0	0	0	0	0	0	0	0	15761,22
SR00535	31/5/2026	R	9,92364E+11	DITELME S,A,	J	9	1	15				1,001E+12	29800,46	27397,35	3/5/2026	2/7/2026	2/7/2026	60	60	0	0	0	0	27397,35	0	0	0	0	0	0	0	0	0	0	29800,46
SR00535	31/5/2026	R	9,92364E+11	DITELME S,A,	J	9	1	15				2,001E+12	13966,82	12840,53	12/5/2026	11/7/2026	11/7/2026	60	60	0	0	0	0	12840,53	0	0	0	0	0	0	0	0	0	0	13966,82
SR00535	31/5/2026	R	9,92364E+11	DITELME S,A,	J	9	1	15				2,001E+12	16647,58	15305,13	20/5/2026	19/7/2026	19/7/2026	60	60	0	0	0	0	15305,13	0	0	0	0	0	0	0	0	0	0	16647,58
SR00535	31/5/2026	R	9,92364E+11	DITELME S,A,	J	9	1	15				2,001E+12	4152,01	4152,01	12/5/2026	11/7/2026	11/7/2026	60	60	0	0	0	0	4152,01	0	0	0	0	0	0	0	0	0	0	4152,01
SR00535	31/5/2026	R	9,92364E+11	DITELME S,A,	J	9	1	15				2,001E+12	3428,22	3151,77	13/5/2026	12/7/2026	12/7/2026	60	60	0	0	0	0	3151,77	0	0	0	0	0	0	0	0	0	0	3428,22
SR00535	31/5/2026	R	9,92364E+11	DITELME S,A,	J	9	1	15				2,001E+12	4152,01	4152,01	28/5/2026	27/7/2026	27/7/2026	60	60	0	0	0	0	4152,01	0	0	0	0	0	0	0	0	0	0	4152,01
SR00535	31/5/2026	R	9,92364E+11	DITELME S,A,	J	9	1	15				2,001E+12	2768	2768	13/4/2026	12/6/2026	12/6/2026	60	60	0	0	0	2768	0	0	0	0	0	0	0	0	0	0	0	2768
SR00535	31/5/2026	R	9,92364E+11	DITELME S,A,	J	9	1	15				2,001E+12	737,96	553,47	31/3/2026	30/5/2026	30/5/2026	60	60	1	553,47	0	0	0	0	0	0	553,47	0	0	0	0	0	0	737,96
SR00535	31/5/2026	R	9,92364E+11	DITELME S,A,	J	9	1	15				2,001E+12	9035,96	8307,31	12/5/2026	11/7/2026	11/7/2026	60	60	0	0	0	0	8307,31	0	0	0	0	0	0	0	0	0	0	9035,96
SR00535	31/5/2026	R	9,92364E+11	DITELME S,A,	J	9	1	15				2,001E+12	2770,01	2546,63	21/4/2026	20/6/2026	20/6/2026	60	60	0	0	0	2546,63	0	0	0	0	0	0	0	0	0	0	0	2770,01
SR00535	31/5/2026	R	9,92497E+11	ECUACABLE S,A,	J	9	1	50				2,001E+12	15782,34	15576,48	21/4/2026	20/6/2026	20/6/2026	60	60	0	0	0	15576,48	0	0	0	0	0	0	0	0	0	0	0	15782,34
SR00535	31/5/2026	R	9,92497E+11	ECUACABLE S,A,	J	9	1	50				2,001E+12	4252,33	4196,86	21/4/2026	20/6/2026	20/6/2026	60	60	0	0	0	4196,86	0	0	0	0	0	0	0	0	0	0	0	4252,33
SR00535	31/5/2026	R	9,92497E+11	ECUACABLE S,A,	J	9	1	50				2,001E+12	2488,99	2456,52	13/4/2026	12/6/2026	12/6/2026	60	60	0	0	0	2456,52	0	0	0	0	0	0	0	0	0	0	0	2488,99
SR00535	31/5/2026	R	7,91711E+11	ECUACONDUCTOS CIA, LTDA,	J	7	1	50				1,001E+12	11982,66	11982,66	29/5/2026	28/6/2026	28/6/2026	30	30	0	0	0	11982,66	0	0	0	0	0	0	0	0	0	0	0	11982,66
SR00535	31/5/2026	R	7,91711E+11	ECUACONDUCTOS CIA, LTDA,	J	7	1	50				3,001E+12	3274,13	2946,72	21/5/2026	5/7/2026	5/7/2026	45	45	0	0	0	0	2946,72	0	0	0	0	0	0	0	0	0	0	3274,13
SR00535	31/5/2026	R	7,91711E+11	ECUACONDUCTOS CIA, LTDA,	J	7	1	50				2,001E+12	1548,49	1548,49	21/5/2026	20/6/2026	20/6/2026	30	30	0	0	0	1548,49	0	0	0	0	0	0	0	0	0	0	0	1548,49
SR00535	31/5/2026	R	7,91711E+11	ECUACONDUCTOS CIA, LTDA,	J	7	1	50				2,001E+12	305,69	305,69	29/5/2026	13/7/2026	13/7/2026	45	45	0	0	0	0	305,69	0	0	0	0	0	0	0	0	0	0	305,69
SR00535	31/5/2026	R	7,91711E+11	ECUACONDUCTOS CIA, LTDA,	J	7	1	50				3,001E+12	1898,38	1729,65	11/5/2026	10/6/2026	10/6/2026	30	30	0	0	0	1729,65	0	0	0	0	0	0	0	0	0	0	0	1898,38
SR00535	31/5/2026	R	7,91711E+11	ECUACONDUCTOS CIA, LTDA,	J	7	1	50				3,001E+12	1508,52	1428,01	20/5/2026	19/6/2026	19/6/2026	30	30	0	0	0	1428,01	0	0	0	0	0	0	0	0	0	0	0	1508,52
SR00535	31/5/2026	R	7,91711E+11	ECUACONDUCTOS CIA, LTDA,	J	7	1	50				1,001E+12	22387,05	22387,05	19/4/2026	19/5/2026	19/5/2026	30	30	12	22387,05	0	0	0	0	0	0	22387,05	0	0	0	0	0	0	22387,05
SR00535	31/5/2026	R	7,91711E+11	ECUACONDUCTOS CIA, LTDA,	J	7	1	50				1,001E+12	1534,34	1534,34	29/5/2026	28/6/2026	28/6/2026	30	30	0	0	0	1534,34	0	0	0	0	0	0	0	0	0	0	0	1534,34
SR00535	31/5/2026	R	7,91711E+11	ECUACONDUCTOS CIA, LTDA,	J	7	1	50				3,001E+12	1134,19	1065,05	5/5/2026	4/6/2026	4/6/2026	30	30	0	0	0	1065,05	0	0	0	0	0	0	0	0	0	0	0	1134,19
SR00535	31/5/2026	R	7,91711E+11	ECUACONDUCTOS CIA, LTDA,	J	7	1	50				1,001E+12	335,66	335,66	29/5/2026	28/6/2026	28/6/2026	30	30	0	0	0	335,66	0	0	0	0	0	0	0	0	0	0	0	335,66
SR00535	31/5/2026	R	7,91711E+11	ECUACONDUCTOS CIA, LTDA,	J	7	1	50				1,001E+12	4545,95	4545,95	29/5/2026	28/6/2026	28/6/2026	30	30	0	0	0	4545,95	0	0	0	0	0	0	0	0	0	0	0	4545,95
SR00535	31/5/2026	R	7,91711E+11	ECUACONDUCTOS CIA, LTDA,	J	7	1	50				1,001E+12	15259,14	13733,22	21/5/2026	5/7/2026	5/7/2026	45	45	0	0	0	0	13733,22	0	0	0	0	0	0	0	0	0	0	15259,14
SR00535	31/5/2026	R	1,7932E+12	ECUAFERRI S,A	J	17	1	27				1,001E+12	986,07	986,07	27/4/2026	6/6/2026	6/6/2026	40	40	0	0	0	986,07	0	0	0	0	0	0	0	0	0	0	0	986,07
SR00535	31/5/2026	R	1,7932E+12	ECUAFERRI S,A	J	17	1	27				1,001E+12	938,6	938,6	6/5/2026	15/6/2026	15/6/2026	40	40	0	0	0	938,6	0	0	0	0	0	0	0	0	0	0	0	938,6
SR00535	31/5/2026	R	1,7932E+12	ECUAFERRI S,A	J	17	1	27				1,001E+12	1899,89	1899,89	29/5/2026	8/7/2026	8/7/2026	40	40	0	0	0	0	1899,89	0	0	0	0	0	0	0	0	0	0	1899,89
SR00535	31/5/2026	R	1,7932E+12	ECUAFERRI S,A	J	17	1	27				1,001E+12	337,64	337,64	29/5/2026	8/7/2026	8/7/2026	40	40	0	0	0	0	337,64	0	0	0	0	0	0	0	0	0	0	337,64
SR00535	31/5/2026	R	1,7932E+12	ECUAFERRI S,A	J	17	1	27				1,001E+12	544,66	544,66	4/5/2026	13/6/2026	13/6/2026	40	40	0	0	0	544,66	0	0	0	0	0	0	0	0	0	0	0	544,66
SR00535	31/5/2026	R	1,7932E+12	ECUAFERRI S,A	J	17	1	27				1,001E+12	2502,42	2502,42	27/4/2026	6/6/2026	6/6/2026	40	40	0	0	0	2502,42	0	0	0	0	0	0	0	0	0	0	0	2502,42
SR00535	31/5/2026	R	1,7932E+12	ECUAFERRI S,A	J	17	1	27				1,001E+12	399,05	399,05	18/5/2026	27/6/2026	27/6/2026	40	40	0	0	0	399,05	0	0	0	0	0	0	0	0	0	0	0	399,05
SR00535	31/5/2026	R	1,7932E+12	ECUAFERRI S,A	J	17	1	27				1,001E+12	373,23	373,23	11/5/2026	20/6/2026	20/6/2026	40	40	0	0	0	373,23	0	0	0	0	0	0	0	0	0	0	0	373,23
SR00535	31/5/2026	R	1,7932E+12	ECUAFERRI S,A	J	17	1	27				1,001E+12	1767,95	1767,95	17/4/2026	27/5/2026	27/5/2026	40	40	4	1767,95	0	0	0	0	0	0	1767,95	0	0	0	0	0	0	1767,95
SR00535	31/5/2026	R	1,7932E+12	ECUAFERRI S,A	J	17	1	27				1,001E+12	273,72	273,72	29/5/2026	8/7/2026	8/7/2026	40	40	0	0	0	0	273,72	0	0	0	0	0	0	0	0	0	0	273,72
SR00535	31/5/2026	R	1,7932E+12	ECUAFERRI S,A	J	17	1	27				1,001E+12	91,24	91,24	6/5/2026	15/6/2026	15/6/2026	40	40	0	0	0	91,24	0	0	0	0	0	0	0	0	0	0	0	91,24
SR00535	31/5/2026	R	1,7932E+12	ECUAFERRI S,A	J	17	1	27				1,001E+12	182,48	182,48	7/5/2026	16/6/2026	16/6/2026	40	40	0	0	0	182,48	0	0	0	0	0	0	0	0	0	0	0	182,48
SR00535	31/5/2026	R	1,7932E+12	ECUAFERRI S,A	J	17	1	27				1,001E+12	181,55	181,55	4/5/2026	13/6/2026	13/6/2026	40	40	0	0	0	181,55	0	0	0	0	0	0	0	0	0	0	0	181,55
SR00535	31/5/2026	R	6,91786E+11	 ECUAHIERRO B&O-FERRETERIAS S,A,S,	J	6	1	50				1,001E+12	8015,55	7064,59	27/5/2026	6/7/2026	6/7/2026	40	40	0	0	0	0	7064,59	0	0	0	0	0	0	0	0	0	0	8015,55
SR00535	31/5/2026	R	6,91786E+11	 ECUAHIERRO B&O-FERRETERIAS S,A,S,	J	6	1	50				1,001E+12	460,9	460,9	15/5/2026	24/6/2026	24/6/2026	40	40	0	0	0	460,9	0	0	0	0	0	0	0	0	0	0	0	460,9
SR00535	31/5/2026	R	6,91786E+11	 ECUAHIERRO B&O-FERRETERIAS S,A,S,	J	6	1	50				1,001E+12	2842,94	2505,66	28/5/2026	7/7/2026	7/7/2026	40	40	0	0	0	0	2505,66	0	0	0	0	0	0	0	0	0	0	2842,94
SR00535	31/5/2026	R	6,91786E+11	 ECUAHIERRO B&O-FERRETERIAS S,A,S,	J	6	1	50				1,001E+12	290,49	290,49	16/4/2026	26/5/2026	26/5/2026	40	40	5	290,49	0	0	0	0	0	0	290,49	0	0	0	0	0	0	290,49
SR00535	31/5/2026	R	6,91786E+11	 ECUAHIERRO B&O-FERRETERIAS S,A,S,	J	6	1	50				1,001E+12	3309,04	2916,44	28/5/2026	7/7/2026	7/7/2026	40	40	0	0	0	0	2916,44	0	0	0	0	0	0	0	0	0	0	3309,04
SR00535	31/5/2026	R	6,91786E+11	 ECUAHIERRO B&O-FERRETERIAS S,A,S,	J	6	1	50				1,001E+12	3632,25	3632,25	16/4/2026	26/5/2026	26/5/2026	40	40	5	3632,25	0	0	0	0	0	0	3632,25	0	0	0	0	0	0	3632,25
SR00535	31/5/2026	R	1,79086E+12	EDIFICAR S,A, EDIFICARSA	J	17	1	12				PROVISION 456	2999	2000	30/12/2024	30/12/2024	30/12/2024	0	0	517	2000	0	0	0	0	0	0	0	0	0	0	2000	0	0	2999
SR00535	31/5/2026	R	9,90554E+11	ELECTROCABLES C,A,	J	1	1	5				2,001E+12	1176,43	1022,98	11/5/2026	10/6/2026	10/6/2026	30	30	0	0	0	1022,98	0	0	0	0	0	0	0	0	0	0	0	1176,43
SR00535	31/5/2026	R	9,90554E+11	ELECTROCABLES C,A,	J	1	1	5				1,001E+12	20682,77	17985,02	15/4/2026	15/5/2026	15/5/2026	30	30	16	17985,02	0	0	0	0	0	0	17985,02	0	0	0	0	0	0	20682,77
SR00535	31/5/2026	R	9,90554E+11	ELECTROCABLES C,A,	J	1	1	5				2,001E+12	6043,08	5254,85	14/5/2026	13/6/2026	13/6/2026	30	30	0	0	0	5254,85	0	0	0	0	0	0	0	0	0	0	0	6043,08
SR00535	31/5/2026	R	1,79177E+12	ERAZO CONSTRUCTORES S,A,	J	17	1	27				1,001E+12	11936,29	5618,93	15/4/2026	15/5/2026	15/5/2026	30	30	16	5618,93	0	0	0	0	0	0	5618,93	0	0	0	0	0	0	11936,29
SR00535	31/5/2026	R	1,79177E+12	ERAZO CONSTRUCTORES S,A,	J	17	1	27				1,001E+12	616,06	548,84	22/4/2026	22/5/2026	22/5/2026	30	30	9	548,84	0	0	0	0	0	0	548,84	0	0	0	0	0	0	616,06
SR00535	31/5/2026	R	1,79177E+12	ERAZO CONSTRUCTORES S,A,	J	17	1	27				1,001E+12	3271,67	3017,94	20/5/2026	19/6/2026	19/6/2026	30	30	0	0	0	3017,94	0	0	0	0	0	0	0	0	0	0	0	3271,67
SR00535	31/5/2026	R	1,79177E+12	ERAZO CONSTRUCTORES S,A,	J	17	1	27				1,001E+12	8368,18	7737,11	15/5/2026	14/6/2026	14/6/2026	30	30	0	0	0	7737,11	0	0	0	0	0	0	0	0	0	0	0	8368,18
SR00535	31/5/2026	R	1,79177E+12	ERAZO CONSTRUCTORES S,A,	J	17	1	27				1,001E+12	4907,51	4526,87	6/5/2026	5/6/2026	5/6/2026	30	30	0	0	0	4526,87	0	0	0	0	0	0	0	0	0	0	0	4907,51
SR00535	31/5/2026	R	1,79177E+12	ERAZO CONSTRUCTORES S,A,	J	17	1	27				1,001E+12	181,29	170,34	26/5/2026	25/6/2026	25/6/2026	30	30	0	0	0	170,34	0	0	0	0	0	0	0	0	0	0	0	181,29
SR00535	31/5/2026	R	1,79177E+12	ERAZO CONSTRUCTORES S,A,	J	17	1	27				1,001E+12	241,73	227,13	26/5/2026	25/6/2026	25/6/2026	30	30	0	0	0	227,13	0	0	0	0	0	0	0	0	0	0	0	241,73
SR00535	31/5/2026	R	1,79177E+12	ERAZO CONSTRUCTORES S,A,	J	17	1	27				1,001E+12	3869,16	3569,21	22/4/2026	22/5/2026	22/5/2026	30	30	9	3569,21	0	0	0	0	0	0	3569,21	0	0	0	0	0	0	3869,16
SR00535	31/5/2026	R	1,79177E+12	ERAZO CONSTRUCTORES S,A,	J	17	1	27				1,001E+12	2987,47	2755,54	5/5/2026	4/6/2026	4/6/2026	30	30	0	0	0	2755,54	0	0	0	0	0	0	0	0	0	0	0	2987,47
SR00535	31/5/2026	R	1,79177E+12	ERAZO CONSTRUCTORES S,A,	J	17	1	27				1,001E+12	8397,78	7746,5	11/5/2026	10/6/2026	10/6/2026	30	30	0	0	0	7746,5	0	0	0	0	0	0	0	0	0	0	0	8397,78
SR00535	31/5/2026	R	1,79177E+12	ERAZO CONSTRUCTORES S,A,	J	17	1	27				1,001E+12	2425,85	2210,34	22/4/2026	22/5/2026	22/5/2026	30	30	9	2210,34	0	0	0	0	0	0	2210,34	0	0	0	0	0	0	2425,85
SR00535	31/5/2026	R	1,79177E+12	ERAZO CONSTRUCTORES S,A,	J	17	1	27				1,001E+12	8776,67	8095,91	22/4/2026	22/5/2026	22/5/2026	30	30	9	8095,91	0	0	0	0	0	0	8095,91	0	0	0	0	0	0	8776,67
SR00535	31/5/2026	C	1105604936	ERAZO ESPINOSA WAGNER PATRICIO	N	19	1	50	M	C	I	3,001E+12	2063,79	2008,03	26/5/2026	5/7/2026	5/7/2026	40	40	0	0	0	0	2008,03	0	0	0	0	0	0	0	0	0	0	2063,79
SR00535	31/5/2026	C	1105604936	ERAZO ESPINOSA WAGNER PATRICIO	N	19	1	50	M	C	I	3,001E+12	2046,01	1844,76	18/5/2026	27/6/2026	27/6/2026	40	40	0	0	0	1844,76	0	0	0	0	0	0	0	0	0	0	0	2046,01
SR00535	31/5/2026	C	301588612	ERAZO MENDEZ VIOLETA DEL ROCIO	N	1	1	50	F	C	I	3,001E+12	226,06	226,06	12/5/2026	21/6/2026	21/6/2026	40	40	0	0	0	226,06	0	0	0	0	0	0	0	0	0	0	0	226,06
SR00535	31/5/2026	C	301588612	ERAZO MENDEZ VIOLETA DEL ROCIO	N	1	1	50	F	C	I	3,001E+12	2941,16	2851,28	24/5/2026	3/7/2026	3/7/2026	40	40	0	0	0	0	2851,28	0	0	0	0	0	0	0	0	0	0	2941,16
SR00535	31/5/2026	C	301588612	ERAZO MENDEZ VIOLETA DEL ROCIO	N	1	1	50	F	C	I	3,001E+12	764,44	764,44	27/5/2026	6/7/2026	6/7/2026	40	40	0	0	0	0	764,44	0	0	0	0	0	0	0	0	0	0	764,44
SR00535	31/5/2026	C	301588612	ERAZO MENDEZ VIOLETA DEL ROCIO	N	1	1	50	F	C	I	3,001E+12	1666,19	1666,19	24/4/2026	3/6/2026	3/6/2026	40	40	0	0	0	1666,19	0	0	0	0	0	0	0	0	0	0	0	1666,19
SR00535	31/5/2026	C	301588612	ERAZO MENDEZ VIOLETA DEL ROCIO	N	1	1	50	F	C	I	3,001E+12	530,52	520,31	24/4/2026	3/6/2026	3/6/2026	40	40	0	0	0	520,31	0	0	0	0	0	0	0	0	0	0	0	530,52
SR00535	31/5/2026	C	301588612	ERAZO MENDEZ VIOLETA DEL ROCIO	N	1	1	50	F	C	I	3,001E+12	843,35	814,28	13/5/2026	22/6/2026	22/6/2026	40	40	0	0	0	814,28	0	0	0	0	0	0	0	0	0	0	0	843,35
SR00535	31/5/2026	C	301588612	ERAZO MENDEZ VIOLETA DEL ROCIO	N	1	1	50	F	C	I	3,001E+12	785,6	772,05	7/5/2026	16/6/2026	16/6/2026	40	40	0	0	0	772,05	0	0	0	0	0	0	0	0	0	0	0	785,6
SR00535	31/5/2026	R	9,90353E+11	ESTRUCTURAS DE HIERRO EDEHSA SA	J	9	1	50				1,001E+12	7688,43	6348,08	8/4/2026	7/6/2026	7/6/2026	60	60	0	0	0	6348,08	0	0	0	0	0	0	0	0	0	0	0	7688,43
SR00535	31/5/2026	R	9,90353E+11	ESTRUCTURAS DE HIERRO EDEHSA SA	J	9	1	50				2,001E+12	3109,52	2655,93	12/3/2026	11/5/2026	11/5/2026	60	60	20	2655,93	0	0	0	0	0	0	2655,93	0	0	0	0	0	0	3109,52
SR00535	31/5/2026	R	9,90353E+11	ESTRUCTURAS DE HIERRO EDEHSA SA	J	9	1	50				1,001E+12	25355,45	20935,15	8/4/2026	7/6/2026	7/6/2026	60	60	0	0	0	20935,15	0	0	0	0	0	0	0	0	0	0	0	25355,45
SR00535	31/5/2026	R	9,90353E+11	ESTRUCTURAS DE HIERRO EDEHSA SA	J	9	1	50				2,001E+12	373,21	324,43	24/4/2026	23/6/2026	23/6/2026	60	60	0	0	0	324,43	0	0	0	0	0	0	0	0	0	0	0	373,21
SR00535	31/5/2026	R	9,90353E+11	ESTRUCTURAS DE HIERRO EDEHSA SA	J	9	1	50				2,001E+12	2788,28	2537,71	14/5/2026	13/7/2026	13/7/2026	60	60	0	0	0	0	2537,71	0	0	0	0	0	0	0	0	0	0	2788,28
SR00535	31/5/2026	R	9,90353E+11	ESTRUCTURAS DE HIERRO EDEHSA SA	J	9	1	50				2,001E+12	1786,62	1238,28	11/3/2026	10/5/2026	10/5/2026	60	60	21	1238,28	0	0	0	0	0	0	1238,28	0	0	0	0	0	0	1786,62
SR00535	31/5/2026	R	9,90353E+11	ESTRUCTURAS DE HIERRO EDEHSA SA	J	9	1	50				2,001E+12	1094,57	1080,29	1/4/2026	31/5/2026	31/5/2026	60	60	0	0	0	1080,29	0	0	0	0	0	0	0	0	0	0	0	1094,57
SR00535	31/5/2026	R	9,90353E+11	ESTRUCTURAS DE HIERRO EDEHSA SA	J	9	1	50				2,001E+12	15376,86	12696,15	9/4/2026	8/6/2026	8/6/2026	60	60	0	0	0	12696,15	0	0	0	0	0	0	0	0	0	0	0	15376,86
SR00535	31/5/2026	R	9,90353E+11	ESTRUCTURAS DE HIERRO EDEHSA SA	J	9	1	50				2,001E+12	3672,5	3327,7	12/5/2026	11/7/2026	11/7/2026	60	60	0	0	0	0	3327,7	0	0	0	0	0	0	0	0	0	0	3672,5
SR00535	31/5/2026	R	9,90353E+11	ESTRUCTURAS DE HIERRO EDEHSA SA	J	9	1	50				1,001E+12	2774,79	2538,2	8/4/2026	7/6/2026	7/6/2026	60	60	0	0	0	2538,2	0	0	0	0	0	0	0	0	0	0	0	2774,79
SR00535	31/5/2026	R	9,90353E+11	ESTRUCTURAS DE HIERRO EDEHSA SA	J	9	1	50				2,001E+12	2563,15	2168,03	12/3/2026	11/5/2026	11/5/2026	60	60	20	2168,03	0	0	0	0	0	0	2168,03	0	0	0	0	0	0	2563,15
SR00535	31/5/2026	R	9,90353E+11	ESTRUCTURAS DE HIERRO EDEHSA SA	J	9	1	50				2,001E+12	1067,58	967,56	23/4/2026	22/6/2026	22/6/2026	60	60	0	0	0	967,56	0	0	0	0	0	0	0	0	0	0	0	1067,58
SR00535	31/5/2026	R	9,90353E+11	ESTRUCTURAS DE HIERRO EDEHSA SA	J	9	1	50				2,001E+12	303,59	264,97	23/4/2026	22/6/2026	22/6/2026	60	60	0	0	0	264,97	0	0	0	0	0	0	0	0	0	0	0	303,59
SR00535	31/5/2026	R	9,90353E+11	ESTRUCTURAS DE HIERRO EDEHSA SA	J	9	1	50				2,001E+12	2814,16	2456,19	21/4/2026	20/6/2026	20/6/2026	60	60	0	0	0	2456,19	0	0	0	0	0	0	0	0	0	0	0	2814,16
SR00535	31/5/2026	R	1,79218E+12	FABRICACION Y DISTRIBUCION DE	J	17	1	65				1,001E+12	6882,36	6882,36	4/5/2026	3/6/2026	3/6/2026	30	30	0	0	0	6882,36	0	0	0	0	0	0	0	0	0	0	0	6882,36
SR00535	31/5/2026	R	1,79218E+12	FABRICACION Y DISTRIBUCION DE	J	17	1	65				1,001E+12	5865,48	5865,48	12/5/2026	11/6/2026	11/6/2026	30	30	0	0	0	5865,48	0	0	0	0	0	0	0	0	0	0	0	5865,48
SR00535	31/5/2026	R	1,79218E+12	FABRICACION Y DISTRIBUCION DE	J	17	1	65				1,001E+12	371,68	371,68	12/5/2026	11/6/2026	11/6/2026	30	30	0	0	0	371,68	0	0	0	0	0	0	0	0	0	0	0	371,68
SR00535	31/5/2026	R	1,7914E+12	FABRICA DE BATERIAS FABRIBAT CIA, L	J	17	1	75				1,001E+12	1082,44	1082,44	19/5/2026	27/5/2026	27/5/2026	8	8	4	1082,44	0	0	0	0	0	0	1082,44	0	0	0	0	0	0	1082,44
SR00535	31/5/2026	R	9,92166E+11	FAXIMPORT S,A,	J	9	1	50				2,001E+12	4619,4	4619,4	5/5/2026	4/6/2026	4/6/2026	30	30	0	0	0	4619,4	0	0	0	0	0	0	0	0	0	0	0	4619,4
SR00535	31/5/2026	R	9,92166E+11	FAXIMPORT S,A,	J	9	1	50				2,001E+12	659,44	659,44	11/5/2026	10/6/2026	10/6/2026	30	30	0	0	0	659,44	0	0	0	0	0	0	0	0	0	0	0	659,44
SR00535	31/5/2026	R	9,92166E+11	FAXIMPORT S,A,	J	9	1	50				2,001E+12	2641,07	2641,07	19/5/2026	18/6/2026	18/6/2026	30	30	0	0	0	2641,07	0	0	0	0	0	0	0	0	0	0	0	2641,07
SR00535	31/5/2026	R	9,92166E+11	FAXIMPORT S,A,	J	9	1	50				2,001E+12	2641,07	2641,07	21/5/2026	20/6/2026	20/6/2026	30	30	0	0	0	2641,07	0	0	0	0	0	0	0	0	0	0	0	2641,07
SR00535	31/5/2026	R	9,92539E+11	FEDEZO S,A,	J	9	1	12				1,001E+12	6850,15	6076,76	9/4/2026	9/5/2026	9/5/2026	30	30	22	6076,76	0	0	0	0	0	0	6076,76	0	0	0	0	0	0	6850,15
SR00535	31/5/2026	R	7,91767E+11	FERREARMIJOS S A	J	7	1	2				3,001E+12	1788,15	1764,83	14/4/2026	3/6/2026	3/6/2026	50	50	0	0	0	1764,83	0	0	0	0	0	0	0	0	0	0	0	1788,15
SR00535	31/5/2026	R	7,91767E+11	FERREARMIJOS S A	J	7	1	2				3,001E+12	1782,27	4,23	27/3/2026	16/5/2026	16/5/2026	50	50	15	4,23	0	0	0	0	0	0	4,23	0	0	0	0	0	0	1782,27
SR00535	31/5/2026	R	7,91767E+11	FERREARMIJOS S A	J	7	1	2				3,001E+12	736,43	726,82	7/5/2026	26/6/2026	26/6/2026	50	50	0	0	0	726,82	0	0	0	0	0	0	0	0	0	0	0	736,43
SR00535	31/5/2026	R	7,91767E+11	FERREARMIJOS S A	J	7	1	2				3,001E+12	6554,06	6111,61	14/5/2026	3/7/2026	3/7/2026	50	50	0	0	0	0	6111,61	0	0	0	0	0	0	0	0	0	0	6554,06
SR00535	31/5/2026	R	7,91767E+11	FERREARMIJOS S A	J	7	1	2				3,001E+12	8594,05	8430,11	16/4/2026	5/6/2026	5/6/2026	50	50	0	0	0	8430,11	0	0	0	0	0	0	0	0	0	0	0	8594,05
SR00535	31/5/2026	R	2,19177E+12	FERRECONSTRUC ELOY ALFARO CIA LTDA	J	21	1	50				1,001E+12	14821,8	13692,58	11/5/2026	20/6/2026	20/6/2026	40	40	0	0	0	13692,58	0	0	0	0	0	0	0	0	0	0	0	14821,8
SR00535	31/5/2026	R	9,92256E+11	FERREMUNDO S,A,	J	9	1	15				2,001E+12	3500,21	3454,55	7/5/2026	26/6/2026	26/6/2026	50	50	0	0	0	3454,55	0	0	0	0	0	0	0	0	0	0	0	3500,21
SR00535	31/5/2026	R	9,92256E+11	FERREMUNDO S,A,	J	9	1	15				2,001E+12	1948	1922,59	7/5/2026	26/6/2026	26/6/2026	50	50	0	0	0	1922,59	0	0	0	0	0	0	0	0	0	0	0	1948
SR00535	31/5/2026	R	9,92256E+11	FERREMUNDO S,A,	J	9	1	15				2,001E+12	208,15	205,43	12/5/2026	1/7/2026	1/7/2026	50	50	0	0	0	0	205,43	0	0	0	0	0	0	0	0	0	0	208,15
SR00535	31/5/2026	R	1,39193E+12	FERRETERIA ANDRADE#1 S,A,S,	J	13	22	50				2,001E+12	1208,95	1208,95	12/5/2026	21/6/2026	21/6/2026	40	40	0	0	0	1208,95	0	0	0	0	0	0	0	0	0	0	0	1208,95
SR00535	31/5/2026	R	1,39193E+12	FERRETERIA ANDRADE#1 S,A,S,	J	13	22	50				2,001E+12	2479,16	2415,47	5/5/2026	14/6/2026	14/6/2026	40	40	0	0	0	2415,47	0	0	0	0	0	0	0	0	0	0	0	2479,16
SR00535	31/5/2026	R	1,39193E+12	FERRETERIA ANDRADE#1 S,A,S,	J	13	22	50				2,001E+12	751,62	751,62	21/5/2026	30/6/2026	30/6/2026	40	40	0	0	0	751,62	0	0	0	0	0	0	0	0	0	0	0	751,62
SR00535	31/5/2026	R	1,39193E+12	FERRETERIA ANDRADE#1 S,A,S,	J	13	22	50				2,001E+12	2224,84	2224,84	28/5/2026	7/7/2026	7/7/2026	40	40	0	0	0	0	2224,84	0	0	0	0	0	0	0	0	0	0	2224,84
SR00535	31/5/2026	R	1,39193E+12	FERRETERIA ANDRADE#1 S,A,S,	J	13	22	50				2,001E+12	122,2	122,2	19/5/2026	28/6/2026	28/6/2026	40	40	0	0	0	122,2	0	0	0	0	0	0	0	0	0	0	0	122,2
SR00535	31/5/2026	R	1,39193E+12	FERRETERIA ANDRADE#1 S,A,S,	J	13	22	50				2,001E+12	1904,5	1904,5	20/4/2026	30/5/2026	30/5/2026	40	40	1	1904,5	0	0	0	0	0	0	1904,5	0	0	0	0	0	0	1904,5
SR00535	31/5/2026	R	1,39193E+12	FERRETERIA ANDRADE S,A,S,	J	13	15	50				2,001E+12	632,13	632,13	14/5/2026	23/6/2026	23/6/2026	40	40	0	0	0	632,13	0	0	0	0	0	0	0	0	0	0	0	632,13
SR00535	31/5/2026	R	1,39193E+12	FERRETERIA ANDRADE S,A,S,	J	13	15	50				2,001E+12	733,18	733,18	21/5/2026	30/6/2026	30/6/2026	40	40	0	0	0	733,18	0	0	0	0	0	0	0	0	0	0	0	733,18
SR00535	31/5/2026	R	1,39193E+12	FERRETERIA ANDRADE S,A,S,	J	13	15	50				2,001E+12	281,34	281,34	21/5/2026	30/6/2026	30/6/2026	40	40	0	0	0	281,34	0	0	0	0	0	0	0	0	0	0	0	281,34
SR00535	31/5/2026	R	1,39193E+12	FERRETERIA ANDRADE S,A,S,	J	13	15	50				2,001E+12	1873,05	1873,05	23/4/2026	2/6/2026	2/6/2026	40	40	0	0	0	1873,05	0	0	0	0	0	0	0	0	0	0	0	1873,05
SR00535	31/5/2026	R	1,39193E+12	FERRETERIA ANDRADE S,A,S,	J	13	15	50				2,001E+12	810,59	810,59	5/5/2026	14/6/2026	14/6/2026	40	40	0	0	0	810,59	0	0	0	0	0	0	0	0	0	0	0	810,59
SR00535	31/5/2026	R	1,39193E+12	FERRETERIA ANDRADE S,A,S,	J	13	15	50				2,001E+12	272,23	272,23	30/4/2026	9/6/2026	9/6/2026	40	40	0	0	0	272,23	0	0	0	0	0	0	0	0	0	0	0	272,23
SR00535	31/5/2026	R	1,39193E+12	FERRETERIA ANDRADE S,A,S,	J	13	15	50				2,001E+12	552,93	552,93	24/4/2026	3/6/2026	3/6/2026	40	40	0	0	0	552,93	0	0	0	0	0	0	0	0	0	0	0	552,93
SR00535	31/5/2026	R	1,39193E+12	FERRETERIA ANDRADE S,A,S,	J	13	15	50				2,001E+12	344,85	344,85	20/5/2026	29/6/2026	29/6/2026	40	40	0	0	0	344,85	0	0	0	0	0	0	0	0	0	0	0	344,85
SR00535	31/5/2026	R	1,39193E+12	FERRETERIA ANDRADE S,A,S,	J	13	15	50				2,001E+12	4722,6	4722,6	20/4/2026	30/5/2026	30/5/2026	40	40	1	4722,6	0	0	0	0	0	0	4722,6	0	0	0	0	0	0	4722,6
SR00535	31/5/2026	R	1,39193E+12	FERRETERIA ANDRADE S,A,S,	J	13	15	50				2,001E+12	1323,44	1323,44	30/4/2026	9/6/2026	9/6/2026	40	40	0	0	0	1323,44	0	0	0	0	0	0	0	0	0	0	0	1323,44
SR00535	31/5/2026	R	1,39193E+12	FERRETERIA ANDRADE S,A,S,	J	13	15	50				2,001E+12	345,76	345,76	29/4/2026	8/6/2026	8/6/2026	40	40	0	0	0	345,76	0	0	0	0	0	0	0	0	0	0	0	345,76
SR00535	31/5/2026	R	1,39193E+12	FERRETERIA ANDRADE S,A,S,	J	13	15	50				2,001E+12	182,48	182,48	28/5/2026	7/7/2026	7/7/2026	40	40	0	0	0	0	182,48	0	0	0	0	0	0	0	0	0	0	182,48
SR00535	31/5/2026	R	1,39193E+12	FERRETERIA ANDRADE S,A,S,	J	13	15	50				2,001E+12	272,23	272,23	30/4/2026	9/6/2026	9/6/2026	40	40	0	0	0	272,23	0	0	0	0	0	0	0	0	0	0	0	272,23
SR00535	31/5/2026	R	1,39193E+12	FERRETERIA ANDRADE S,A,S,	J	13	15	50				2,001E+12	122,2	122,2	14/5/2026	23/6/2026	23/6/2026	40	40	0	0	0	122,2	0	0	0	0	0	0	0	0	0	0	0	122,2
SR00535	31/5/2026	R	1,39193E+12	FERRETERIA ANDRADE S,A,S,	J	13	15	50				2,001E+12	188,59	188,59	21/4/2026	31/5/2026	31/5/2026	40	40	0	0	0	188,59	0	0	0	0	0	0	0	0	0	0	0	188,59
SR00535	31/5/2026	R	1,39193E+12	FERRETERIA ANDRADE S,A,S,	J	13	15	50				2,001E+12	4936,42	4936,42	28/5/2026	7/7/2026	7/7/2026	40	40	0	0	0	0	4936,42	0	0	0	0	0	0	0	0	0	0	4936,42
SR00535	31/5/2026	R	1,39193E+12	FERRETERIA ANDRADE S,A,S,	J	13	15	50				2,001E+12	488,77	488,77	21/5/2026	30/6/2026	30/6/2026	40	40	0	0	0	488,77	0	0	0	0	0	0	0	0	0	0	0	488,77
SR00535	31/5/2026	R	1,39193E+12	FERRETERIA ANDRADE S,A,S,	J	13	15	50				2,001E+12	263,72	263,72	20/5/2026	29/6/2026	29/6/2026	40	40	0	0	0	263,72	0	0	0	0	0	0	0	0	0	0	0	263,72
SR00535	31/5/2026	R	1,39193E+12	FERRETERIA ANDRADE S,A,S,	J	13	15	50				2,001E+12	610,97	610,97	21/5/2026	30/6/2026	30/6/2026	40	40	0	0	0	610,97	0	0	0	0	0	0	0	0	0	0	0	610,97
SR00535	31/5/2026	R	1,90408E+11	FERRETERIA BORJA & HIJOS ADJ	J	1	1	3				3,001E+12	8111,67	7030,13	27/5/2026	6/7/2026	6/7/2026	40	40	0	0	0	0	7030,13	0	0	0	0	0	0	0	0	0	0	8111,67
SR00535	31/5/2026	R	1,90408E+11	FERRETERIA BORJA & HIJOS ADJ	J	1	1	3				3,001E+12	1143,39	1090,21	13/5/2026	22/6/2026	22/6/2026	40	40	0	0	0	1090,21	0	0	0	0	0	0	0	0	0	0	0	1143,39
SR00535	31/5/2026	R	1,90408E+11	FERRETERIA BORJA & HIJOS ADJ	J	1	1	3				3,001E+12	1834,49	1716,14	23/4/2026	2/6/2026	2/6/2026	40	40	0	0	0	1716,14	0	0	0	0	0	0	0	0	0	0	0	1834,49
SR00535	31/5/2026	R	1,90408E+11	FERRETERIA BORJA & HIJOS ADJ	J	1	1	3				3,001E+12	1183,1	1183,1	19/5/2026	28/6/2026	28/6/2026	40	40	0	0	0	1183,1	0	0	0	0	0	0	0	0	0	0	0	1183,1
SR00535	31/5/2026	R	1,90408E+11	FERRETERIA BORJA & HIJOS ADJ	J	1	1	3				3,001E+12	2674,44	2552,32	23/4/2026	2/6/2026	2/6/2026	40	40	0	0	0	2552,32	0	0	0	0	0	0	0	0	0	0	0	2674,44
SR00535	31/5/2026	R	1,79209E+12	FERRETERIA EL CARACOL FERRECARACOL	J	17	3	50				1,001E+12	628,48	628,48	12/5/2026	21/6/2026	21/6/2026	40	40	0	0	0	628,48	0	0	0	0	0	0	0	0	0	0	0	628,48
SR00535	31/5/2026	R	1,79209E+12	FERRETERIA EL CARACOL FERRECARACOL	J	17	3	50				1,001E+12	291,86	291,86	14/5/2026	23/6/2026	23/6/2026	40	40	0	0	0	291,86	0	0	0	0	0	0	0	0	0	0	0	291,86
SR00535	31/5/2026	R	1,89181E+12	FERRETERIA EL REY	J	18	1	4				1,001E+12	538,36	538,36	6/5/2026	15/6/2026	15/6/2026	40	40	0	0	0	538,36	0	0	0	0	0	0	0	0	0	0	0	538,36
SR00535	31/5/2026	R	1,89181E+12	FERRETERIA EL REY	J	18	1	4				1,001E+12	222,47	222,47	10/5/2026	19/6/2026	19/6/2026	40	40	0	0	0	222,47	0	0	0	0	0	0	0	0	0	0	0	222,47
SR00535	31/5/2026	R	1,89181E+12	FERRETERIA EL REY	J	18	1	4				1,001E+12	1812,42	1812,42	10/5/2026	19/6/2026	19/6/2026	40	40	0	0	0	1812,42	0	0	0	0	0	0	0	0	0	0	0	1812,42
SR00535	31/5/2026	R	1,89181E+12	FERRETERIA EL REY	J	18	1	4				1,001E+12	2890,7	2229,65	6/5/2026	15/6/2026	15/6/2026	40	40	0	0	0	2229,65	0	0	0	0	0	0	0	0	0	0	0	2890,7
SR00535	31/5/2026	R	9,92229E+11	FERRETERIA IVAN Y CELSO SOLIS S,A,	J	24	2	50				2,001E+12	9067,03	3969,97	8/4/2026	18/5/2026	18/5/2026	40	40	13	3969,97	0	0	0	0	0	0	3969,97	0	0	0	0	0	0	9067,03
SR00535	31/5/2026	R	9,92229E+11	FERRETERIA IVAN Y CELSO SOLIS S,A,	J	24	2	50				2,001E+12	308,29	308,29	13/4/2026	23/5/2026	23/5/2026	40	40	8	308,29	0	0	0	0	0	0	308,29	0	0	0	0	0	0	308,29
SR00535	31/5/2026	R	1,29177E+12	FERRETERIA TABLEROS HERRAJES & AFIN	J	12	5	6				2,001E+12	381,8	381,8	23/4/2026	2/6/2026	2/6/2026	40	40	0	0	0	381,8	0	0	0	0	0	0	0	0	0	0	0	381,8
SR00535	31/5/2026	R	1,29177E+12	FERRETERIA TABLEROS HERRAJES & AFIN	J	12	5	6				2,001E+12	1589,47	1554,33	20/5/2026	29/6/2026	29/6/2026	40	40	0	0	0	1554,33	0	0	0	0	0	0	0	0	0	0	0	1589,47
SR00535	31/5/2026	R	1,89175E+12	FERRETERIA Y HOGAR FERRYHOME CIA LT	J	18	1	52				1,001E+12	399,04	399,04	7/5/2026	16/6/2026	16/6/2026	40	40	0	0	0	399,04	0	0	0	0	0	0	0	0	0	0	0	399,04
SR00535	31/5/2026	R	1,89175E+12	FERRETERIA Y HOGAR FERRYHOME CIA LT	J	18	1	52				1,001E+12	2422,52	2284,09	22/4/2026	1/6/2026	1/6/2026	40	40	0	0	0	2284,09	0	0	0	0	0	0	0	0	0	0	0	2422,52
SR00535	31/5/2026	R	1,89175E+12	FERRETERIA Y HOGAR FERRYHOME CIA LT	J	18	1	52				1,001E+12	2288,41	2288,41	27/5/2026	6/7/2026	6/7/2026	40	40	0	0	0	0	2288,41	0	0	0	0	0	0	0	0	0	0	2288,41
SR00535	31/5/2026	R	1,89175E+12	FERRETERIA Y HOGAR FERRYHOME CIA LT	J	18	1	52				1,001E+12	1482,66	1447,02	20/5/2026	29/6/2026	29/6/2026	40	40	0	0	0	1447,02	0	0	0	0	0	0	0	0	0	0	0	1482,66
SR00535	31/5/2026	R	1,89175E+12	FERRETERIA Y HOGAR FERRYHOME CIA LT	J	18	1	52				1,001E+12	899,37	795,1	22/4/2026	1/6/2026	1/6/2026	40	40	0	0	0	795,1	0	0	0	0	0	0	0	0	0	0	0	899,37
SR00535	31/5/2026	R	1,89175E+12	FERRETERIA Y HOGAR FERRYHOME CIA LT	J	18	1	52				1,001E+12	346,2	346,2	22/4/2026	1/6/2026	1/6/2026	40	40	0	0	0	346,2	0	0	0	0	0	0	0	0	0	0	0	346,2
SR00535	31/5/2026	R	1,89175E+12	FERRETERIA Y HOGAR FERRYHOME CIA LT	J	18	1	52				1,001E+12	231,17	231,17	27/4/2026	6/6/2026	6/6/2026	40	40	0	0	0	231,17	0	0	0	0	0	0	0	0	0	0	0	231,17
SR00535	31/5/2026	R	1,89175E+12	FERRETERIA Y HOGAR FERRYHOME CIA LT	J	18	1	52				1,001E+12	1753,05	1753,05	6/5/2026	15/6/2026	15/6/2026	40	40	0	0	0	1753,05	0	0	0	0	0	0	0	0	0	0	0	1753,05
SR00535	31/5/2026	R	9,93223E+11	FERROCENTER FERROCIMA S,A,	J	9	1	15				2,001E+12	40281,57	9157,61	29/4/2026	29/5/2026	29/5/2026	30	30	2	9157,61	0	0	0	0	0	0	9157,61	0	0	0	0	0	0	40281,57
SR00535	31/5/2026	R	9,93223E+11	FERROCENTER FERROCIMA S,A,	J	9	1	15				2,001E+12	7538,43	7440,1	24/4/2026	24/5/2026	24/5/2026	30	30	7	7440,1	0	0	0	0	0	0	7440,1	0	0	0	0	0	0	7538,43
SR00535	31/5/2026	R	9,93223E+11	FERROCENTER FERROCIMA S,A,	J	9	1	15				2,001E+12	20983,25	20263,23	30/4/2026	30/5/2026	30/5/2026	30	30	1	20263,23	0	0	0	0	0	0	20263,23	0	0	0	0	0	0	20983,25
SR00535	31/5/2026	R	9,93223E+11	FERROCENTER FERROCIMA S,A,	J	9	1	15				1,001E+12	196,08	193,52	28/4/2026	28/5/2026	28/5/2026	30	30	3	193,52	0	0	0	0	0	0	193,52	0	0	0	0	0	0	196,08
SR00535	31/5/2026	R	9,93223E+11	FERROCENTER FERROCIMA S,A,	J	9	1	15				2,001E+12	9423,04	9300,13	27/5/2026	26/6/2026	26/6/2026	30	30	0	0	0	9300,13	0	0	0	0	0	0	0	0	0	0	0	9423,04
SR00535	31/5/2026	R	9,9238E+11	FERROHECADU S,A,	J	9	1	12				3,001E+12	840,35	829,39	19/3/2026	8/5/2026	8/5/2026	50	50	23	829,39	0	0	0	0	0	0	829,39	0	0	0	0	0	0	840,35
SR00535	31/5/2026	R	9,9238E+11	FERROHECADU S,A,	J	9	1	12				2,001E+12	105,73	104,35	13/5/2026	2/7/2026	2/7/2026	50	50	0	0	0	0	104,35	0	0	0	0	0	0	0	0	0	0	105,73
SR00535	31/5/2026	R	9,9238E+11	FERROHECADU S,A,	J	9	1	12				2,001E+12	112,23	110,77	6/5/2026	25/6/2026	25/6/2026	50	50	0	0	0	110,77	0	0	0	0	0	0	0	0	0	0	0	112,23
SR00535	31/5/2026	R	9,9238E+11	FERROHECADU S,A,	J	9	1	12				2,001E+12	149,02	147,08	6/5/2026	25/6/2026	25/6/2026	50	50	0	0	0	147,08	0	0	0	0	0	0	0	0	0	0	0	149,02
SR00535	31/5/2026	R	9,9238E+11	FERROHECADU S,A,	J	9	1	12				2,001E+12	311,9	307,83	5/5/2026	24/6/2026	24/6/2026	50	50	0	0	0	307,83	0	0	0	0	0	0	0	0	0	0	0	311,9
SR00535	31/5/2026	R	9,9238E+11	FERROHECADU S,A,	J	9	1	12				2,001E+12	1571,33	1550,83	23/3/2026	12/5/2026	12/5/2026	50	50	19	1550,83	0	0	0	0	0	0	1550,83	0	0	0	0	0	0	1571,33
SR00535	31/5/2026	R	9,9238E+11	FERROHECADU S,A,	J	9	1	12				2,001E+12	801,61	791,09	20/3/2026	9/5/2026	9/5/2026	50	50	22	791,09	0	0	0	0	0	0	791,09	0	0	0	0	0	0	801,61
SR00535	31/5/2026	R	9,9238E+11	FERROHECADU S,A,	J	9	1	12				2,001E+12	160,6	158,5	21/5/2026	10/7/2026	10/7/2026	50	50	0	0	0	0	158,5	0	0	0	0	0	0	0	0	0	0	160,6
SR00535	31/5/2026	R	9,9238E+11	FERROHECADU S,A,	J	9	1	12				2,001E+12	824,48	813,73	27/4/2026	16/6/2026	16/6/2026	50	50	0	0	0	813,73	0	0	0	0	0	0	0	0	0	0	0	824,48
SR00535	31/5/2026	R	9,9238E+11	FERROHECADU S,A,	J	9	1	12				2,001E+12	131,72	130	29/5/2026	18/7/2026	18/7/2026	50	50	0	0	0	0	130	0	0	0	0	0	0	0	0	0	0	131,72
SR00535	31/5/2026	R	2,19177E+12	FERROLAGO G,A S,A,S	J	21	1	50				1,001E+12	710,21	710,21	5/5/2026	14/6/2026	14/6/2026	40	40	0	0	0	710,21	0	0	0	0	0	0	0	0	0	0	0	710,21
SR00535	31/5/2026	R	2,19177E+12	FERROLAGO G,A S,A,S	J	21	1	50				1,001E+12	207,72	207,72	19/4/2026	29/5/2026	29/5/2026	40	40	2	207,72	0	0	0	0	0	0	207,72	0	0	0	0	0	0	207,72
SR00535	31/5/2026	R	2,19177E+12	FERROLAGO G,A S,A,S	J	21	1	50				1,001E+12	417,36	417,36	5/5/2026	14/6/2026	14/6/2026	40	40	0	0	0	417,36	0	0	0	0	0	0	0	0	0	0	0	417,36
SR00535	31/5/2026	R	2,19177E+12	FERROLAGO G,A S,A,S	J	21	1	50				1,001E+12	276,97	276,97	19/4/2026	29/5/2026	29/5/2026	40	40	2	276,97	0	0	0	0	0	0	276,97	0	0	0	0	0	0	276,97
SR00535	31/5/2026	R	1,29179E+12	FERROMARK COMPANIA CUENTAS EN	J	12	3	50				2,001E+12	544,46	272,23	23/4/2026	2/6/2026	2/6/2026	40	40	0	0	0	272,23	0	0	0	0	0	0	0	0	0	0	0	544,46
SR00535	31/5/2026	R	1,29179E+12	FERROMARK COMPANIA CUENTAS EN	J	12	3	50				2,001E+12	4129,02	3991,4	7/5/2026	16/6/2026	16/6/2026	40	40	0	0	0	3991,4	0	0	0	0	0	0	0	0	0	0	0	4129,02
SR00535	31/5/2026	R	1,29179E+12	FERROMARK COMPANIA CUENTAS EN	J	12	3	50				2,001E+12	1060,54	1060,54	21/5/2026	30/6/2026	30/6/2026	40	40	0	0	0	1060,54	0	0	0	0	0	0	0	0	0	0	0	1060,54
SR00535	31/5/2026	C	704004498	FIERRO VALAREZO LUIS ALBERTO	N	21	1	50	M	C	I	1,001E+12	15922,44	15922,44	31/12/2019	12/4/2019	12/4/2019	45	45	2606	15922,44	0	0	0	0	0	0	0	0	0	0	15922,44	15922,44	0	15922,44
SR00535	31/5/2026	R	5,03455E+11	FIGUEROA CEVALLOS JUAN PABLO	N	5	5	50	M	S	I	1,001E+12	3001,05	3001,05	28/5/2026	7/7/2026	7/7/2026	40	40	0	0	0	0	3001,05	0	0	0	0	0	0	0	0	0	0	3001,05
SR00535	31/5/2026	R	7,91791E+11	FRONTEAGRI S,A,	J	7	7	4				3,001E+12	3502,27	3456,59	4/5/2026	13/6/2026	13/6/2026	40	40	0	0	0	3456,59	0	0	0	0	0	0	0	0	0	0	0	3502,27
SR00535	31/5/2026	R	1,40019E+12	GALARZA TORRES ANGEL HERNAN FRANCIS	N	14	6	50	M	C	I	1,001E+12	287,95	287,95	28/4/2026	7/6/2026	7/6/2026	40	40	0	0	0	287,95	0	0	0	0	0	0	0	0	0	0	0	287,95
SR00535	31/5/2026	R	1,90354E+11	GALVANICA CIA, LTDA,	J	1	1	58				F177615/8650/78097	3338,2	2848,49	27/12/2023	10/8/2023	10/8/2023	45	45	1025	2848,49	0	0	0	0	0	0	0	0	0	0	2848,49	2848,49	0	3338,2
SR00535	31/5/2026	C	201508496	GARCIA TORO HORTENCIA ELENA	N	17	1	56	F	C	I	1,001E+12	545,07	545,07	9/4/2026	19/5/2026	19/5/2026	40	40	12	545,07	0	0	0	0	0	0	545,07	0	0	0	0	0	0	545,07
SR00535	31/5/2026	C	201508496	GARCIA TORO HORTENCIA ELENA	N	17	1	56	F	C	I	1,001E+12	572,67	564,93	26/5/2026	5/7/2026	5/7/2026	40	40	0	0	0	0	564,93	0	0	0	0	0	0	0	0	0	0	572,67
SR00535	31/5/2026	C	201508496	GARCIA TORO HORTENCIA ELENA	N	17	1	56	F	C	I	1,001E+12	1300,44	1252,84	21/5/2026	30/6/2026	30/6/2026	40	40	0	0	0	1252,84	0	0	0	0	0	0	0	0	0	0	0	1300,44
SR00535	31/5/2026	R	1,90072E+11	GERARDO ORTIZ E HIJOS CIA, LTDA,	J	1	1	14				3,001E+12	856,76	845,58	5/5/2026	4/7/2026	4/7/2026	60	60	0	0	0	0	845,58	0	0	0	0	0	0	0	0	0	0	856,76
SR00535	31/5/2026	R	1,79223E+12	GONZALEZ SEMEG CIA, LTDA,	J	17	1	12				PROT CH 5838 PI	39158,64	39158,64	5/9/2022	15/6/2022	15/6/2022	45	45	1446	39158,64	0	0	0	0	0	0	0	0	0	0	39158,64	39158,64	0	39158,64
SR00535	31/5/2026	R	1,76144E+12	GRUPO ACERCONS CIA, LTDA	J	17	1	29				1,001E+12	1243,54	1227,32	6/5/2026	15/6/2026	15/6/2026	40	40	0	0	0	1227,32	0	0	0	0	0	0	0	0	0	0	0	1243,54
SR00535	31/5/2026	R	1,76144E+12	GRUPO ACERCONS CIA, LTDA	J	17	1	29				1,001E+12	1824,8	1824,8	28/5/2026	7/7/2026	7/7/2026	40	40	0	0	0	0	1824,8	0	0	0	0	0	0	0	0	0	0	1824,8
SR00535	31/5/2026	R	1,79297E+12	GRUPO MOLINA CAMACHO MC	J	17	1	32				1,001E+12	590,92	590,92	28/4/2026	28/5/2026	28/5/2026	30	30	3	590,92	0	0	0	0	0	0	590,92	0	0	0	0	0	0	590,92
SR00535	31/5/2026	R	1,80346E+12	GUAMAN CHAMBA WILSON GUSTAVO	N	22	3	54	M	C	I	1,001E+12	2211,04	1887,21	31/3/2026	10/5/2026	10/5/2026	40	40	21	1887,21	0	0	0	0	0	0	1887,21	0	0	0	0	0	0	2211,04
SR00535	31/5/2026	R	1,80346E+12	GUAMAN CHAMBA WILSON GUSTAVO	N	22	3	54	M	C	I	1,001E+12	4813,9	3785,12	1/4/2026	11/5/2026	11/5/2026	40	40	20	3785,12	0	0	0	0	0	0	3785,12	0	0	0	0	0	0	4813,9
SR00535	31/5/2026	R	1,79212E+12	GUILLERMO PASQUEL CIA,LTDA,	J	17	1	8				1,001E+12	693,27	684,23	29/5/2026	18/7/2026	18/7/2026	50	50	0	0	0	0	684,23	0	0	0	0	0	0	0	0	0	0	693,27
SR00535	31/5/2026	R	1,79212E+12	GUILLERMO PASQUEL CIA,LTDA,	J	17	1	8				1,001E+12	219,98	217,11	21/4/2026	10/6/2026	10/6/2026	50	50	0	0	0	217,11	0	0	0	0	0	0	0	0	0	0	0	219,98
SR00535	31/5/2026	R	1,79212E+12	GUILLERMO PASQUEL CIA,LTDA,	J	17	1	8				1,001E+12	2112,52	2084,96	29/4/2026	18/6/2026	18/6/2026	50	50	0	0	0	2084,96	0	0	0	0	0	0	0	0	0	0	0	2112,52
SR00535	31/5/2026	R	1,79212E+12	GUILLERMO PASQUEL CIA,LTDA,	J	17	1	8				1,001E+12	148,56	146,62	12/5/2026	1/7/2026	1/7/2026	50	50	0	0	0	0	146,62	0	0	0	0	0	0	0	0	0	0	148,56
SR00535	31/5/2026	R	1,79212E+12	GUILLERMO PASQUEL CIA,LTDA,	J	17	1	8				1,001E+12	85,65	84,53	24/4/2026	13/6/2026	13/6/2026	50	50	0	0	0	84,53	0	0	0	0	0	0	0	0	0	0	0	85,65
SR00535	31/5/2026	R	1,79212E+12	GUILLERMO PASQUEL CIA,LTDA,	J	17	1	8				1,001E+12	396,14	390,97	19/5/2026	8/7/2026	8/7/2026	50	50	0	0	0	0	390,97	0	0	0	0	0	0	0	0	0	0	396,14
SR00535	31/5/2026	R	1,79212E+12	GUILLERMO PASQUEL CIA,LTDA,	J	17	1	8				1,001E+12	1453,49	1434,53	14/5/2026	3/7/2026	3/7/2026	50	50	0	0	0	0	1434,53	0	0	0	0	0	0	0	0	0	0	1453,49
SR00535	31/5/2026	R	1,79212E+12	GUILLERMO PASQUEL CIA,LTDA,	J	17	1	8				1,001E+12	4531,06	4471,96	29/5/2026	18/7/2026	18/7/2026	50	50	0	0	0	0	4471,96	0	0	0	0	0	0	0	0	0	0	4531,06
SR00535	31/5/2026	R	1,7914E+12	GYPERFIL S,A,	J	17	1	12				1,001E+12	1669,44	1669,44	15/4/2026	30/5/2026	30/5/2026	45	45	1	1669,44	0	0	0	0	0	0	1669,44	0	0	0	0	0	0	1669,44
SR00535	31/5/2026	R	1,7914E+12	GYPERFIL S,A,	J	17	1	12				1,001E+12	2062,62	2062,62	18/5/2026	2/7/2026	2/7/2026	45	45	0	0	0	0	2062,62	0	0	0	0	0	0	0	0	0	0	2062,62
SR00535	31/5/2026	R	1,7914E+12	GYPERFIL S,A,	J	17	1	12				1,001E+12	1652,98	1652,98	27/4/2026	11/6/2026	11/6/2026	45	45	0	0	0	1652,98	0	0	0	0	0	0	0	0	0	0	0	1652,98
SR00535	31/5/2026	R	1,7914E+12	GYPERFIL S,A,	J	17	1	12				1,001E+12	2490,79	2490,79	4/5/2026	18/6/2026	18/6/2026	45	45	0	0	0	2490,79	0	0	0	0	0	0	0	0	0	0	0	2490,79
SR00535	31/5/2026	R	1,7914E+12	GYPERFIL S,A,	J	17	1	12				1,001E+12	409,64	409,64	27/4/2026	11/6/2026	11/6/2026	45	45	0	0	0	409,64	0	0	0	0	0	0	0	0	0	0	0	409,64
SR00535	31/5/2026	R	1,99091E+12	HARDWARE STORE CUEVA HASTORCU CIA,	J	19	5	50				3,001E+12	7131,4	1598,85	22/4/2026	1/6/2026	1/6/2026	40	40	0	0	0	1598,85	0	0	0	0	0	0	0	0	0	0	0	7131,4
SR00535	31/5/2026	R	1,99091E+12	HARDWARE STORE CUEVA HASTORCU CIA,	J	19	5	50				3,001E+12	2247,51	2144,93	7/5/2026	16/6/2026	16/6/2026	40	40	0	0	0	2144,93	0	0	0	0	0	0	0	0	0	0	0	2247,51
SR00535	31/5/2026	R	1,99091E+12	HARDWARE STORE CUEVA HASTORCU CIA,	J	19	5	50				3,001E+12	1908,89	1702,53	22/4/2026	1/6/2026	1/6/2026	40	40	0	0	0	1702,53	0	0	0	0	0	0	0	0	0	0	0	1908,89
SR00535	31/5/2026	R	1,99091E+12	HARDWARE STORE CUEVA HASTORCU CIA,	J	19	5	50				3,001E+12	6473,25	5824,03	26/5/2026	5/7/2026	5/7/2026	40	40	0	0	0	0	5824,03	0	0	0	0	0	0	0	0	0	0	6473,25
SR00535	31/5/2026	R	1,99091E+12	HARDWARE STORE CUEVA HASTORCU CIA,	J	19	5	50				3,001E+12	951,41	867,6	28/5/2026	7/7/2026	7/7/2026	40	40	0	0	0	0	867,6	0	0	0	0	0	0	0	0	0	0	951,41
SR00535	31/5/2026	R	1,31224E+12	HERNANDEZ RIVAS ALEJANDRO ANTONIO	N	13	13	1	M	C	I	2,001E+12	6062,26	5658,15	30/4/2026	9/6/2026	9/6/2026	40	40	0	0	0	5658,15	0	0	0	0	0	0	0	0	0	0	0	6062,26
SR00535	31/5/2026	R	1,31224E+12	HERNANDEZ RIVAS ALEJANDRO ANTONIO	N	13	13	1	M	C	I	2,001E+12	1758,13	1640,93	30/4/2026	9/6/2026	9/6/2026	40	40	0	0	0	1640,93	0	0	0	0	0	0	0	0	0	0	0	1758,13
SR00535	31/5/2026	R	1,7932E+12	HIDRORIENTE S,A,	J	17	1	84				1,001E+12	45540,46	45540,46	21/5/2026	20/6/2026	20/6/2026	30	30	0	0	0	45540,46	0	0	0	0	0	0	0	0	0	0	0	45540,46
SR00535	31/5/2026	R	1,7932E+12	HIDRORIENTE S,A,	J	17	1	84				1,001E+12	254,94	254,94	21/5/2026	20/6/2026	20/6/2026	30	30	0	0	0	254,94	0	0	0	0	0	0	0	0	0	0	0	254,94
SR00535	31/5/2026	R	5,02011E+11	"HIERRO Y PERFILERIAS ""VIEJO FABY"""	N	2	6	50	F	C	I	2,001E+12	1451,8	1451,8	28/4/2026	7/6/2026	7/6/2026	40	40	0	0	0	1451,8	0	0	0	0	0	0	0	0	0	0	0	1451,8
SR00535	31/5/2026	R	5,02011E+11	"HIERRO Y PERFILERIAS ""VIEJO FABY"""	N	2	6	50	F	C	I	2,001E+12	2375,44	2375,44	14/5/2026	23/6/2026	23/6/2026	40	40	0	0	0	2375,44	0	0	0	0	0	0	0	0	0	0	0	2375,44
SR00535	31/5/2026	R	5,02011E+11	"HIERRO Y PERFILERIAS ""VIEJO FABY"""	N	2	6	50	F	C	I	2,001E+12	164,42	164,42	19/5/2026	28/6/2026	28/6/2026	40	40	0	0	0	164,42	0	0	0	0	0	0	0	0	0	0	0	164,42
SR00535	31/5/2026	R	5,02011E+11	"HIERRO Y PERFILERIAS ""VIEJO FABY"""	N	2	6	50	F	C	I	2,001E+12	1984,68	1916,24	19/5/2026	28/6/2026	28/6/2026	40	40	0	0	0	1916,24	0	0	0	0	0	0	0	0	0	0	0	1984,68
SR00535	31/5/2026	R	5,02011E+11	"HIERRO Y PERFILERIAS ""VIEJO FABY"""	N	2	6	50	F	C	I	2,001E+12	257,63	257,63	19/5/2026	28/6/2026	28/6/2026	40	40	0	0	0	257,63	0	0	0	0	0	0	0	0	0	0	0	257,63
SR00535	31/5/2026	R	5,02011E+11	"HIERRO Y PERFILERIAS ""VIEJO FABY"""	N	2	6	50	F	C	I	2,001E+12	2816,99	2816,99	28/5/2026	7/7/2026	7/7/2026	40	40	0	0	0	0	2816,99	0	0	0	0	0	0	0	0	0	0	2816,99
SR00535	31/5/2026	R	9,90293E+11	HOLCIM ECUADOR S,A,	J	9	1	12				2,001E+12	2917,3	2879,25	6/5/2026	20/6/2026	20/6/2026	45	45	0	0	0	2879,25	0	0	0	0	0	0	0	0	0	0	0	2917,3
SR00535	31/5/2026	R	9,90293E+11	HOLCIM ECUADOR S,A,	J	9	1	12				2,001E+12	2281,58	2251,82	11/5/2026	25/6/2026	25/6/2026	45	45	0	0	0	2251,82	0	0	0	0	0	0	0	0	0	0	0	2281,58
SR00535	31/5/2026	R	9,90293E+11	HOLCIM ECUADOR S,A,	J	9	1	12				2,001E+12	2851,98	2814,78	8/5/2026	22/6/2026	22/6/2026	45	45	0	0	0	2814,78	0	0	0	0	0	0	0	0	0	0	0	2851,98
SR00535	31/5/2026	R	1,79319E+12	HOMECENTERS ECUATORIANOS S,A,S	J	17	1	50				1,001E+12	812,65	775,67	9/1/2026	23/2/2026	23/2/2026	45	45	97	775,67	0	0	0	0	0	0	0	0	775,67	0	0	0	0	812,65
SR00535	31/5/2026	R	1,79319E+12	HOMECENTERS ECUATORIANOS S,A,S	J	17	1	50				1,001E+12	391,98	386,87	9/1/2026	23/2/2026	23/2/2026	45	45	97	386,87	0	0	0	0	0	0	0	0	386,87	0	0	0	0	391,98
SR00535	31/5/2026	R	1,79195E+12	IDMACERO IMPORTADORA DE MATERIALES	J	17	1	8				1,001E+12	364,95	360,19	18/5/2026	27/6/2026	27/6/2026	40	40	0	0	0	360,19	0	0	0	0	0	0	0	0	0	0	0	364,95
SR00535	31/5/2026	R	1,79195E+12	IDMACERO IMPORTADORA DE MATERIALES	J	17	1	8				1,001E+12	3340,76	3297,18	20/4/2026	30/5/2026	30/5/2026	40	40	1	3297,18	0	0	0	0	0	0	3297,18	0	0	0	0	0	0	3340,76
SR00535	31/5/2026	R	1,79195E+12	IDMACERO IMPORTADORA DE MATERIALES	J	17	1	8				1,001E+12	5272,83	5204,05	5/5/2026	14/6/2026	14/6/2026	40	40	0	0	0	5204,05	0	0	0	0	0	0	0	0	0	0	0	5272,83
SR00535	31/5/2026	R	1,79195E+12	IDMACERO IMPORTADORA DE MATERIALES	J	17	1	8				1,001E+12	3412,27	3367,76	21/4/2026	31/5/2026	31/5/2026	40	40	0	0	0	3367,76	0	0	0	0	0	0	0	0	0	0	0	3412,27
SR00535	31/5/2026	R	1,79195E+12	IDMACERO IMPORTADORA DE MATERIALES	J	17	1	8				1,001E+12	4353,21	4296,43	12/5/2026	21/6/2026	21/6/2026	40	40	0	0	0	4296,43	0	0	0	0	0	0	0	0	0	0	0	4353,21
SR00535	31/5/2026	R	1,79195E+12	IDMACERO IMPORTADORA DE MATERIALES	J	17	1	8				1,001E+12	8558,97	8447,33	20/4/2026	30/5/2026	30/5/2026	40	40	1	8447,33	0	0	0	0	0	0	8447,33	0	0	0	0	0	0	8558,97
SR00535	31/5/2026	R	1,79195E+12	IDMACERO IMPORTADORA DE MATERIALES	J	17	1	8				1,001E+12	11549,44	11398,79	11/5/2026	20/6/2026	20/6/2026	40	40	0	0	0	11398,79	0	0	0	0	0	0	0	0	0	0	0	11549,44
SR00535	31/5/2026	R	1,79264E+12	IFCE CIMENTACIONES ECUADOR S,A,	J	9	1	12				2,001E+12	3139,35	3098,4	18/5/2026	17/6/2026	17/6/2026	30	30	0	0	0	3098,4	0	0	0	0	0	0	0	0	0	0	0	3139,35
SR00535	31/5/2026	R	1,79264E+12	IFCE CIMENTACIONES ECUADOR S,A,	J	9	1	12				2,001E+12	16482,58	16267,59	18/5/2026	17/6/2026	17/6/2026	30	30	0	0	0	16267,59	0	0	0	0	0	0	0	0	0	0	0	16482,58
SR00535	31/5/2026	R	1,79264E+12	IFCE CIMENTACIONES ECUADOR S,A,	J	9	1	12				2,001E+12	4062,62	4009,63	19/5/2026	18/6/2026	18/6/2026	30	30	0	0	0	4009,63	0	0	0	0	0	0	0	0	0	0	0	4062,62
SR00535	31/5/2026	R	1,79264E+12	IFCE CIMENTACIONES ECUADOR S,A,	J	9	1	12				2,001E+12	15930,32	15722,53	18/5/2026	17/6/2026	17/6/2026	30	30	0	0	0	15722,53	0	0	0	0	0	0	0	0	0	0	0	15930,32
SR00535	31/5/2026	R	1,79264E+12	IFCE CIMENTACIONES ECUADOR S,A,	J	9	1	12				2,001E+12	16339,06	16125,94	18/5/2026	17/6/2026	17/6/2026	30	30	0	0	0	16125,94	0	0	0	0	0	0	0	0	0	0	0	16339,06
SR00535	31/5/2026	R	1,79264E+12	IFCE CIMENTACIONES ECUADOR S,A,	J	9	1	12				2,001E+12	12188,06	12029,08	18/5/2026	17/6/2026	17/6/2026	30	30	0	0	0	12029,08	0	0	0	0	0	0	0	0	0	0	0	12188,06
SR00535	31/5/2026	R	1,79321E+12	IFCELI S,A,S,	J	17	1	4				1,001E+12	453,24	453,24	12/5/2026	21/6/2026	21/6/2026	40	40	0	0	0	453,24	0	0	0	0	0	0	0	0	0	0	0	453,24
SR00535	31/5/2026	R	7,90046E+11	IMACO	J	7	1	50				3,001E+12	3942,59	3619,28	15/5/2026	24/6/2026	24/6/2026	40	40	0	0	0	3619,28	0	0	0	0	0	0	0	0	0	0	0	3942,59
SR00535	31/5/2026	R	7,90046E+11	IMACO	J	7	1	50				3,001E+12	1675,35	1539,93	11/5/2026	20/6/2026	20/6/2026	40	40	0	0	0	1539,93	0	0	0	0	0	0	0	0	0	0	0	1675,35
SR00535	31/5/2026	R	7,90046E+11	IMACO	J	7	1	50				3,001E+12	4573,33	4208,29	14/5/2026	23/6/2026	23/6/2026	40	40	0	0	0	4208,29	0	0	0	0	0	0	0	0	0	0	0	4573,33
SR00535	31/5/2026	R	1,90089E+11	IMP, COM, EL HIERRO CIA, LTDA,	J	1	1	5				3,001E+12	495,03	488,57	16/4/2026	15/7/2026	15/7/2026	90	90	0	0	0	0	488,57	0	0	0	0	0	0	0	0	0	0	495,03
SR00535	31/5/2026	R	1,90089E+11	IMP, COM, EL HIERRO CIA, LTDA,	J	1	1	5				3,001E+12	718,43	657,06	21/4/2026	20/7/2026	20/7/2026	90	90	0	0	0	0	657,06	0	0	0	0	0	0	0	0	0	0	718,43
SR00535	31/5/2026	R	1,90089E+11	IMP, COM, EL HIERRO CIA, LTDA,	J	1	1	5				3,001E+12	9894,44	9765,38	12/5/2026	10/8/2026	10/8/2026	90	90	0	0	0	0	9765,38	0	0	0	0	0	0	0	0	0	0	9894,44
SR00535	31/5/2026	R	1,90089E+11	IMP, COM, EL HIERRO CIA, LTDA,	J	1	1	5				3,001E+12	2666,94	2179,73	17/3/2026	15/6/2026	15/6/2026	90	90	0	0	0	2179,73	0	0	0	0	0	0	0	0	0	0	0	2666,94
SR00535	31/5/2026	R	1,90089E+11	IMP, COM, EL HIERRO CIA, LTDA,	J	1	1	5				3,001E+12	643,75	635,35	29/5/2026	27/8/2026	27/8/2026	90	90	0	0	0	0	635,35	0	0	0	0	0	0	0	0	0	0	643,75
SR00535	31/5/2026	R	1,90089E+11	IMP, COM, EL HIERRO CIA, LTDA,	J	1	1	5				3,001E+12	689,53	680,54	15/4/2026	14/7/2026	14/7/2026	90	90	0	0	0	0	680,54	0	0	0	0	0	0	0	0	0	0	689,53
SR00535	31/5/2026	R	1,90089E+11	IMP, COM, EL HIERRO CIA, LTDA,	J	1	1	5				3,001E+12	475,64	458,72	11/3/2026	9/6/2026	9/6/2026	90	90	0	0	0	458,72	0	0	0	0	0	0	0	0	0	0	0	475,64
SR00535	31/5/2026	R	1,90089E+11	IMP, COM, EL HIERRO CIA, LTDA,	J	1	1	5				3,001E+12	13922,11	11378,76	6/3/2026	4/6/2026	4/6/2026	90	90	0	0	0	11378,76	0	0	0	0	0	0	0	0	0	0	0	13922,11
SR00535	31/5/2026	R	1,90089E+11	IMP, COM, EL HIERRO CIA, LTDA,	J	1	1	5				3,001E+12	1275,71	1152,76	5/4/2026	4/7/2026	4/7/2026	90	90	0	0	0	0	1152,76	0	0	0	0	0	0	0	0	0	0	1275,71
SR00535	31/5/2026	R	1,90089E+11	IMP, COM, EL HIERRO CIA, LTDA,	J	1	1	5				3,001E+12	92,59	83,66	23/4/2026	22/7/2026	22/7/2026	90	90	0	0	0	0	83,66	0	0	0	0	0	0	0	0	0	0	92,59
SR00535	31/5/2026	R	1,90089E+11	IMP, COM, EL HIERRO CIA, LTDA,	J	1	1	5				3,001E+12	758,51	748,62	21/5/2026	19/8/2026	19/8/2026	90	90	0	0	0	0	748,62	0	0	0	0	0	0	0	0	0	0	758,51
SR00535	31/5/2026	R	1,90089E+11	IMP, COM, EL HIERRO CIA, LTDA,	J	1	1	5				3,001E+12	586,12	544,3	11/3/2026	9/6/2026	9/6/2026	90	90	0	0	0	544,3	0	0	0	0	0	0	0	0	0	0	0	586,12
SR00535	31/5/2026	R	1,90089E+11	IMP, COM, EL HIERRO CIA, LTDA,	J	1	1	5				3,001E+12	9095,61	8820,17	23/4/2026	22/7/2026	22/7/2026	90	90	0	0	0	0	8820,17	0	0	0	0	0	0	0	0	0	0	9095,61
SR00535	31/5/2026	R	1,90089E+11	IMP, COM, EL HIERRO CIA, LTDA,	J	1	1	5				3,001E+12	5913,48	4833,18	10/3/2026	8/6/2026	8/6/2026	90	90	0	0	0	4833,18	0	0	0	0	0	0	0	0	0	0	0	5913,48
SR00535	31/5/2026	R	1,90089E+11	IMP, COM, EL HIERRO CIA, LTDA,	J	1	1	5				3,001E+12	432,57	390,89	11/5/2026	9/8/2026	9/8/2026	90	90	0	0	0	0	390,89	0	0	0	0	0	0	0	0	0	0	432,57
SR00535	31/5/2026	R	1,90089E+11	IMP, COM, EL HIERRO CIA, LTDA,	J	1	1	5				3,001E+12	3149,45	3054,08	23/4/2026	22/7/2026	22/7/2026	90	90	0	0	0	0	3054,08	0	0	0	0	0	0	0	0	0	0	3149,45
SR00535	31/5/2026	R	1,90089E+11	IMP, COM, EL HIERRO CIA, LTDA,	J	1	1	5				3,001E+12	10007,78	8179,52	12/3/2026	10/6/2026	10/6/2026	90	90	0	0	0	8179,52	0	0	0	0	0	0	0	0	0	0	0	10007,78
SR00535	31/5/2026	R	1,90089E+11	IMP, COM, EL HIERRO CIA, LTDA,	J	1	1	5				3,001E+12	8500,05	8389,18	21/5/2026	19/8/2026	19/8/2026	90	90	0	0	0	0	8389,18	0	0	0	0	0	0	0	0	0	0	8500,05
SR00535	31/5/2026	R	1,90089E+11	IMP, COM, EL HIERRO CIA, LTDA,	J	1	1	5				3,001E+12	3494,05	3203,92	5/3/2026	3/6/2026	3/6/2026	90	90	0	0	0	3203,92	0	0	0	0	0	0	0	0	0	0	0	3494,05
SR00535	31/5/2026	R	1,90089E+11	IMP, COM, EL HIERRO CIA, LTDA,	J	1	1	5				3,001E+12	1333,31	1315,92	19/3/2026	17/6/2026	17/6/2026	90	90	0	0	0	1315,92	0	0	0	0	0	0	0	0	0	0	0	1333,31
SR00535	31/5/2026	R	1,90089E+11	IMP, COM, EL HIERRO CIA, LTDA,	J	1	1	5				3,001E+12	13431,75	10977,99	13/3/2026	11/6/2026	11/6/2026	90	90	0	0	0	10977,99	0	0	0	0	0	0	0	0	0	0	0	13431,75
SR00535	31/5/2026	R	1,90089E+11	IMP, COM, EL HIERRO CIA, LTDA,	J	1	1	5				3,001E+12	1071,88	968,58	18/4/2026	17/7/2026	17/7/2026	90	90	0	0	0	0	968,58	0	0	0	0	0	0	0	0	0	0	1071,88
SR00535	31/5/2026	R	1,90089E+11	IMP, COM, EL HIERRO CIA, LTDA,	J	1	1	5				3,001E+12	8106,18	7720,95	11/5/2026	9/8/2026	9/8/2026	90	90	0	0	0	0	7720,95	0	0	0	0	0	0	0	0	0	0	8106,18
SR00535	31/5/2026	R	1,90089E+11	IMP, COM, EL HIERRO CIA, LTDA,	J	1	1	5				3,001E+12	3792,53	3743,06	20/5/2026	18/8/2026	18/8/2026	90	90	0	0	0	0	3743,06	0	0	0	0	0	0	0	0	0	0	3792,53
SR00535	31/5/2026	R	1,90089E+11	IMP, COM, EL HIERRO CIA, LTDA,	J	1	1	5				3,001E+12	740,51	677,32	2/4/2026	1/7/2026	1/7/2026	90	90	0	0	0	0	677,32	0	0	0	0	0	0	0	0	0	0	740,51
SR00535	31/5/2026	R	1,90089E+11	IMP, COM, EL HIERRO CIA, LTDA,	J	1	1	5				3,001E+12	7826,64	6396,84	11/3/2026	9/6/2026	9/6/2026	90	90	0	0	0	6396,84	0	0	0	0	0	0	0	0	0	0	0	7826,64
SR00535	31/5/2026	R	1,90089E+11	IMP, COM, EL HIERRO CIA, LTDA,	J	1	1	5				3,001E+12	423,65	387,5	18/4/2026	17/7/2026	17/7/2026	90	90	0	0	0	0	387,5	0	0	0	0	0	0	0	0	0	0	423,65
SR00535	31/5/2026	R	1,90089E+11	IMP, COM, EL HIERRO CIA, LTDA,	J	1	1	5				3,001E+12	774,96	764,85	25/3/2026	23/6/2026	23/6/2026	90	90	0	0	0	764,85	0	0	0	0	0	0	0	0	0	0	0	774,96
SR00535	31/5/2026	R	1,90089E+11	IMP, COM, EL HIERRO CIA, LTDA,	J	1	1	5				3,001E+12	8789,45	7942,38	21/4/2026	20/7/2026	20/7/2026	90	90	0	0	0	0	7942,38	0	0	0	0	0	0	0	0	0	0	8789,45
SR00535	31/5/2026	R	1,90089E+11	IMP, COM, EL HIERRO CIA, LTDA,	J	1	1	5				3,001E+12	112,63	101,78	9/4/2026	8/7/2026	8/7/2026	90	90	0	0	0	0	101,78	0	0	0	0	0	0	0	0	0	0	112,63
SR00535	31/5/2026	R	1,90089E+11	IMP, COM, EL HIERRO CIA, LTDA,	J	1	1	5				3,001E+12	3494,05	3203,92	5/3/2026	3/6/2026	3/6/2026	90	90	0	0	0	3203,92	0	0	0	0	0	0	0	0	0	0	0	3494,05
SR00535	31/5/2026	R	1,90089E+11	IMP, COM, EL HIERRO CIA, LTDA,	J	1	1	5				3,001E+12	557,19	542,18	11/5/2026	9/8/2026	9/8/2026	90	90	0	0	0	0	542,18	0	0	0	0	0	0	0	0	0	0	557,19
SR00535	31/5/2026	R	1,90089E+11	IMP, COM, EL HIERRO CIA, LTDA,	J	1	1	5				3,001E+12	8106,18	7860,7	28/4/2026	27/7/2026	27/7/2026	90	90	0	0	0	0	7860,7	0	0	0	0	0	0	0	0	0	0	8106,18
SR00535	31/5/2026	R	1,90089E+11	IMP, COM, EL HIERRO CIA, LTDA,	J	1	1	5				3,001E+12	3494,05	3203,92	5/3/2026	3/6/2026	3/6/2026	90	90	0	0	0	3203,92	0	0	0	0	0	0	0	0	0	0	0	3494,05
SR00535	31/5/2026	R	1,90089E+11	IMP, COM, EL HIERRO CIA, LTDA,	J	1	1	5				3,001E+12	1831,51	1807,62	22/4/2026	21/7/2026	21/7/2026	90	90	0	0	0	0	1807,62	0	0	0	0	0	0	0	0	0	0	1831,51
SR00535	31/5/2026	R	1,90089E+11	IMP, COM, EL HIERRO CIA, LTDA,	J	1	1	5				3,001E+12	1606,37	1557,73	28/4/2026	27/7/2026	27/7/2026	90	90	0	0	0	0	1557,73	0	0	0	0	0	0	0	0	0	0	1606,37
SR00535	31/5/2026	R	1,90089E+11	IMP, COM, EL HIERRO CIA, LTDA,	J	1	1	5				3,001E+12	4671,68	4457,33	11/5/2026	9/8/2026	9/8/2026	90	90	0	0	0	0	4457,33	0	0	0	0	0	0	0	0	0	0	4671,68
SR00535	31/5/2026	R	1,90089E+11	IMP, COM, EL HIERRO CIA, LTDA,	J	1	1	5				3,001E+12	1272,41	1233,88	24/4/2026	23/7/2026	23/7/2026	90	90	0	0	0	0	1233,88	0	0	0	0	0	0	0	0	0	0	1272,41
SR00535	31/5/2026	R	1,90089E+11	IMP, COM, EL HIERRO CIA, LTDA,	J	1	1	5				3,001E+12	1071,88	968,58	21/4/2026	20/7/2026	20/7/2026	90	90	0	0	0	0	968,58	0	0	0	0	0	0	0	0	0	0	1071,88
SR00535	31/5/2026	R	1,90089E+11	IMP, COM, EL HIERRO CIA, LTDA,	J	1	1	5				3,001E+12	857,51	774,86	21/4/2026	20/7/2026	20/7/2026	90	90	0	0	0	0	774,86	0	0	0	0	0	0	0	0	0	0	857,51
SR00535	31/5/2026	R	1,90089E+11	IMP, COM, EL HIERRO CIA, LTDA,	J	1	1	5				3,001E+12	2220,28	2006,31	21/5/2026	19/8/2026	19/8/2026	90	90	0	0	0	0	2006,31	0	0	0	0	0	0	0	0	0	0	2220,28
SR00535	31/5/2026	R	1,90089E+11	IMP, COM, EL HIERRO CIA, LTDA,	J	1	1	5				2,001E+12	4718,09	4263,39	10/3/2026	8/6/2026	8/6/2026	90	90	0	0	0	4263,39	0	0	0	0	0	0	0	0	0	0	0	4718,09
SR00535	31/5/2026	R	1,90089E+11	IMP, COM, EL HIERRO CIA, LTDA,	J	1	1	5				3,001E+12	1110,42	1095,94	28/4/2026	27/7/2026	27/7/2026	90	90	0	0	0	0	1095,94	0	0	0	0	0	0	0	0	0	0	1110,42
SR00535	31/5/2026	R	1,90089E+11	IMP, COM, EL HIERRO CIA, LTDA,	J	1	1	5				3,001E+12	3991,88	3939,81	24/3/2026	22/6/2026	22/6/2026	90	90	0	0	0	3939,81	0	0	0	0	0	0	0	0	0	0	0	3991,88
SR00535	31/5/2026	R	1,90089E+11	IMP, COM, EL HIERRO CIA, LTDA,	J	1	1	5				3,001E+12	4585,49	4525,68	22/4/2026	21/7/2026	21/7/2026	90	90	0	0	0	0	4525,68	0	0	0	0	0	0	0	0	0	0	4585,49
SR00535	31/5/2026	R	1,90089E+11	IMP, COM, EL HIERRO CIA, LTDA,	J	1	1	5				3,001E+12	1152,06	1137,03	2/4/2026	1/7/2026	1/7/2026	90	90	0	0	0	0	1137,03	0	0	0	0	0	0	0	0	0	0	1152,06
SR00535	31/5/2026	R	1,90089E+11	IMP, COM, EL HIERRO CIA, LTDA,	J	1	1	5				2,001E+12	4876,16	4812,56	29/4/2026	28/7/2026	28/7/2026	90	90	0	0	0	0	4812,56	0	0	0	0	0	0	0	0	0	0	4876,16
SR00535	31/5/2026	R	1,90089E+11	IMP, COM, EL HIERRO CIA, LTDA,	J	1	1	5				3,001E+12	9544,1	7800,55	9/3/2026	7/6/2026	7/6/2026	90	90	0	0	0	7800,55	0	0	0	0	0	0	0	0	0	0	0	9544,1
SR00535	31/5/2026	R	1,90089E+11	IMP, COM, EL HIERRO CIA, LTDA,	J	1	1	5				2,001E+12	352,3	318,34	17/3/2026	15/6/2026	15/6/2026	90	90	0	0	0	318,34	0	0	0	0	0	0	0	0	0	0	0	352,3
SR00535	31/5/2026	R	1,90089E+11	IMP, COM, EL HIERRO CIA, LTDA,	J	1	1	5				3,001E+12	2855,34	2818,1	29/5/2026	27/8/2026	27/8/2026	90	90	0	0	0	0	2818,1	0	0	0	0	0	0	0	0	0	0	2855,34
SR00535	31/5/2026	R	1,90089E+11	IMP, COM, EL HIERRO CIA, LTDA,	J	1	1	5				1,001E+12	7342,11	6993,18	10/5/2026	8/8/2026	8/8/2026	90	90	0	0	0	0	6993,18	0	0	0	0	0	0	0	0	0	0	7342,11
SR00535	31/5/2026	R	1,90089E+11	IMP, COM, EL HIERRO CIA, LTDA,	J	1	1	5				3,001E+12	3111,42	3017,2	4/5/2026	2/8/2026	2/8/2026	90	90	0	0	0	0	3017,2	0	0	0	0	0	0	0	0	0	0	3111,42
SR00535	31/5/2026	R	1,90089E+11	IMP, COM, EL HIERRO CIA, LTDA,	J	1	1	5				3,001E+12	1745,87	1577,61	8/4/2026	7/7/2026	7/7/2026	90	90	0	0	0	0	1577,61	0	0	0	0	0	0	0	0	0	0	1745,87
SR00535	31/5/2026	R	1,90089E+11	IMP, COM, EL HIERRO CIA, LTDA,	J	1	1	5				3,001E+12	2167,69	2071,75	21/5/2026	19/8/2026	19/8/2026	90	90	0	0	0	0	2071,75	0	0	0	0	0	0	0	0	0	0	2167,69
SR00535	31/5/2026	R	1,90089E+11	IMP, COM, EL HIERRO CIA, LTDA,	J	1	1	5				3,001E+12	354,53	349,91	11/3/2026	9/6/2026	9/6/2026	90	90	0	0	0	349,91	0	0	0	0	0	0	0	0	0	0	0	354,53
SR00535	31/5/2026	R	1,90089E+11	IMP, COM, EL HIERRO CIA, LTDA,	J	1	1	5				3,001E+12	5617,77	5544,49	15/4/2026	14/7/2026	14/7/2026	90	90	0	0	0	0	5544,49	0	0	0	0	0	0	0	0	0	0	5617,77
SR00535	31/5/2026	R	1,90089E+11	IMP, COM, EL HIERRO CIA, LTDA,	J	1	1	5				3,001E+12	452,15	446,25	20/4/2026	19/7/2026	19/7/2026	90	90	0	0	0	0	446,25	0	0	0	0	0	0	0	0	0	0	452,15
SR00535	31/5/2026	R	1,90089E+11	IMP, COM, EL HIERRO CIA, LTDA,	J	1	1	5				3,001E+12	310,21	283,73	25/3/2026	23/6/2026	23/6/2026	90	90	0	0	0	283,73	0	0	0	0	0	0	0	0	0	0	0	310,21
SR00535	31/5/2026	R	1,90089E+11	IMP, COM, EL HIERRO CIA, LTDA,	J	1	1	5				3,001E+12	758,51	748,62	21/5/2026	19/8/2026	19/8/2026	90	90	0	0	0	0	748,62	0	0	0	0	0	0	0	0	0	0	758,51
SR00535	31/5/2026	R	1,90089E+11	IMP, COM, EL HIERRO CIA, LTDA,	J	1	1	5				3,001E+12	4452,48	4076,4	28/5/2026	26/8/2026	26/8/2026	90	90	0	0	0	0	4076,4	0	0	0	0	0	0	0	0	0	0	4452,48
SR00535	31/5/2026	R	1,90089E+11	IMP, COM, EL HIERRO CIA, LTDA,	J	1	1	5				3,001E+12	515,27	508,55	12/3/2026	10/6/2026	10/6/2026	90	90	0	0	0	508,55	0	0	0	0	0	0	0	0	0	0	0	515,27
SR00535	31/5/2026	R	1,90089E+11	IMP, COM, EL HIERRO CIA, LTDA,	J	1	1	5				2,001E+12	1317,21	1300,03	18/3/2026	16/6/2026	16/6/2026	90	90	0	0	0	1300,03	0	0	0	0	0	0	0	0	0	0	0	1317,21
SR00535	31/5/2026	R	1,90089E+11	IMP, COM, EL HIERRO CIA, LTDA,	J	1	1	5				3,001E+12	227,26	224,3	5/5/2026	3/8/2026	3/8/2026	90	90	0	0	0	0	224,3	0	0	0	0	0	0	0	0	0	0	227,26
SR00535	31/5/2026	R	1,90089E+11	IMP, COM, EL HIERRO CIA, LTDA,	J	1	1	5				1,001E+12	1056,32	1042,54	21/4/2026	20/7/2026	20/7/2026	90	90	0	0	0	0	1042,54	0	0	0	0	0	0	0	0	0	0	1056,32
SR00535	31/5/2026	R	1,90089E+11	IMP, COM, EL HIERRO CIA, LTDA,	J	1	1	5				3,001E+12	158,07	156,01	17/3/2026	15/6/2026	15/6/2026	90	90	0	0	0	156,01	0	0	0	0	0	0	0	0	0	0	0	158,07
SR00535	31/5/2026	R	1,90089E+11	IMP, COM, EL HIERRO CIA, LTDA,	J	1	1	5				2,001E+12	324,04	292,81	23/3/2026	21/6/2026	21/6/2026	90	90	0	0	0	292,81	0	0	0	0	0	0	0	0	0	0	0	324,04
SR00535	31/5/2026	R	1,90089E+11	IMP, COM, EL HIERRO CIA, LTDA,	J	1	1	5				3,001E+12	4452,48	3639,08	5/3/2026	3/6/2026	3/6/2026	90	90	0	0	0	3639,08	0	0	0	0	0	0	0	0	0	0	0	4452,48
SR00535	31/5/2026	R	1,90089E+11	IMP, COM, EL HIERRO CIA, LTDA,	J	1	1	5				3,001E+12	2186,28	2157,76	10/4/2026	9/7/2026	9/7/2026	90	90	0	0	0	0	2157,76	0	0	0	0	0	0	0	0	0	0	2186,28
SR00535	31/5/2026	R	1,90089E+11	IMP, COM, EL HIERRO CIA, LTDA,	J	1	1	5				3,001E+12	761,32	751,39	17/3/2026	15/6/2026	15/6/2026	90	90	0	0	0	751,39	0	0	0	0	0	0	0	0	0	0	0	761,32
SR00535	31/5/2026	R	1,90089E+11	IMP, COM, EL HIERRO CIA, LTDA,	J	1	1	5				3,001E+12	627,91	567,39	25/3/2026	23/6/2026	23/6/2026	90	90	0	0	0	567,39	0	0	0	0	0	0	0	0	0	0	0	627,91
SR00535	31/5/2026	R	1,90089E+11	IMP, COM, EL HIERRO CIA, LTDA,	J	1	1	5				3,001E+12	1239,94	1159,86	12/3/2026	10/6/2026	10/6/2026	90	90	0	0	0	1159,86	0	0	0	0	0	0	0	0	0	0	0	1239,94
SR00535	31/5/2026	R	1,90089E+11	IMP, COM, EL HIERRO CIA, LTDA,	J	1	1	5				3,001E+12	457,06	451,1	18/3/2026	16/6/2026	16/6/2026	90	90	0	0	0	451,1	0	0	0	0	0	0	0	0	0	0	0	457,06
SR00535	31/5/2026	R	1,90089E+11	IMP, COM, EL HIERRO CIA, LTDA,	J	1	1	5				2,001E+12	271,49	267,95	17/3/2026	15/6/2026	15/6/2026	90	90	0	0	0	267,95	0	0	0	0	0	0	0	0	0	0	0	271,49
SR00535	31/5/2026	R	1,90089E+11	IMP, COM, EL HIERRO CIA, LTDA,	J	1	1	5				3,001E+12	8106,18	7860,7	22/4/2026	21/7/2026	21/7/2026	90	90	0	0	0	0	7860,7	0	0	0	0	0	0	0	0	0	0	8106,18
SR00535	31/5/2026	R	1,90089E+11	IMP, COM, EL HIERRO CIA, LTDA,	J	1	1	5				3,001E+12	190,22	187,74	6/3/2026	4/6/2026	4/6/2026	90	90	0	0	0	187,74	0	0	0	0	0	0	0	0	0	0	0	190,22
SR00535	31/5/2026	R	1,90089E+11	IMP, COM, EL HIERRO CIA, LTDA,	J	1	1	5				3,001E+12	7826,64	7724,55	20/5/2026	18/8/2026	18/8/2026	90	90	0	0	0	0	7724,55	0	0	0	0	0	0	0	0	0	0	7826,64
SR00535	31/5/2026	R	1,90089E+11	IMP, COM, EL HIERRO CIA, LTDA,	J	1	1	5				2,001E+12	1417,01	1398,53	27/3/2026	25/6/2026	25/6/2026	90	90	0	0	0	1398,53	0	0	0	0	0	0	0	0	0	0	0	1417,01
SR00535	31/5/2026	R	1,90089E+11	IMP, COM, EL HIERRO CIA, LTDA,	J	1	1	5				3,001E+12	91,48	83,68	17/3/2026	15/6/2026	15/6/2026	90	90	0	0	0	83,68	0	0	0	0	0	0	0	0	0	0	0	91,48
SR00535	31/5/2026	R	1,90089E+11	IMP, COM, EL HIERRO CIA, LTDA,	J	1	1	5				3,001E+12	1328,77	1311,44	18/4/2026	17/7/2026	17/7/2026	90	90	0	0	0	0	1311,44	0	0	0	0	0	0	0	0	0	0	1328,77
SR00535	31/5/2026	R	1,90089E+11	IMP, COM, EL HIERRO CIA, LTDA,	J	1	1	5				3,001E+12	9630,71	9505,09	6/4/2026	5/7/2026	5/7/2026	90	90	0	0	0	0	9505,09	0	0	0	0	0	0	0	0	0	0	9630,71
SR00535	31/5/2026	R	1,90089E+11	IMP, COM, EL HIERRO CIA, LTDA,	J	1	1	5				3,001E+12	2806,83	2770,22	8/4/2026	7/7/2026	7/7/2026	90	90	0	0	0	0	2770,22	0	0	0	0	0	0	0	0	0	0	2806,83
SR00535	31/5/2026	R	1,90089E+11	IMP, COM, EL HIERRO CIA, LTDA,	J	1	1	5				3,001E+12	9544,1	7800,55	12/3/2026	10/6/2026	10/6/2026	90	90	0	0	0	7800,55	0	0	0	0	0	0	0	0	0	0	0	9544,1
SR00535	31/5/2026	R	1,90089E+11	IMP, COM, EL HIERRO CIA, LTDA,	J	1	1	5				2,001E+12	1056,91	955,05	17/3/2026	15/6/2026	15/6/2026	90	90	0	0	0	955,05	0	0	0	0	0	0	0	0	0	0	0	1056,91
SR00535	31/5/2026	R	1,90089E+11	IMP, COM, EL HIERRO CIA, LTDA,	J	1	1	5				3,001E+12	1163,49	1148,31	7/5/2026	5/8/2026	5/8/2026	90	90	0	0	0	0	1148,31	0	0	0	0	0	0	0	0	0	0	1163,49
SR00535	31/5/2026	R	1,90089E+11	IMP, COM, EL HIERRO CIA, LTDA,	J	1	1	5				3,001E+12	116,85	115,33	7/5/2026	5/8/2026	5/8/2026	90	90	0	0	0	0	115,33	0	0	0	0	0	0	0	0	0	0	116,85
SR00535	31/5/2026	R	1,90089E+11	IMP, COM, EL HIERRO CIA, LTDA,	J	1	1	5				3,001E+12	103,35	93,06	18/4/2026	17/7/2026	17/7/2026	90	90	0	0	0	0	93,06	0	0	0	0	0	0	0	0	0	0	103,35
SR00535	31/5/2026	R	1,90089E+11	IMP, COM, EL HIERRO CIA, LTDA,	J	1	1	5				3,001E+12	2159,63	2094,23	23/4/2026	22/7/2026	22/7/2026	90	90	0	0	0	0	2094,23	0	0	0	0	0	0	0	0	0	0	2159,63
SR00535	31/5/2026	R	1,90089E+11	IMP, COM, EL HIERRO CIA, LTDA,	J	1	1	5				2,001E+12	526,88	520,01	18/3/2026	16/6/2026	16/6/2026	90	90	0	0	0	520,01	0	0	0	0	0	0	0	0	0	0	0	526,88
SR00535	31/5/2026	R	1,90089E+11	IMP, COM, EL HIERRO CIA, LTDA,	J	1	1	5				3,001E+12	127,48	125,82	4/3/2026	2/6/2026	2/6/2026	90	90	0	0	0	125,82	0	0	0	0	0	0	0	0	0	0	0	127,48
SR00535	31/5/2026	R	1,90089E+11	IMP, COM, EL HIERRO CIA, LTDA,	J	1	1	5				3,001E+12	1053,78	1040,03	25/3/2026	23/6/2026	23/6/2026	90	90	0	0	0	1040,03	0	0	0	0	0	0	0	0	0	0	0	1053,78
SR00535	31/5/2026	R	1,90089E+11	IMP, COM, EL HIERRO CIA, LTDA,	J	1	1	5				3,001E+12	2634,42	2600,06	18/3/2026	16/6/2026	16/6/2026	90	90	0	0	0	2600,06	0	0	0	0	0	0	0	0	0	0	0	2634,42
SR00535	31/5/2026	R	1,90089E+11	IMP, COM, EL HIERRO CIA, LTDA,	J	1	1	5				3,001E+12	658,94	650,34	7/5/2026	5/8/2026	5/8/2026	90	90	0	0	0	0	650,34	0	0	0	0	0	0	0	0	0	0	658,94
SR00535	31/5/2026	R	1,90089E+11	IMP, COM, EL HIERRO CIA, LTDA,	J	1	1	5				3,001E+12	8904,94	7278,15	12/3/2026	10/6/2026	10/6/2026	90	90	0	0	0	7278,15	0	0	0	0	0	0	0	0	0	0	0	8904,94
SR00535	31/5/2026	R	1,90089E+11	IMP, COM, EL HIERRO CIA, LTDA,	J	1	1	5				3,001E+12	2265,99	2236,43	29/4/2026	28/7/2026	28/7/2026	90	90	0	0	0	0	2236,43	0	0	0	0	0	0	0	0	0	0	2265,99
SR00535	31/5/2026	R	1,90089E+11	IMP, COM, EL HIERRO CIA, LTDA,	J	1	1	5				3,001E+12	1740,43	1717,73	29/4/2026	28/7/2026	28/7/2026	90	90	0	0	0	0	1717,73	0	0	0	0	0	0	0	0	0	0	1740,43
SR00535	31/5/2026	R	1,90089E+11	IMP, COM, EL HIERRO CIA, LTDA,	J	1	1	5				3,001E+12	321,18	316,99	18/5/2026	16/8/2026	16/8/2026	90	90	0	0	0	0	316,99	0	0	0	0	0	0	0	0	0	0	321,18
SR00535	31/5/2026	R	1,90089E+11	IMP, COM, EL HIERRO CIA, LTDA,	J	1	1	5				3,001E+12	7826,64	7165,57	28/5/2026	26/8/2026	26/8/2026	90	90	0	0	0	0	7165,57	0	0	0	0	0	0	0	0	0	0	7826,64
SR00535	31/5/2026	R	1,90089E+11	IMP, COM, EL HIERRO CIA, LTDA,	J	1	1	5				3,001E+12	138,26	136,46	9/3/2026	7/6/2026	7/6/2026	90	90	0	0	0	136,46	0	0	0	0	0	0	0	0	0	0	0	138,26
SR00535	31/5/2026	R	1,90089E+11	IMP, COM, EL HIERRO CIA, LTDA,	J	1	1	5				3,001E+12	7343,5	7032,59	10/4/2026	9/7/2026	9/7/2026	90	90	0	0	0	0	7032,59	0	0	0	0	0	0	0	0	0	0	7343,5
SR00535	31/5/2026	R	1,90089E+11	IMP, COM, EL HIERRO CIA, LTDA,	J	1	1	5				3,001E+12	201,32	181,91	18/3/2026	16/6/2026	16/6/2026	90	90	0	0	0	181,91	0	0	0	0	0	0	0	0	0	0	0	201,32
SR00535	31/5/2026	R	1,90089E+11	IMP, COM, EL HIERRO CIA, LTDA,	J	1	1	5				3,001E+12	2107,55	2080,06	23/3/2026	21/6/2026	21/6/2026	90	90	0	0	0	2080,06	0	0	0	0	0	0	0	0	0	0	0	2107,55
SR00535	31/5/2026	R	1,90089E+11	IMP, COM, EL HIERRO CIA, LTDA,	J	1	1	5				3,001E+12	113,31	111,83	13/5/2026	11/8/2026	11/8/2026	90	90	0	0	0	0	111,83	0	0	0	0	0	0	0	0	0	0	113,31
SR00535	31/5/2026	R	1,90089E+11	IMP, COM, EL HIERRO CIA, LTDA,	J	1	1	5				1,001E+12	434,5	428,83	21/4/2026	20/7/2026	20/7/2026	90	90	0	0	0	0	428,83	0	0	0	0	0	0	0	0	0	0	434,5
SR00535	31/5/2026	R	1,90089E+11	IMP, COM, EL HIERRO CIA, LTDA,	J	1	1	5				3,001E+12	4806,02	4743,33	26/3/2026	24/6/2026	24/6/2026	90	90	0	0	0	4743,33	0	0	0	0	0	0	0	0	0	0	0	4806,02
SR00535	31/5/2026	R	1,90089E+11	IMP, COM, EL HIERRO CIA, LTDA,	J	1	1	5				3,001E+12	1783,25	1635,16	5/3/2026	3/6/2026	3/6/2026	90	90	0	0	0	1635,16	0	0	0	0	0	0	0	0	0	0	0	1783,25
SR00535	31/5/2026	R	1,90089E+11	IMP, COM, EL HIERRO CIA, LTDA,	J	1	1	5				3,001E+12	317,73	290,62	18/4/2026	17/7/2026	17/7/2026	90	90	0	0	0	0	290,62	0	0	0	0	0	0	0	0	0	0	317,73
SR00535	31/5/2026	R	1,90089E+11	IMP, COM, EL HIERRO CIA, LTDA,	J	1	1	5				1,001E+12	381,56	376,58	16/4/2026	15/7/2026	15/7/2026	90	90	0	0	0	0	376,58	0	0	0	0	0	0	0	0	0	0	381,56
SR00535	31/5/2026	R	1,90089E+11	IMP, COM, EL HIERRO CIA, LTDA,	J	1	1	5				3,001E+12	714,92	705,59	15/4/2026	14/7/2026	14/7/2026	90	90	0	0	0	0	705,59	0	0	0	0	0	0	0	0	0	0	714,92
SR00535	31/5/2026	R	1,90089E+11	IMP, COM, EL HIERRO CIA, LTDA,	J	1	1	5				3,001E+12	321,18	316,99	21/5/2026	19/8/2026	19/8/2026	90	90	0	0	0	0	316,99	0	0	0	0	0	0	0	0	0	0	321,18
SR00535	31/5/2026	R	1,90089E+11	IMP, COM, EL HIERRO CIA, LTDA,	J	1	1	5				3,001E+12	6410,28	6326,67	9/4/2026	8/7/2026	8/7/2026	90	90	0	0	0	0	6326,67	0	0	0	0	0	0	0	0	0	0	6410,28
SR00535	31/5/2026	R	1,90089E+11	IMP, COM, EL HIERRO CIA, LTDA,	J	1	1	5				3,001E+12	689,53	668,65	23/4/2026	22/7/2026	22/7/2026	90	90	0	0	0	0	668,65	0	0	0	0	0	0	0	0	0	0	689,53
SR00535	31/5/2026	R	1,90089E+11	IMP, COM, EL HIERRO CIA, LTDA,	J	1	1	5				3,001E+12	5615,46	5542,21	26/3/2026	24/6/2026	24/6/2026	90	90	0	0	0	5542,21	0	0	0	0	0	0	0	0	0	0	0	5615,46
SR00535	31/5/2026	R	1,90089E+11	IMP, COM, EL HIERRO CIA, LTDA,	J	1	1	5				3,001E+12	497,73	491,24	16/3/2026	14/6/2026	14/6/2026	90	90	0	0	0	491,24	0	0	0	0	0	0	0	0	0	0	0	497,73
SR00535	31/5/2026	R	1,90089E+11	IMP, COM, EL HIERRO CIA, LTDA,	J	1	1	5				2,001E+12	526,88	520,01	17/3/2026	15/6/2026	15/6/2026	90	90	0	0	0	520,01	0	0	0	0	0	0	0	0	0	0	0	526,88
SR00535	31/5/2026	R	1,90089E+11	IMP, COM, EL HIERRO CIA, LTDA,	J	1	1	5				2,001E+12	231,45	209,14	27/3/2026	25/6/2026	25/6/2026	90	90	0	0	0	209,14	0	0	0	0	0	0	0	0	0	0	0	231,45
SR00535	31/5/2026	R	1,90089E+11	IMP, COM, EL HIERRO CIA, LTDA,	J	1	1	5				3,001E+12	2977,7	2938,86	12/3/2026	10/6/2026	10/6/2026	90	90	0	0	0	2938,86	0	0	0	0	0	0	0	0	0	0	0	2977,7
SR00535	31/5/2026	R	1,90089E+11	IMP, COM, EL HIERRO CIA, LTDA,	J	1	1	5				3,001E+12	5003,89	4938,62	20/5/2026	18/8/2026	18/8/2026	90	90	0	0	0	0	4938,62	0	0	0	0	0	0	0	0	0	0	5003,89
SR00535	31/5/2026	R	1,90089E+11	IMP, COM, EL HIERRO CIA, LTDA,	J	1	1	5				3,001E+12	4596,96	4323,72	10/3/2026	8/6/2026	8/6/2026	90	90	0	0	0	4323,72	0	0	0	0	0	0	0	0	0	0	0	4596,96
SR00535	31/5/2026	R	1,90089E+11	IMP, COM, EL HIERRO CIA, LTDA,	J	1	1	5				3,001E+12	1283,98	1267,23	24/3/2026	22/6/2026	22/6/2026	90	90	0	0	0	1267,23	0	0	0	0	0	0	0	0	0	0	0	1283,98
SR00535	31/5/2026	R	1,90089E+11	IMP, COM, EL HIERRO CIA, LTDA,	J	1	1	5				3,001E+12	9544,1	7800,55	9/3/2026	7/6/2026	7/6/2026	90	90	0	0	0	7800,55	0	0	0	0	0	0	0	0	0	0	0	9544,1
SR00535	31/5/2026	R	1,90089E+11	IMP, COM, EL HIERRO CIA, LTDA,	J	1	1	5				2,001E+12	1221,73	1205,79	27/3/2026	25/6/2026	25/6/2026	90	90	0	0	0	1205,79	0	0	0	0	0	0	0	0	0	0	0	1221,73
SR00535	31/5/2026	R	1,90089E+11	IMP, COM, EL HIERRO CIA, LTDA,	J	1	1	5				3,001E+12	422,27	409,48	28/4/2026	27/7/2026	27/7/2026	90	90	0	0	0	0	409,48	0	0	0	0	0	0	0	0	0	0	422,27
SR00535	31/5/2026	R	1,90089E+11	IMP, COM, EL HIERRO CIA, LTDA,	J	1	1	5				3,001E+12	2179,5	2113,49	4/5/2026	2/8/2026	2/8/2026	90	90	0	0	0	0	2113,49	0	0	0	0	0	0	0	0	0	0	2179,5
SR00535	31/5/2026	R	1,90089E+11	IMP, COM, EL HIERRO CIA, LTDA,	J	1	1	5				2,001E+12	708,98	648,49	10/3/2026	8/6/2026	8/6/2026	90	90	0	0	0	648,49	0	0	0	0	0	0	0	0	0	0	0	708,98
SR00535	31/5/2026	R	1,90089E+11	IMP, COM, EL HIERRO CIA, LTDA,	J	1	1	5				3,001E+12	1826,73	1650,67	25/3/2026	23/6/2026	23/6/2026	90	90	0	0	0	1650,67	0	0	0	0	0	0	0	0	0	0	0	1826,73
SR00535	31/5/2026	R	1,90089E+11	IMP, COM, EL HIERRO CIA, LTDA,	J	1	1	5				3,001E+12	1604,03	1467,17	9/3/2026	7/6/2026	7/6/2026	90	90	0	0	0	1467,17	0	0	0	0	0	0	0	0	0	0	0	1604,03
SR00535	31/5/2026	R	1,90089E+11	IMP, COM, EL HIERRO CIA, LTDA,	J	1	1	5				2,001E+12	1580,65	1560,03	18/3/2026	16/6/2026	16/6/2026	90	90	0	0	0	1560,03	0	0	0	0	0	0	0	0	0	0	0	1580,65
SR00535	31/5/2026	R	1,90089E+11	IMP, COM, EL HIERRO CIA, LTDA,	J	1	1	5				3,001E+12	1478,16	1458,88	28/5/2026	26/8/2026	26/8/2026	90	90	0	0	0	0	1458,88	0	0	0	0	0	0	0	0	0	0	1478,16
SR00535	31/5/2026	R	1,90089E+11	IMP, COM, EL HIERRO CIA, LTDA,	J	1	1	5				3,001E+12	5475,07	5012,64	28/5/2026	26/8/2026	26/8/2026	90	90	0	0	0	0	5012,64	0	0	0	0	0	0	0	0	0	0	5475,07
SR00535	31/5/2026	R	1,90089E+11	IMP, COM, EL HIERRO CIA, LTDA,	J	1	1	5				3,001E+12	464,57	458,51	7/5/2026	5/8/2026	5/8/2026	90	90	0	0	0	0	458,51	0	0	0	0	0	0	0	0	0	0	464,57
SR00535	31/5/2026	R	1,90089E+11	IMP, COM, EL HIERRO CIA, LTDA,	J	1	1	5				3,001E+12	2358,16	2130,9	18/4/2026	17/7/2026	17/7/2026	90	90	0	0	0	0	2130,9	0	0	0	0	0	0	0	0	0	0	2358,16
SR00535	31/5/2026	R	1,90089E+11	IMP, COM, EL HIERRO CIA, LTDA,	J	1	1	5				2,001E+12	251,64	227,4	23/3/2026	21/6/2026	21/6/2026	90	90	0	0	0	227,4	0	0	0	0	0	0	0	0	0	0	0	251,64
SR00535	31/5/2026	R	1,90089E+11	IMP, COM, EL HIERRO CIA, LTDA,	J	1	1	5				3,001E+12	7826,64	6396,84	11/3/2026	9/6/2026	9/6/2026	90	90	0	0	0	6396,84	0	0	0	0	0	0	0	0	0	0	0	7826,64
SR00535	31/5/2026	R	1,90089E+11	IMP, COM, EL HIERRO CIA, LTDA,	J	1	1	5				3,001E+12	5550,69	5015,75	12/3/2026	10/6/2026	10/6/2026	90	90	0	0	0	5015,75	0	0	0	0	0	0	0	0	0	0	0	5550,69
SR00535	31/5/2026	R	1,90089E+11	IMP, COM, EL HIERRO CIA, LTDA,	J	1	1	5				3,001E+12	137,22	125,52	18/3/2026	16/6/2026	16/6/2026	90	90	0	0	0	125,52	0	0	0	0	0	0	0	0	0	0	0	137,22
SR00535	31/5/2026	R	1,90089E+11	IMP, COM, EL HIERRO CIA, LTDA,	J	1	1	5				3,001E+12	891,62	879,99	25/3/2026	23/6/2026	23/6/2026	90	90	0	0	0	879,99	0	0	0	0	0	0	0	0	0	0	0	891,62
SR00535	31/5/2026	R	1,90089E+11	IMP, COM, EL HIERRO CIA, LTDA,	J	1	1	5				3,001E+12	352,94	348,34	25/3/2026	23/6/2026	23/6/2026	90	90	0	0	0	348,34	0	0	0	0	0	0	0	0	0	0	0	352,94
SR00535	31/5/2026	R	1,90089E+11	IMP, COM, EL HIERRO CIA, LTDA,	J	1	1	5				3,001E+12	7826,64	7724,55	21/5/2026	19/8/2026	19/8/2026	90	90	0	0	0	0	7724,55	0	0	0	0	0	0	0	0	0	0	7826,64
SR00535	31/5/2026	R	1,90089E+11	IMP, COM, EL HIERRO CIA, LTDA,	J	1	1	5				3,001E+12	7635,29	6240,45	13/3/2026	11/6/2026	11/6/2026	90	90	0	0	0	6240,45	0	0	0	0	0	0	0	0	0	0	0	7635,29
SR00535	31/5/2026	R	1,90089E+11	IMP, COM, EL HIERRO CIA, LTDA,	J	1	1	5				3,001E+12	1470,55	1421,86	11/3/2026	9/6/2026	9/6/2026	90	90	0	0	0	1421,86	0	0	0	0	0	0	0	0	0	0	0	1470,55
SR00535	31/5/2026	R	1,90089E+11	IMP, COM, EL HIERRO CIA, LTDA,	J	1	1	5				2,001E+12	868,77	857,44	10/3/2026	8/6/2026	8/6/2026	90	90	0	0	0	857,44	0	0	0	0	0	0	0	0	0	0	0	868,77
SR00535	31/5/2026	R	1,90089E+11	IMP, COM, EL HIERRO CIA, LTDA,	J	1	1	5				3,001E+12	155,83	147,57	4/3/2026	2/6/2026	2/6/2026	90	90	0	0	0	147,57	0	0	0	0	0	0	0	0	0	0	0	155,83
SR00535	31/5/2026	R	1,90089E+11	IMP, COM, EL HIERRO CIA, LTDA,	J	1	1	5				3,001E+12	9651,48	9359,2	23/4/2026	22/7/2026	22/7/2026	90	90	0	0	0	0	9359,2	0	0	0	0	0	0	0	0	0	0	9651,48
SR00535	31/5/2026	R	1,90089E+11	IMP, COM, EL HIERRO CIA, LTDA,	J	1	1	5				3,001E+12	1513,39	1493,65	9/4/2026	8/7/2026	8/7/2026	90	90	0	0	0	0	1493,65	0	0	0	0	0	0	0	0	0	0	1513,39
SR00535	31/5/2026	R	1,90089E+11	IMP, COM, EL HIERRO CIA, LTDA,	J	1	1	5				3,001E+12	337,9	305,34	28/4/2026	27/7/2026	27/7/2026	90	90	0	0	0	0	305,34	0	0	0	0	0	0	0	0	0	0	337,9
SR00535	31/5/2026	R	1,90089E+11	IMP, COM, EL HIERRO CIA, LTDA,	J	1	1	5				3,001E+12	380,72	375,75	27/5/2026	25/8/2026	25/8/2026	90	90	0	0	0	0	375,75	0	0	0	0	0	0	0	0	0	0	380,72
SR00535	31/5/2026	R	1,90089E+11	IMP, COM, EL HIERRO CIA, LTDA,	J	1	1	5				3,001E+12	3607,47	3259,81	18/3/2026	16/6/2026	16/6/2026	90	90	0	0	0	3259,81	0	0	0	0	0	0	0	0	0	0	0	3607,47
SR00535	31/5/2026	R	1,90089E+11	IMP, COM, EL HIERRO CIA, LTDA,	J	1	1	5				3,001E+12	1143,5	1045,93	18/3/2026	16/6/2026	16/6/2026	90	90	0	0	0	1045,93	0	0	0	0	0	0	0	0	0	0	0	1143,5
SR00535	31/5/2026	R	1,90089E+11	IMP, COM, EL HIERRO CIA, LTDA,	J	1	1	5				3,001E+12	637,86	576,39	2/4/2026	1/7/2026	1/7/2026	90	90	0	0	0	0	576,39	0	0	0	0	0	0	0	0	0	0	637,86
SR00535	31/5/2026	R	1,90089E+11	IMP, COM, EL HIERRO CIA, LTDA,	J	1	1	5				3,001E+12	193,8	191,27	21/4/2026	20/7/2026	20/7/2026	90	90	0	0	0	0	191,27	0	0	0	0	0	0	0	0	0	0	193,8
SR00535	31/5/2026	R	1,90089E+11	IMP, COM, EL HIERRO CIA, LTDA,	J	1	1	5				2,001E+12	493,42	486,98	10/3/2026	8/6/2026	8/6/2026	90	90	0	0	0	486,98	0	0	0	0	0	0	0	0	0	0	0	493,42
SR00535	31/5/2026	R	1,90089E+11	IMP, COM, EL HIERRO CIA, LTDA,	J	1	1	5				3,001E+12	168,96	152,68	5/5/2026	3/8/2026	3/8/2026	90	90	0	0	0	0	152,68	0	0	0	0	0	0	0	0	0	0	168,96
SR00535	31/5/2026	R	1,90089E+11	IMP, COM, EL HIERRO CIA, LTDA,	J	1	1	5				3,001E+12	4452,48	3639,08	6/3/2026	4/6/2026	4/6/2026	90	90	0	0	0	3639,08	0	0	0	0	0	0	0	0	0	0	0	4452,48
SR00535	31/5/2026	R	1,90089E+11	IMP, COM, EL HIERRO CIA, LTDA,	J	1	1	5				3,001E+12	4743,13	4303,24	7/4/2026	6/7/2026	6/7/2026	90	90	0	0	0	0	4303,24	0	0	0	0	0	0	0	0	0	0	4743,13
SR00535	31/5/2026	R	1,90089E+11	IMP, COM, EL HIERRO CIA, LTDA,	J	1	1	5				3,001E+12	1851,65	1673,2	7/4/2026	6/7/2026	6/7/2026	90	90	0	0	0	0	1673,2	0	0	0	0	0	0	0	0	0	0	1851,65
SR00535	31/5/2026	R	1,90089E+11	IMP, COM, EL HIERRO CIA, LTDA,	J	1	1	5				3,001E+12	1851,67	1720,34	22/4/2026	21/7/2026	21/7/2026	90	90	0	0	0	0	1720,34	0	0	0	0	0	0	0	0	0	0	1851,67
SR00535	31/5/2026	R	1,90089E+11	IMP, COM, EL HIERRO CIA, LTDA,	J	1	1	5				3,001E+12	1580,66	1560,04	21/4/2026	20/7/2026	20/7/2026	90	90	0	0	0	0	1560,04	0	0	0	0	0	0	0	0	0	0	1580,66
SR00535	31/5/2026	R	1,90089E+11	IMP, COM, EL HIERRO CIA, LTDA,	J	1	1	5				3,001E+12	7827,9	6397,87	13/3/2026	11/6/2026	11/6/2026	90	90	0	0	0	6397,87	0	0	0	0	0	0	0	0	0	0	0	7827,9
SR00535	31/5/2026	R	1,90089E+11	IMP, COM, EL HIERRO CIA, LTDA,	J	1	1	5				3,001E+12	532,3	525,36	21/5/2026	19/8/2026	19/8/2026	90	90	0	0	0	0	525,36	0	0	0	0	0	0	0	0	0	0	532,3
SR00535	31/5/2026	R	1,90089E+11	IMP, COM, EL HIERRO CIA, LTDA,	J	1	1	5				3,001E+12	7115,45	7022,64	12/5/2026	10/8/2026	10/8/2026	90	90	0	0	0	0	7022,64	0	0	0	0	0	0	0	0	0	0	7115,45
SR00535	31/5/2026	R	1,90089E+11	IMP, COM, EL HIERRO CIA, LTDA,	J	1	1	5				3,001E+12	5287,85	4862,2	22/4/2026	21/7/2026	21/7/2026	90	90	0	0	0	0	4862,2	0	0	0	0	0	0	0	0	0	0	5287,85
SR00535	31/5/2026	R	1,90089E+11	IMP, COM, EL HIERRO CIA, LTDA,	J	1	1	5				3,001E+12	77,99	76,97	10/4/2026	9/7/2026	9/7/2026	90	90	0	0	0	0	76,97	0	0	0	0	0	0	0	0	0	0	77,99
SR00535	31/5/2026	R	1,90089E+11	IMP, COM, EL HIERRO CIA, LTDA,	J	1	1	5				2,001E+12	210,52	207,77	17/3/2026	15/6/2026	15/6/2026	90	90	0	0	0	207,77	0	0	0	0	0	0	0	0	0	0	0	210,52
SR00535	31/5/2026	R	1,90089E+11	IMP, COM, EL HIERRO CIA, LTDA,	J	1	1	5				3,001E+12	726,64	686,2	4/3/2026	2/6/2026	2/6/2026	90	90	0	0	0	686,2	0	0	0	0	0	0	0	0	0	0	0	726,64
SR00535	31/5/2026	R	1,90089E+11	IMP, COM, EL HIERRO CIA, LTDA,	J	1	1	5				3,001E+12	7826,64	7165,57	28/5/2026	26/8/2026	26/8/2026	90	90	0	0	0	0	7165,57	0	0	0	0	0	0	0	0	0	0	7826,64
SR00535	31/5/2026	R	1,90089E+11	IMP, COM, EL HIERRO CIA, LTDA,	J	1	1	5				2,001E+12	217,19	214,36	9/3/2026	7/6/2026	7/6/2026	90	90	0	0	0	214,36	0	0	0	0	0	0	0	0	0	0	0	217,19
SR00535	31/5/2026	R	1,90089E+11	IMP, COM, EL HIERRO CIA, LTDA,	J	1	1	5				3,001E+12	8162,38	7915,18	28/4/2026	27/7/2026	27/7/2026	90	90	0	0	0	0	7915,18	0	0	0	0	0	0	0	0	0	0	8162,38
SR00535	31/5/2026	R	1,90089E+11	IMP, COM, EL HIERRO CIA, LTDA,	J	1	1	5				3,001E+12	790,8	780,48	15/4/2026	14/7/2026	14/7/2026	90	90	0	0	0	0	780,48	0	0	0	0	0	0	0	0	0	0	790,8
SR00535	31/5/2026	R	1,90089E+11	IMP, COM, EL HIERRO CIA, LTDA,	J	1	1	5				3,001E+12	2454,81	2411,66	10/3/2026	8/6/2026	8/6/2026	90	90	0	0	0	2411,66	0	0	0	0	0	0	0	0	0	0	0	2454,81
SR00535	31/5/2026	R	1,90089E+11	IMP, COM, EL HIERRO CIA, LTDA,	J	1	1	5				3,001E+12	7826,64	6396,84	12/3/2026	10/6/2026	10/6/2026	90	90	0	0	0	6396,84	0	0	0	0	0	0	0	0	0	0	0	7826,64
SR00535	31/5/2026	R	1,90089E+11	IMP, COM, EL HIERRO CIA, LTDA,	J	1	1	5				3,001E+12	4103,74	4021,97	24/3/2026	22/6/2026	22/6/2026	90	90	0	0	0	4021,97	0	0	0	0	0	0	0	0	0	0	0	4103,74
SR00535	31/5/2026	R	1,90089E+11	IMP, COM, EL HIERRO CIA, LTDA,	J	1	1	5				1,001E+12	310,21	283,73	9/3/2026	7/6/2026	7/6/2026	90	90	0	0	0	283,73	0	0	0	0	0	0	0	0	0	0	0	310,21
SR00535	31/5/2026	R	1,90089E+11	IMP, COM, EL HIERRO CIA, LTDA,	J	1	1	5				3,001E+12	2191,34	1791,02	6/3/2026	4/6/2026	4/6/2026	90	90	0	0	0	1791,02	0	0	0	0	0	0	0	0	0	0	0	2191,34
SR00535	31/5/2026	R	1,90089E+11	IMP, COM, EL HIERRO CIA, LTDA,	J	1	1	5				3,001E+12	112,63	103,11	12/5/2026	10/8/2026	10/8/2026	90	90	0	0	0	0	103,11	0	0	0	0	0	0	0	0	0	0	112,63
SR00535	31/5/2026	R	1,90089E+11	IMP, COM, EL HIERRO CIA, LTDA,	J	1	1	5				3,001E+12	81,44	80,38	11/3/2026	9/6/2026	9/6/2026	90	90	0	0	0	80,38	0	0	0	0	0	0	0	0	0	0	0	81,44
SR00535	31/5/2026	R	1,90089E+11	IMP, COM, EL HIERRO CIA, LTDA,	J	1	1	5				3,001E+12	105,37	104	26/3/2026	24/6/2026	24/6/2026	90	90	0	0	0	104	0	0	0	0	0	0	0	0	0	0	0	105,37
SR00535	31/5/2026	R	1,90089E+11	IMP, COM, EL HIERRO CIA, LTDA,	J	1	1	5				3,001E+12	2266,14	2236,58	15/5/2026	13/8/2026	13/8/2026	90	90	0	0	0	0	2236,58	0	0	0	0	0	0	0	0	0	0	2266,14
SR00535	31/5/2026	R	1,90089E+11	IMP, COM, EL HIERRO CIA, LTDA,	J	1	1	5				3,001E+12	228,36	206,35	10/4/2026	9/7/2026	9/7/2026	90	90	0	0	0	0	206,35	0	0	0	0	0	0	0	0	0	0	228,36
SR00535	31/5/2026	R	1,90089E+11	IMP, COM, EL HIERRO CIA, LTDA,	J	1	1	5				3,001E+12	1956,66	1931,14	15/5/2026	13/8/2026	13/8/2026	90	90	0	0	0	0	1931,14	0	0	0	0	0	0	0	0	0	0	1956,66
SR00535	31/5/2026	R	1,90089E+11	IMP, COM, EL HIERRO CIA, LTDA,	J	1	1	5				2,001E+12	205,83	188,26	9/3/2026	7/6/2026	7/6/2026	90	90	0	0	0	188,26	0	0	0	0	0	0	0	0	0	0	0	205,83
SR00535	31/5/2026	R	1,90089E+11	IMP, COM, EL HIERRO CIA, LTDA,	J	1	1	5				3,001E+12	294,6	290,76	28/5/2026	26/8/2026	26/8/2026	90	90	0	0	0	0	290,76	0	0	0	0	0	0	0	0	0	0	294,6
SR00535	31/5/2026	R	1,90089E+11	IMP, COM, EL HIERRO CIA, LTDA,	J	1	1	5				3,001E+12	481,78	475,5	9/3/2026	7/6/2026	7/6/2026	90	90	0	0	0	475,5	0	0	0	0	0	0	0	0	0	0	0	481,78
SR00535	31/5/2026	R	1,90089E+11	IMP, COM, EL HIERRO CIA, LTDA,	J	1	1	5				3,001E+12	721,79	712,37	9/3/2026	7/6/2026	7/6/2026	90	90	0	0	0	712,37	0	0	0	0	0	0	0	0	0	0	0	721,79
SR00535	31/5/2026	R	1,90089E+11	IMP, COM, EL HIERRO CIA, LTDA,	J	1	1	5				3,001E+12	4452,48	3639,08	5/3/2026	3/6/2026	3/6/2026	90	90	0	0	0	3639,08	0	0	0	0	0	0	0	0	0	0	0	4452,48
SR00535	31/5/2026	R	1,90089E+11	IMP, COM, EL HIERRO CIA, LTDA,	J	1	1	5				3,001E+12	444,49	431,03	4/5/2026	2/8/2026	2/8/2026	90	90	0	0	0	0	431,03	0	0	0	0	0	0	0	0	0	0	444,49
SR00535	31/5/2026	R	1,90089E+11	IMP, COM, EL HIERRO CIA, LTDA,	J	1	1	5				3,001E+12	1054,4	1040,65	9/4/2026	8/7/2026	8/7/2026	90	90	0	0	0	0	1040,65	0	0	0	0	0	0	0	0	0	0	1054,4
SR00535	31/5/2026	R	1,90089E+11	IMP, COM, EL HIERRO CIA, LTDA,	J	1	1	5				3,001E+12	785,6	761,8	5/5/2026	3/8/2026	3/8/2026	90	90	0	0	0	0	761,8	0	0	0	0	0	0	0	0	0	0	785,6
SR00535	31/5/2026	R	1,90089E+11	IMP, COM, EL HIERRO CIA, LTDA,	J	1	1	5				3,001E+12	406,3	401	5/4/2026	4/7/2026	4/7/2026	90	90	0	0	0	0	401	0	0	0	0	0	0	0	0	0	0	406,3
SR00535	31/5/2026	R	1,90089E+11	IMP, COM, EL HIERRO CIA, LTDA,	J	1	1	5				3,001E+12	952,78	884,85	21/5/2026	19/8/2026	19/8/2026	90	90	0	0	0	0	884,85	0	0	0	0	0	0	0	0	0	0	952,78
SR00535	31/5/2026	R	1,90089E+11	IMP, COM, EL HIERRO CIA, LTDA,	J	1	1	5				3,001E+12	439,9	434,16	28/5/2026	26/8/2026	26/8/2026	90	90	0	0	0	0	434,16	0	0	0	0	0	0	0	0	0	0	439,9
SR00535	31/5/2026	R	1,90089E+11	IMP, COM, EL HIERRO CIA, LTDA,	J	1	1	5				3,001E+12	1926,15	1901,03	29/5/2026	27/8/2026	27/8/2026	90	90	0	0	0	0	1901,03	0	0	0	0	0	0	0	0	0	0	1926,15
SR00535	31/5/2026	R	1,90089E+11	IMP, COM, EL HIERRO CIA, LTDA,	J	1	1	5				3,001E+12	412,74	407,36	14/4/2026	13/7/2026	13/7/2026	90	90	0	0	0	0	407,36	0	0	0	0	0	0	0	0	0	0	412,74
SR00535	31/5/2026	R	1,90089E+11	IMP, COM, EL HIERRO CIA, LTDA,	J	1	1	5				3,001E+12	3494,05	3203,92	5/3/2026	3/6/2026	3/6/2026	90	90	0	0	0	3203,92	0	0	0	0	0	0	0	0	0	0	0	3494,05
SR00535	31/5/2026	R	1,90089E+11	IMP, COM, EL HIERRO CIA, LTDA,	J	1	1	5				3,001E+12	197,7	191,72	24/4/2026	23/7/2026	23/7/2026	90	90	0	0	0	0	191,72	0	0	0	0	0	0	0	0	0	0	197,7
SR00535	31/5/2026	R	1,90089E+11	IMP, COM, EL HIERRO CIA, LTDA,	J	1	1	5				3,001E+12	732,6	723,04	11/5/2026	9/8/2026	9/8/2026	90	90	0	0	0	0	723,04	0	0	0	0	0	0	0	0	0	0	732,6
SR00535	31/5/2026	R	1,90089E+11	IMP, COM, EL HIERRO CIA, LTDA,	J	1	1	5				3,001E+12	3464,31	3419,12	2/4/2026	1/7/2026	1/7/2026	90	90	0	0	0	0	3419,12	0	0	0	0	0	0	0	0	0	0	3464,31
SR00535	31/5/2026	R	1,90089E+11	IMP, COM, EL HIERRO CIA, LTDA,	J	1	1	5				3,001E+12	1760,54	1737,58	25/3/2026	23/6/2026	23/6/2026	90	90	0	0	0	1737,58	0	0	0	0	0	0	0	0	0	0	0	1760,54
SR00535	31/5/2026	R	1,90089E+11	IMP, COM, EL HIERRO CIA, LTDA,	J	1	1	5				3,001E+12	549,46	542,29	26/3/2026	24/6/2026	24/6/2026	90	90	0	0	0	542,29	0	0	0	0	0	0	0	0	0	0	0	549,46
SR00535	31/5/2026	R	1,90089E+11	IMP, COM, EL HIERRO CIA, LTDA,	J	1	1	5				3,001E+12	7826,64	6396,84	6/3/2026	4/6/2026	4/6/2026	90	90	0	0	0	6396,84	0	0	0	0	0	0	0	0	0	0	0	7826,64
SR00535	31/5/2026	R	1,90089E+11	IMP, COM, EL HIERRO CIA, LTDA,	J	1	1	5				3,001E+12	5109,45	5042,8	26/3/2026	24/6/2026	24/6/2026	90	90	0	0	0	5042,8	0	0	0	0	0	0	0	0	0	0	0	5109,45
SR00535	31/5/2026	R	1,90089E+11	IMP, COM, EL HIERRO CIA, LTDA,	J	1	1	5				3,001E+12	6217,38	6116,04	10/3/2026	8/6/2026	8/6/2026	90	90	0	0	0	6116,04	0	0	0	0	0	0	0	0	0	0	0	6217,38
SR00535	31/5/2026	R	1,90089E+11	IMP, COM, EL HIERRO CIA, LTDA,	J	1	1	5				1,001E+12	899,47	887,74	5/5/2026	3/8/2026	3/8/2026	90	90	0	0	0	0	887,74	0	0	0	0	0	0	0	0	0	0	899,47
SR00535	31/5/2026	R	1,90089E+11	IMP, COM, EL HIERRO CIA, LTDA,	J	1	1	5				3,001E+12	7826,64	6396,84	9/3/2026	7/6/2026	7/6/2026	90	90	0	0	0	6396,84	0	0	0	0	0	0	0	0	0	0	0	7826,64
SR00535	31/5/2026	R	1,90089E+11	IMP, COM, EL HIERRO CIA, LTDA,	J	1	1	5				3,001E+12	1319,29	1302,08	26/3/2026	24/6/2026	24/6/2026	90	90	0	0	0	1302,08	0	0	0	0	0	0	0	0	0	0	0	1319,29
SR00535	31/5/2026	R	1,90089E+11	IMP, COM, EL HIERRO CIA, LTDA,	J	1	1	5				3,001E+12	2077,48	2050,38	7/4/2026	6/7/2026	6/7/2026	90	90	0	0	0	0	2050,38	0	0	0	0	0	0	0	0	0	0	2077,48
SR00535	31/5/2026	R	1,90089E+11	IMP, COM, EL HIERRO CIA, LTDA,	J	1	1	5				3,001E+12	2012,56	1840,85	6/4/2026	5/7/2026	5/7/2026	90	90	0	0	0	0	1840,85	0	0	0	0	0	0	0	0	0	0	2012,56
SR00535	31/5/2026	R	1,90089E+11	IMP, COM, EL HIERRO CIA, LTDA,	J	1	1	5				3,001E+12	3477,65	3304,48	21/4/2026	20/7/2026	20/7/2026	90	90	0	0	0	0	3304,48	0	0	0	0	0	0	0	0	0	0	3477,65
SR00535	31/5/2026	R	1,90089E+11	IMP, COM, EL HIERRO CIA, LTDA,	J	1	1	5				3,001E+12	108,04	106,63	4/3/2026	2/6/2026	2/6/2026	90	90	0	0	0	106,63	0	0	0	0	0	0	0	0	0	0	0	108,04
SR00535	31/5/2026	R	1,90089E+11	IMP, COM, EL HIERRO CIA, LTDA,	J	1	1	5				3,001E+12	3230,66	3188,52	21/4/2026	20/7/2026	20/7/2026	90	90	0	0	0	0	3188,52	0	0	0	0	0	0	0	0	0	0	3230,66
SR00535	31/5/2026	R	1,90089E+11	IMP, COM, EL HIERRO CIA, LTDA,	J	1	1	5				3,001E+12	3800	3750,43	26/3/2026	24/6/2026	24/6/2026	90	90	0	0	0	3750,43	0	0	0	0	0	0	0	0	0	0	0	3800
SR00535	31/5/2026	R	1,90089E+11	IMP, COM, EL HIERRO CIA, LTDA,	J	1	1	5				3,001E+12	1288,2	1271,4	12/3/2026	10/6/2026	10/6/2026	90	90	0	0	0	1271,4	0	0	0	0	0	0	0	0	0	0	0	1288,2
SR00535	31/5/2026	R	1,90089E+11	IMP, COM, EL HIERRO CIA, LTDA,	J	1	1	5				3,001E+12	299,21	291	8/4/2026	7/7/2026	7/7/2026	90	90	0	0	0	0	291	0	0	0	0	0	0	0	0	0	0	299,21
SR00535	31/5/2026	R	1,90089E+11	IMP, COM, EL HIERRO CIA, LTDA,	J	1	1	5				3,001E+12	1054,4	1040,65	15/4/2026	14/7/2026	14/7/2026	90	90	0	0	0	0	1040,65	0	0	0	0	0	0	0	0	0	0	1054,4
SR00535	31/5/2026	R	1,90089E+11	IMP, COM, EL HIERRO CIA, LTDA,	J	1	1	5				3,001E+12	749	707,36	21/5/2026	19/8/2026	19/8/2026	90	90	0	0	0	0	707,36	0	0	0	0	0	0	0	0	0	0	749
SR00535	31/5/2026	R	1,90089E+11	IMP, COM, EL HIERRO CIA, LTDA,	J	1	1	5				3,001E+12	9151,37	9032	7/4/2026	6/7/2026	6/7/2026	90	90	0	0	0	0	9032	0	0	0	0	0	0	0	0	0	0	9151,37
SR00535	31/5/2026	R	1,90089E+11	IMP, COM, EL HIERRO CIA, LTDA,	J	1	1	5				3,001E+12	785,6	761,8	27/4/2026	26/7/2026	26/7/2026	90	90	0	0	0	0	761,8	0	0	0	0	0	0	0	0	0	0	785,6
SR00535	31/5/2026	R	1,90089E+11	IMP, COM, EL HIERRO CIA, LTDA,	J	1	1	5				3,001E+12	130,43	128,73	21/4/2026	20/7/2026	20/7/2026	90	90	0	0	0	0	128,73	0	0	0	0	0	0	0	0	0	0	130,43
SR00535	31/5/2026	R	1,90089E+11	IMP, COM, EL HIERRO CIA, LTDA,	J	1	1	5				2,001E+12	1645,37	1504,98	9/3/2026	7/6/2026	7/6/2026	90	90	0	0	0	1504,98	0	0	0	0	0	0	0	0	0	0	0	1645,37
SR00535	31/5/2026	R	1,90089E+11	IMP, COM, EL HIERRO CIA, LTDA,	J	1	1	5				2,001E+12	542,98	535,9	18/3/2026	16/6/2026	16/6/2026	90	90	0	0	0	535,9	0	0	0	0	0	0	0	0	0	0	0	542,98
SR00535	31/5/2026	R	1,90089E+11	IMP, COM, EL HIERRO CIA, LTDA,	J	1	1	5				3,001E+12	2122,9	2095,21	24/3/2026	22/6/2026	22/6/2026	90	90	0	0	0	2095,21	0	0	0	0	0	0	0	0	0	0	0	2122,9
SR00535	31/5/2026	R	1,90089E+11	IMP, COM, EL HIERRO CIA, LTDA,	J	1	1	5				3,001E+12	1165,03	1065,63	14/4/2026	13/7/2026	13/7/2026	90	90	0	0	0	0	1065,63	0	0	0	0	0	0	0	0	0	0	1165,03
SR00535	31/5/2026	R	1,90089E+11	IMP, COM, EL HIERRO CIA, LTDA,	J	1	1	5				3,001E+12	731,95	683,12	17/3/2026	15/6/2026	15/6/2026	90	90	0	0	0	683,12	0	0	0	0	0	0	0	0	0	0	0	731,95
SR00535	31/5/2026	R	1,90089E+11	IMP, COM, EL HIERRO CIA, LTDA,	J	1	1	5				3,001E+12	4452,48	3639,08	5/3/2026	3/6/2026	3/6/2026	90	90	0	0	0	3639,08	0	0	0	0	0	0	0	0	0	0	0	4452,48
SR00535	31/5/2026	R	1,90089E+11	IMP, COM, EL HIERRO CIA, LTDA,	J	1	1	5				3,001E+12	8904,94	7278,15	13/3/2026	11/6/2026	11/6/2026	90	90	0	0	0	7278,15	0	0	0	0	0	0	0	0	0	0	0	8904,94
SR00535	31/5/2026	R	1,90089E+11	IMP, COM, EL HIERRO CIA, LTDA,	J	1	1	5				3,001E+12	448,65	442,8	25/3/2026	23/6/2026	23/6/2026	90	90	0	0	0	442,8	0	0	0	0	0	0	0	0	0	0	0	448,65
SR00535	31/5/2026	R	1,90089E+11	IMP, COM, EL HIERRO CIA, LTDA,	J	1	1	5				3,001E+12	2531,58	2454,92	5/5/2026	3/8/2026	3/8/2026	90	90	0	0	0	0	2454,92	0	0	0	0	0	0	0	0	0	0	2531,58
SR00535	31/5/2026	R	1,90089E+11	IMP, COM, EL HIERRO CIA, LTDA,	J	1	1	5				3,001E+12	3062,17	2937,53	21/4/2026	20/7/2026	20/7/2026	90	90	0	0	0	0	2937,53	0	0	0	0	0	0	0	0	0	0	3062,17
SR00535	31/5/2026	R	1,90089E+11	IMP, COM, EL HIERRO CIA, LTDA,	J	1	1	5				3,001E+12	4452,48	3639,08	6/3/2026	4/6/2026	4/6/2026	90	90	0	0	0	3639,08	0	0	0	0	0	0	0	0	0	0	0	4452,48
SR00535	31/5/2026	R	1,90089E+11	IMP, COM, EL HIERRO CIA, LTDA,	J	1	1	5				3,001E+12	1160,28	1145,15	19/5/2026	17/8/2026	17/8/2026	90	90	0	0	0	0	1145,15	0	0	0	0	0	0	0	0	0	0	1160,28
SR00535	31/5/2026	R	1,90089E+11	IMP, COM, EL HIERRO CIA, LTDA,	J	1	1	5				3,001E+12	103,88	98,37	22/4/2026	21/7/2026	21/7/2026	90	90	0	0	0	0	98,37	0	0	0	0	0	0	0	0	0	0	103,88
SR00535	31/5/2026	R	1,90089E+11	IMP, COM, EL HIERRO CIA, LTDA,	J	1	1	5				3,001E+12	197,7	191,72	24/4/2026	23/7/2026	23/7/2026	90	90	0	0	0	0	191,72	0	0	0	0	0	0	0	0	0	0	197,7
SR00535	31/5/2026	R	1,90089E+11	IMP, COM, EL HIERRO CIA, LTDA,	J	1	1	5				3,001E+12	1680,54	1566,11	4/5/2026	2/8/2026	2/8/2026	90	90	0	0	0	0	1566,11	0	0	0	0	0	0	0	0	0	0	1680,54
SR00535	31/5/2026	R	1,90089E+11	IMP, COM, EL HIERRO CIA, LTDA,	J	1	1	5				3,001E+12	105,37	104	26/3/2026	24/6/2026	24/6/2026	90	90	0	0	0	104	0	0	0	0	0	0	0	0	0	0	0	105,37
SR00535	31/5/2026	R	1,90089E+11	IMP, COM, EL HIERRO CIA, LTDA,	J	1	1	5				3,001E+12	550,32	543,14	9/4/2026	8/7/2026	8/7/2026	90	90	0	0	0	0	543,14	0	0	0	0	0	0	0	0	0	0	550,32
SR00535	31/5/2026	R	1,90089E+11	IMP, COM, EL HIERRO CIA, LTDA,	J	1	1	5				3,001E+12	263,27	240,82	25/3/2026	23/6/2026	23/6/2026	90	90	0	0	0	240,82	0	0	0	0	0	0	0	0	0	0	0	263,27
SR00535	31/5/2026	R	1,90089E+11	IMP, COM, EL HIERRO CIA, LTDA,	J	1	1	5				3,001E+12	4452,48	3639,08	5/3/2026	3/6/2026	3/6/2026	90	90	0	0	0	3639,08	0	0	0	0	0	0	0	0	0	0	0	4452,48
SR00535	31/5/2026	R	1,90089E+11	IMP, COM, EL HIERRO CIA, LTDA,	J	1	1	5				3,001E+12	661,42	599,92	8/4/2026	7/7/2026	7/7/2026	90	90	0	0	0	0	599,92	0	0	0	0	0	0	0	0	0	0	661,42
SR00535	31/5/2026	R	1,90089E+11	IMP, COM, EL HIERRO CIA, LTDA,	J	1	1	5				3,001E+12	5268,86	5200,14	29/4/2026	28/7/2026	28/7/2026	90	90	0	0	0	0	5200,14	0	0	0	0	0	0	0	0	0	0	5268,86
SR00535	31/5/2026	R	1,90089E+11	IMP, COM, EL HIERRO CIA, LTDA,	J	1	1	5				3,001E+12	1978,87	1918,94	28/4/2026	27/7/2026	27/7/2026	90	90	0	0	0	0	1918,94	0	0	0	0	0	0	0	0	0	0	1978,87
SR00535	31/5/2026	R	1,90089E+11	IMP, COM, EL HIERRO CIA, LTDA,	J	1	1	5				3,001E+12	2068,38	1832,72	24/3/2026	22/6/2026	22/6/2026	90	90	0	0	0	1832,72	0	0	0	0	0	0	0	0	0	0	0	2068,38
SR00535	31/5/2026	R	1,90089E+11	IMP, COM, EL HIERRO CIA, LTDA,	J	1	1	5				3,001E+12	3328,72	2720,62	5/3/2026	3/6/2026	3/6/2026	90	90	0	0	0	2720,62	0	0	0	0	0	0	0	0	0	0	0	3328,72
SR00535	31/5/2026	R	1,90089E+11	IMP, COM, EL HIERRO CIA, LTDA,	J	1	1	5				3,001E+12	2107,29	2079,8	2/4/2026	1/7/2026	1/7/2026	90	90	0	0	0	0	2079,8	0	0	0	0	0	0	0	0	0	0	2107,29
SR00535	31/5/2026	R	1,90089E+11	IMP, COM, EL HIERRO CIA, LTDA,	J	1	1	5				3,001E+12	156,09	142,77	25/3/2026	23/6/2026	23/6/2026	90	90	0	0	0	142,77	0	0	0	0	0	0	0	0	0	0	0	156,09
SR00535	31/5/2026	R	1,90089E+11	IMP, COM, EL HIERRO CIA, LTDA,	J	1	1	5				3,001E+12	6701,42	2783,04	7/5/2026	5/8/2026	5/8/2026	90	90	0	0	0	0	2783,04	0	0	0	0	0	0	0	0	0	0	6701,42
SR00535	31/5/2026	R	1,90089E+11	IMP, COM, EL HIERRO CIA, LTDA,	J	1	1	5				3,001E+12	127,57	115,28	2/4/2026	1/7/2026	1/7/2026	90	90	0	0	0	0	115,28	0	0	0	0	0	0	0	0	0	0	127,57
SR00535	31/5/2026	R	1,90089E+11	IMP, COM, EL HIERRO CIA, LTDA,	J	1	1	5				3,001E+12	5522,14	4513,33	13/3/2026	11/6/2026	11/6/2026	90	90	0	0	0	4513,33	0	0	0	0	0	0	0	0	0	0	0	5522,14
SR00535	31/5/2026	R	1,90089E+11	IMP, COM, EL HIERRO CIA, LTDA,	J	1	1	5				3,001E+12	764,26	754,29	20/5/2026	18/8/2026	18/8/2026	90	90	0	0	0	0	754,29	0	0	0	0	0	0	0	0	0	0	764,26
SR00535	31/5/2026	R	1,90089E+11	IMP, COM, EL HIERRO CIA, LTDA,	J	1	1	5				2,001E+12	1932,29	1907,09	17/3/2026	15/6/2026	15/6/2026	90	90	0	0	0	1907,09	0	0	0	0	0	0	0	0	0	0	0	1932,29
SR00535	31/5/2026	R	1,90089E+11	IMP, COM, EL HIERRO CIA, LTDA,	J	1	1	5				2,001E+12	597,29	589,5	27/3/2026	25/6/2026	25/6/2026	90	90	0	0	0	589,5	0	0	0	0	0	0	0	0	0	0	0	597,29
SR00535	31/5/2026	R	1,90089E+11	IMP, COM, EL HIERRO CIA, LTDA,	J	1	1	5				3,001E+12	665,75	657,07	21/5/2026	19/8/2026	19/8/2026	90	90	0	0	0	0	657,07	0	0	0	0	0	0	0	0	0	0	665,75
SR00535	31/5/2026	R	1,90089E+11	IMP, COM, EL HIERRO CIA, LTDA,	J	1	1	5				3,001E+12	1373,8	1294,52	25/3/2026	23/6/2026	23/6/2026	90	90	0	0	0	1294,52	0	0	0	0	0	0	0	0	0	0	0	1373,8
SR00535	31/5/2026	R	1,90089E+11	IMP, COM, EL HIERRO CIA, LTDA,	J	1	1	5				3,001E+12	7061,7	6847,84	28/4/2026	27/7/2026	27/7/2026	90	90	0	0	0	0	6847,84	0	0	0	0	0	0	0	0	0	0	7061,7
SR00535	31/5/2026	R	1,90089E+11	IMP, COM, EL HIERRO CIA, LTDA,	J	1	1	5				3,001E+12	210,09	192,17	25/3/2026	23/6/2026	23/6/2026	90	90	0	0	0	192,17	0	0	0	0	0	0	0	0	0	0	0	210,09
SR00535	31/5/2026	R	1,90089E+11	IMP, COM, EL HIERRO CIA, LTDA,	J	1	1	5				3,001E+12	696,07	686,99	18/3/2026	16/6/2026	16/6/2026	90	90	0	0	0	686,99	0	0	0	0	0	0	0	0	0	0	0	696,07
SR00535	31/5/2026	R	1,90089E+11	IMP, COM, EL HIERRO CIA, LTDA,	J	1	1	5				3,001E+12	3293,89	3250,93	24/4/2026	23/7/2026	23/7/2026	90	90	0	0	0	0	3250,93	0	0	0	0	0	0	0	0	0	0	3293,89
SR00535	31/5/2026	R	1,90089E+11	IMP, COM, EL HIERRO CIA, LTDA,	J	1	1	5				3,001E+12	526,88	520,01	5/5/2026	3/8/2026	3/8/2026	90	90	0	0	0	0	520,01	0	0	0	0	0	0	0	0	0	0	526,88
SR00535	31/5/2026	R	1,90089E+11	IMP, COM, EL HIERRO CIA, LTDA,	J	1	1	5				3,001E+12	425,24	384,26	5/4/2026	4/7/2026	4/7/2026	90	90	0	0	0	0	384,26	0	0	0	0	0	0	0	0	0	0	425,24
SR00535	31/5/2026	R	1,90089E+11	IMP, COM, EL HIERRO CIA, LTDA,	J	1	1	5				3,001E+12	1447,77	1428,89	21/5/2026	19/8/2026	19/8/2026	90	90	0	0	0	0	1428,89	0	0	0	0	0	0	0	0	0	0	1447,77
SR00535	31/5/2026	R	1,90089E+11	IMP, COM, EL HIERRO CIA, LTDA,	J	1	1	5				3,001E+12	428,75	387,43	18/4/2026	17/7/2026	17/7/2026	90	90	0	0	0	0	387,43	0	0	0	0	0	0	0	0	0	0	428,75
SR00535	31/5/2026	R	1,90089E+11	IMP, COM, EL HIERRO CIA, LTDA,	J	1	1	5				3,001E+12	1220,46	1204,54	7/5/2026	5/8/2026	5/8/2026	90	90	0	0	0	0	1204,54	0	0	0	0	0	0	0	0	0	0	1220,46
SR00535	31/5/2026	R	1,90089E+11	IMP, COM, EL HIERRO CIA, LTDA,	J	1	1	5				2,001E+12	1498,46	1478,91	23/3/2026	21/6/2026	21/6/2026	90	90	0	0	0	1478,91	0	0	0	0	0	0	0	0	0	0	0	1498,46
SR00535	31/5/2026	R	1,90089E+11	IMP, COM, EL HIERRO CIA, LTDA,	J	1	1	5				3,001E+12	4141,6	3385	9/3/2026	7/6/2026	7/6/2026	90	90	0	0	0	3385	0	0	0	0	0	0	0	0	0	0	0	4141,6
SR00535	31/5/2026	R	1,90089E+11	IMP, COM, EL HIERRO CIA, LTDA,	J	1	1	5				3,001E+12	316,14	312,02	25/3/2026	23/6/2026	23/6/2026	90	90	0	0	0	312,02	0	0	0	0	0	0	0	0	0	0	0	316,14
SR00535	31/5/2026	R	1,90089E+11	IMP, COM, EL HIERRO CIA, LTDA,	J	1	1	5				3,001E+12	87,76	80,27	26/3/2026	24/6/2026	24/6/2026	90	90	0	0	0	80,27	0	0	0	0	0	0	0	0	0	0	0	87,76
SR00535	31/5/2026	R	1,90089E+11	IMP, COM, EL HIERRO CIA, LTDA,	J	1	1	5				3,001E+12	3161,32	3120,08	25/3/2026	23/6/2026	23/6/2026	90	90	0	0	0	3120,08	0	0	0	0	0	0	0	0	0	0	0	3161,32
SR00535	31/5/2026	R	1,90089E+11	IMP, COM, EL HIERRO CIA, LTDA,	J	1	1	5				3,001E+12	2250,29	2220,94	18/4/2026	17/7/2026	17/7/2026	90	90	0	0	0	0	2220,94	0	0	0	0	0	0	0	0	0	0	2250,29
SR00535	31/5/2026	R	1,90089E+11	IMP, COM, EL HIERRO CIA, LTDA,	J	1	1	5				3,001E+12	910,37	822,63	8/4/2026	7/7/2026	7/7/2026	90	90	0	0	0	0	822,63	0	0	0	0	0	0	0	0	0	0	910,37
SR00535	31/5/2026	R	1,90089E+11	IMP, COM, EL HIERRO CIA, LTDA,	J	1	1	5				3,001E+12	1032,31	1018,84	11/5/2026	9/8/2026	9/8/2026	90	90	0	0	0	0	1018,84	0	0	0	0	0	0	0	0	0	0	1032,31
SR00535	31/5/2026	R	1,90089E+11	IMP, COM, EL HIERRO CIA, LTDA,	J	1	1	5				3,001E+12	1244,47	1228,24	28/5/2026	26/8/2026	26/8/2026	90	90	0	0	0	0	1228,24	0	0	0	0	0	0	0	0	0	0	1244,47
SR00535	31/5/2026	R	1,90089E+11	IMP, COM, EL HIERRO CIA, LTDA,	J	1	1	5				3,001E+12	5133,43	4889,47	11/5/2026	9/8/2026	9/8/2026	90	90	0	0	0	0	4889,47	0	0	0	0	0	0	0	0	0	0	5133,43
SR00535	31/5/2026	R	1,90089E+11	IMP, COM, EL HIERRO CIA, LTDA,	J	1	1	5				3,001E+12	4998,48	4933,28	21/5/2026	19/8/2026	19/8/2026	90	90	0	0	0	0	4933,28	0	0	0	0	0	0	0	0	0	0	4998,48
SR00535	31/5/2026	R	1,90089E+11	IMP, COM, EL HIERRO CIA, LTDA,	J	1	1	5				3,001E+12	7789,66	7688,06	20/5/2026	18/8/2026	18/8/2026	90	90	0	0	0	0	7688,06	0	0	0	0	0	0	0	0	0	0	7789,66
SR00535	31/5/2026	R	1,90089E+11	IMP, COM, EL HIERRO CIA, LTDA,	J	1	1	5				3,001E+12	1191,45	1175,91	29/5/2026	27/8/2026	27/8/2026	90	90	0	0	0	0	1175,91	0	0	0	0	0	0	0	0	0	0	1191,45
SR00535	31/5/2026	R	1,90089E+11	IMP, COM, EL HIERRO CIA, LTDA,	J	1	1	5				3,001E+12	171,95	169,71	23/4/2026	22/7/2026	22/7/2026	90	90	0	0	0	0	169,71	0	0	0	0	0	0	0	0	0	0	171,95
SR00535	31/5/2026	R	1,90089E+11	IMP, COM, EL HIERRO CIA, LTDA,	J	1	1	5				3,001E+12	1812,92	1789,27	24/4/2026	23/7/2026	23/7/2026	90	90	0	0	0	0	1789,27	0	0	0	0	0	0	0	0	0	0	1812,92
SR00535	31/5/2026	R	1,90089E+11	IMP, COM, EL HIERRO CIA, LTDA,	J	1	1	5				3,001E+12	148,26	134,66	21/4/2026	20/7/2026	20/7/2026	90	90	0	0	0	0	134,66	0	0	0	0	0	0	0	0	0	0	148,26
SR00535	31/5/2026	R	1,90089E+11	IMP, COM, EL HIERRO CIA, LTDA,	J	1	1	5				3,001E+12	407,91	402,59	21/4/2026	20/7/2026	20/7/2026	90	90	0	0	0	0	402,59	0	0	0	0	0	0	0	0	0	0	407,91
SR00535	31/5/2026	R	1,90089E+11	IMP, COM, EL HIERRO CIA, LTDA,	J	1	1	5				3,001E+12	134,16	122,7	8/4/2026	7/7/2026	7/7/2026	90	90	0	0	0	0	122,7	0	0	0	0	0	0	0	0	0	0	134,16
SR00535	31/5/2026	R	1,90089E+11	IMP, COM, EL HIERRO CIA, LTDA,	J	1	1	5				3,001E+12	2145,81	2079,51	10/3/2026	8/6/2026	8/6/2026	90	90	0	0	0	2079,51	0	0	0	0	0	0	0	0	0	0	0	2145,81
SR00535	31/5/2026	R	1,90089E+11	IMP, COM, EL HIERRO CIA, LTDA,	J	1	1	5				3,001E+12	125,75	113,63	8/4/2026	7/7/2026	7/7/2026	90	90	0	0	0	0	113,63	0	0	0	0	0	0	0	0	0	0	125,75
SR00535	31/5/2026	R	1,90089E+11	IMP, COM, EL HIERRO CIA, LTDA,	J	1	1	5				3,001E+12	10007,78	8179,52	13/3/2026	11/6/2026	11/6/2026	90	90	0	0	0	8179,52	0	0	0	0	0	0	0	0	0	0	0	10007,78
SR00535	31/5/2026	R	1,90089E+11	IMP, COM, EL HIERRO CIA, LTDA,	J	1	1	5				1,001E+12	2808,77	2772,13	16/4/2026	15/7/2026	15/7/2026	90	90	0	0	0	0	2772,13	0	0	0	0	0	0	0	0	0	0	2808,77
SR00535	31/5/2026	R	1,90089E+11	IMP, COM, EL HIERRO CIA, LTDA,	J	1	1	5				3,001E+12	313,95	283,69	25/3/2026	23/6/2026	23/6/2026	90	90	0	0	0	283,69	0	0	0	0	0	0	0	0	0	0	0	313,95
SR00535	31/5/2026	R	1,90089E+11	IMP, COM, EL HIERRO CIA, LTDA,	J	1	1	5				1,001E+12	2922,76	2834,25	28/4/2026	27/7/2026	27/7/2026	90	90	0	0	0	0	2834,25	0	0	0	0	0	0	0	0	0	0	2922,76
SR00535	31/5/2026	R	1,90089E+11	IMP, COM, EL HIERRO CIA, LTDA,	J	1	1	5				3,001E+12	8623,31	7047,97	13/3/2026	11/6/2026	11/6/2026	90	90	0	0	0	7047,97	0	0	0	0	0	0	0	0	0	0	0	8623,31
SR00535	31/5/2026	R	1,90089E+11	IMP, COM, EL HIERRO CIA, LTDA,	J	1	1	5				3,001E+12	1939,36	1752,45	25/3/2026	23/6/2026	23/6/2026	90	90	0	0	0	1752,45	0	0	0	0	0	0	0	0	0	0	0	1939,36
SR00535	31/5/2026	R	1,90089E+11	IMP, COM, EL HIERRO CIA, LTDA,	J	1	1	5				3,001E+12	434,39	428,72	23/3/2026	21/6/2026	21/6/2026	90	90	0	0	0	428,72	0	0	0	0	0	0	0	0	0	0	0	434,39
SR00535	31/5/2026	R	1,90089E+11	IMP, COM, EL HIERRO CIA, LTDA,	J	1	1	5				3,001E+12	84,41	83,31	22/4/2026	21/7/2026	21/7/2026	90	90	0	0	0	0	83,31	0	0	0	0	0	0	0	0	0	0	84,41
SR00535	31/5/2026	R	1,90089E+11	IMP, COM, EL HIERRO CIA, LTDA,	J	1	1	5				3,001E+12	100,65	99,34	24/3/2026	22/6/2026	22/6/2026	90	90	0	0	0	99,34	0	0	0	0	0	0	0	0	0	0	0	100,65
SR00535	31/5/2026	R	1,90089E+11	IMP, COM, EL HIERRO CIA, LTDA,	J	1	1	5				3,001E+12	7826,64	6396,84	18/3/2026	16/6/2026	16/6/2026	90	90	0	0	0	6396,84	0	0	0	0	0	0	0	0	0	0	0	7826,64
SR00535	31/5/2026	R	1,90089E+11	IMP, COM, EL HIERRO CIA, LTDA,	J	1	1	5				3,001E+12	1384,61	1366,55	5/4/2026	4/7/2026	4/7/2026	90	90	0	0	0	0	1366,55	0	0	0	0	0	0	0	0	0	0	1384,61
SR00535	31/5/2026	R	1,90089E+11	IMP, COM, EL HIERRO CIA, LTDA,	J	1	1	5				3,001E+12	99,46	90,97	9/3/2026	7/6/2026	7/6/2026	90	90	0	0	0	90,97	0	0	0	0	0	0	0	0	0	0	0	99,46
SR00535	31/5/2026	R	1,90089E+11	IMP, COM, EL HIERRO CIA, LTDA,	J	1	1	5				3,001E+12	4263,45	4207,84	26/3/2026	24/6/2026	24/6/2026	90	90	0	0	0	4207,84	0	0	0	0	0	0	0	0	0	0	0	4263,45
SR00535	31/5/2026	R	1,90089E+11	IMP, COM, EL HIERRO CIA, LTDA,	J	1	1	5				3,001E+12	271,49	267,95	9/3/2026	7/6/2026	7/6/2026	90	90	0	0	0	267,95	0	0	0	0	0	0	0	0	0	0	0	271,49
SR00535	31/5/2026	R	1,90089E+11	IMP, COM, EL HIERRO CIA, LTDA,	J	1	1	5				3,001E+12	453,24	447,33	4/5/2026	2/8/2026	2/8/2026	90	90	0	0	0	0	447,33	0	0	0	0	0	0	0	0	0	0	453,24
SR00535	31/5/2026	R	1,90089E+11	IMP, COM, EL HIERRO CIA, LTDA,	J	1	1	5				3,001E+12	2348,14	2303,63	21/5/2026	19/8/2026	19/8/2026	90	90	0	0	0	0	2303,63	0	0	0	0	0	0	0	0	0	0	2348,14
SR00535	31/5/2026	R	1,90089E+11	IMP, COM, EL HIERRO CIA, LTDA,	J	1	1	5				3,001E+12	424,58	419,04	9/3/2026	7/6/2026	7/6/2026	90	90	0	0	0	419,04	0	0	0	0	0	0	0	0	0	0	0	424,58
SR00535	31/5/2026	R	1,90089E+11	IMP, COM, EL HIERRO CIA, LTDA,	J	1	1	5				3,001E+12	2198,8	2156,76	24/3/2026	22/6/2026	22/6/2026	90	90	0	0	0	2156,76	0	0	0	0	0	0	0	0	0	0	0	2198,8
SR00535	31/5/2026	R	1,90089E+11	IMP, COM, EL HIERRO CIA, LTDA,	J	1	1	5				2,001E+12	277,75	250,98	18/3/2026	16/6/2026	16/6/2026	90	90	0	0	0	250,98	0	0	0	0	0	0	0	0	0	0	0	277,75
SR00535	31/5/2026	R	1,90089E+11	IMP, COM, EL HIERRO CIA, LTDA,	J	1	1	5				3,001E+12	3046,91	3007,17	26/3/2026	24/6/2026	24/6/2026	90	90	0	0	0	3007,17	0	0	0	0	0	0	0	0	0	0	0	3046,91
SR00535	31/5/2026	R	1,90089E+11	IMP, COM, EL HIERRO CIA, LTDA,	J	1	1	5				3,001E+12	95,86	94,61	15/4/2026	14/7/2026	14/7/2026	90	90	0	0	0	0	94,61	0	0	0	0	0	0	0	0	0	0	95,86
SR00535	31/5/2026	R	1,90089E+11	IMP, COM, EL HIERRO CIA, LTDA,	J	1	1	5				3,001E+12	1231,28	1215,22	10/4/2026	9/7/2026	9/7/2026	90	90	0	0	0	0	1215,22	0	0	0	0	0	0	0	0	0	0	1231,28
SR00535	31/5/2026	R	1,90089E+11	IMP, COM, EL HIERRO CIA, LTDA,	J	1	1	5				2,001E+12	526,88	520,01	17/3/2026	15/6/2026	15/6/2026	90	90	0	0	0	520,01	0	0	0	0	0	0	0	0	0	0	0	526,88
SR00535	31/5/2026	R	1,90089E+11	IMP, COM, EL HIERRO CIA, LTDA,	J	1	1	5				3,001E+12	21810,69	21526,2	25/3/2026	23/6/2026	23/6/2026	90	90	0	0	0	21526,2	0	0	0	0	0	0	0	0	0	0	0	21810,69
SR00535	31/5/2026	R	1,90089E+11	IMP, COM, EL HIERRO CIA, LTDA,	J	1	1	5				3,001E+12	228,7	209,19	23/3/2026	21/6/2026	21/6/2026	90	90	0	0	0	209,19	0	0	0	0	0	0	0	0	0	0	0	228,7
SR00535	31/5/2026	R	1,90089E+11	IMP, COM, EL HIERRO CIA, LTDA,	J	1	1	5				3,001E+12	2201,31	2172,6	10/4/2026	9/7/2026	9/7/2026	90	90	0	0	0	0	2172,6	0	0	0	0	0	0	0	0	0	0	2201,31
SR00535	31/5/2026	R	1,90089E+11	IMP, COM, EL HIERRO CIA, LTDA,	J	1	1	5				3,001E+12	4955,79	4050,44	6/3/2026	4/6/2026	4/6/2026	90	90	0	0	0	4050,44	0	0	0	0	0	0	0	0	0	0	0	4955,79
SR00535	31/5/2026	R	1,90089E+11	IMP, COM, EL HIERRO CIA, LTDA,	J	1	1	5				3,001E+12	749,5	739,72	12/3/2026	10/6/2026	10/6/2026	90	90	0	0	0	739,72	0	0	0	0	0	0	0	0	0	0	0	749,5
SR00535	31/5/2026	R	1,90089E+11	IMP, COM, EL HIERRO CIA, LTDA,	J	1	1	5				3,001E+12	1571,19	1550,7	15/4/2026	14/7/2026	14/7/2026	90	90	0	0	0	0	1550,7	0	0	0	0	0	0	0	0	0	0	1571,19
SR00535	31/5/2026	R	1,90089E+11	IMP, COM, EL HIERRO CIA, LTDA,	J	1	1	5				3,001E+12	873,66	862,26	28/5/2026	26/8/2026	26/8/2026	90	90	0	0	0	0	862,26	0	0	0	0	0	0	0	0	0	0	873,66
SR00535	31/5/2026	R	1,90089E+11	IMP, COM, EL HIERRO CIA, LTDA,	J	1	1	5				3,001E+12	212,29	209,52	16/3/2026	14/6/2026	14/6/2026	90	90	0	0	0	209,52	0	0	0	0	0	0	0	0	0	0	0	212,29
SR00535	31/5/2026	R	1,90089E+11	IMP, COM, EL HIERRO CIA, LTDA,	J	1	1	5				1,001E+12	2305,75	2196,17	8/5/2026	6/8/2026	6/8/2026	90	90	0	0	0	0	2196,17	0	0	0	0	0	0	0	0	0	0	2305,75
SR00535	31/5/2026	R	1,90089E+11	IMP, COM, EL HIERRO CIA, LTDA,	J	1	1	5				2,001E+12	3907,99	3194,07	10/3/2026	8/6/2026	8/6/2026	90	90	0	0	0	3194,07	0	0	0	0	0	0	0	0	0	0	0	3907,99
SR00535	31/5/2026	R	1,90089E+11	IMP, COM, EL HIERRO CIA, LTDA,	J	1	1	5				3,001E+12	8158,28	7911,21	24/4/2026	23/7/2026	23/7/2026	90	90	0	0	0	0	7911,21	0	0	0	0	0	0	0	0	0	0	8158,28
SR00535	31/5/2026	R	1,90089E+11	IMP, COM, EL HIERRO CIA, LTDA,	J	1	1	5				3,001E+12	2266,14	2236,58	27/4/2026	26/7/2026	26/7/2026	90	90	0	0	0	0	2236,58	0	0	0	0	0	0	0	0	0	0	2266,14
SR00535	31/5/2026	R	1,90089E+11	IMP, COM, EL HIERRO CIA, LTDA,	J	1	1	5				3,001E+12	201,3	198,67	20/3/2026	18/6/2026	18/6/2026	90	90	0	0	0	198,67	0	0	0	0	0	0	0	0	0	0	0	201,3
SR00535	31/5/2026	R	1,90089E+11	IMP, COM, EL HIERRO CIA, LTDA,	J	1	1	5				3,001E+12	3411,56	3367,06	28/5/2026	26/8/2026	26/8/2026	90	90	0	0	0	0	3367,06	0	0	0	0	0	0	0	0	0	0	3411,56
SR00535	31/5/2026	R	1,90089E+11	IMP, COM, EL HIERRO CIA, LTDA,	J	1	1	5				3,001E+12	7919,29	7534,41	14/4/2026	13/7/2026	13/7/2026	90	90	0	0	0	0	7534,41	0	0	0	0	0	0	0	0	0	0	7919,29
SR00535	31/5/2026	R	1,90089E+11	IMP, COM, EL HIERRO CIA, LTDA,	J	1	1	5				3,001E+12	85,05	76,86	7/4/2026	6/7/2026	6/7/2026	90	90	0	0	0	0	76,86	0	0	0	0	0	0	0	0	0	0	85,05
SR00535	31/5/2026	R	1,90089E+11	IMP, COM, EL HIERRO CIA, LTDA,	J	1	1	5				3,001E+12	281,04	253,96	25/3/2026	23/6/2026	23/6/2026	90	90	0	0	0	253,96	0	0	0	0	0	0	0	0	0	0	0	281,04
SR00535	31/5/2026	R	1,90089E+11	IMP, COM, EL HIERRO CIA, LTDA,	J	1	1	5				3,001E+12	828,85	792,88	5/5/2026	3/8/2026	3/8/2026	90	90	0	0	0	0	792,88	0	0	0	0	0	0	0	0	0	0	828,85
SR00535	31/5/2026	R	1,90089E+11	IMP, COM, EL HIERRO CIA, LTDA,	J	1	1	5				3,001E+12	2275,52	2245,84	14/5/2026	12/8/2026	12/8/2026	90	90	0	0	0	0	2245,84	0	0	0	0	0	0	0	0	0	0	2275,52
SR00535	31/5/2026	R	1,90089E+11	IMP, COM, EL HIERRO CIA, LTDA,	J	1	1	5				3,001E+12	206,75	204,05	27/4/2026	26/7/2026	26/7/2026	90	90	0	0	0	0	204,05	0	0	0	0	0	0	0	0	0	0	206,75
SR00535	31/5/2026	R	1,90089E+11	IMP, COM, EL HIERRO CIA, LTDA,	J	1	1	5				3,001E+12	5868,01	5791,47	28/4/2026	27/7/2026	27/7/2026	90	90	0	0	0	0	5791,47	0	0	0	0	0	0	0	0	0	0	5868,01
SR00535	31/5/2026	R	1,90089E+11	IMP, COM, EL HIERRO CIA, LTDA,	J	1	1	5				2,001E+12	402,63	363,83	17/3/2026	15/6/2026	15/6/2026	90	90	0	0	0	363,83	0	0	0	0	0	0	0	0	0	0	0	402,63
SR00535	31/5/2026	R	1,90089E+11	IMP, COM, EL HIERRO CIA, LTDA,	J	1	1	5				3,001E+12	873,66	862,26	29/5/2026	27/8/2026	27/8/2026	90	90	0	0	0	0	862,26	0	0	0	0	0	0	0	0	0	0	873,66
SR00535	31/5/2026	R	1,90089E+11	IMP, COM, EL HIERRO CIA, LTDA,	J	1	1	5				3,001E+12	428,75	387,43	23/4/2026	22/7/2026	22/7/2026	90	90	0	0	0	0	387,43	0	0	0	0	0	0	0	0	0	0	428,75
SR00535	31/5/2026	R	1,90089E+11	IMP, COM, EL HIERRO CIA, LTDA,	J	1	1	5				2,001E+12	210,09	192,17	9/3/2026	7/6/2026	7/6/2026	90	90	0	0	0	192,17	0	0	0	0	0	0	0	0	0	0	0	210,09
SR00535	31/5/2026	R	1,90089E+11	IMP, COM, EL HIERRO CIA, LTDA,	J	1	1	5				3,001E+12	76,62	75,62	11/5/2026	9/8/2026	9/8/2026	90	90	0	0	0	0	75,62	0	0	0	0	0	0	0	0	0	0	76,62
SR00535	31/5/2026	R	1,90089E+11	IMP, COM, EL HIERRO CIA, LTDA,	J	1	1	5				3,001E+12	435,61	429,93	9/3/2026	7/6/2026	7/6/2026	90	90	0	0	0	429,93	0	0	0	0	0	0	0	0	0	0	0	435,61
SR00535	31/5/2026	R	1,90089E+11	IMP, COM, EL HIERRO CIA, LTDA,	J	1	1	5				3,001E+12	5861,49	5785,04	26/3/2026	24/6/2026	24/6/2026	90	90	0	0	0	5785,04	0	0	0	0	0	0	0	0	0	0	0	5861,49
SR00535	31/5/2026	R	1,90089E+11	IMP, COM, EL HIERRO CIA, LTDA,	J	1	1	5				3,001E+12	9544,1	7800,55	16/3/2026	14/6/2026	14/6/2026	90	90	0	0	0	7800,55	0	0	0	0	0	0	0	0	0	0	0	9544,1
SR00535	31/5/2026	R	1,90089E+11	IMP, COM, EL HIERRO CIA, LTDA,	J	1	1	5				3,001E+12	886,2	874,64	5/5/2026	3/8/2026	3/8/2026	90	90	0	0	0	0	874,64	0	0	0	0	0	0	0	0	0	0	886,2
SR00535	31/5/2026	R	1,90089E+11	IMP, COM, EL HIERRO CIA, LTDA,	J	1	1	5				3,001E+12	1500,55	1480,98	8/4/2026	7/7/2026	7/7/2026	90	90	0	0	0	0	1480,98	0	0	0	0	0	0	0	0	0	0	1500,55
SR00535	31/5/2026	R	1,90089E+11	IMP, COM, EL HIERRO CIA, LTDA,	J	1	1	5				3,001E+12	149,79	136,32	21/5/2026	19/8/2026	19/8/2026	90	90	0	0	0	0	136,32	0	0	0	0	0	0	0	0	0	0	149,79
SR00535	31/5/2026	R	1,90089E+11	IMP, COM, EL HIERRO CIA, LTDA,	J	1	1	5				3,001E+12	80,65	79,6	5/5/2026	3/8/2026	3/8/2026	90	90	0	0	0	0	79,6	0	0	0	0	0	0	0	0	0	0	80,65
SR00535	31/5/2026	R	1,90089E+11	IMP, COM, EL HIERRO CIA, LTDA,	J	1	1	5				3,001E+12	4719,89	4658,33	26/5/2026	24/8/2026	24/8/2026	90	90	0	0	0	0	4658,33	0	0	0	0	0	0	0	0	0	0	4719,89
SR00535	31/5/2026	R	1,90089E+11	IMP, COM, EL HIERRO CIA, LTDA,	J	1	1	5				3,001E+12	6817,26	6092,5	4/3/2026	2/6/2026	2/6/2026	90	90	0	0	0	6092,5	0	0	0	0	0	0	0	0	0	0	0	6817,26
SR00535	31/5/2026	R	1,90089E+11	IMP, COM, EL HIERRO CIA, LTDA,	J	1	1	5				3,001E+12	9646,97	8717,26	21/4/2026	20/7/2026	20/7/2026	90	90	0	0	0	0	8717,26	0	0	0	0	0	0	0	0	0	0	9646,97
SR00535	31/5/2026	R	1,90089E+11	IMP, COM, EL HIERRO CIA, LTDA,	J	1	1	5				3,001E+12	7826,64	6396,84	9/3/2026	7/6/2026	7/6/2026	90	90	0	0	0	6396,84	0	0	0	0	0	0	0	0	0	0	0	7826,64
SR00535	31/5/2026	R	1,90089E+11	IMP, COM, EL HIERRO CIA, LTDA,	J	1	1	5				3,001E+12	578,45	541,99	11/3/2026	9/6/2026	9/6/2026	90	90	0	0	0	541,99	0	0	0	0	0	0	0	0	0	0	0	578,45
SR00535	31/5/2026	R	1,90089E+11	IMP, COM, EL HIERRO CIA, LTDA,	J	1	1	5				3,001E+12	3450,24	3384,32	11/3/2026	9/6/2026	9/6/2026	90	90	0	0	0	3384,32	0	0	0	0	0	0	0	0	0	0	0	3450,24
SR00535	31/5/2026	R	1,90089E+11	IMP, COM, EL HIERRO CIA, LTDA,	J	1	1	5				3,001E+12	790,33	780,02	12/3/2026	10/6/2026	10/6/2026	90	90	0	0	0	780,02	0	0	0	0	0	0	0	0	0	0	0	790,33
SR00535	31/5/2026	R	1,90089E+11	IMP, COM, EL HIERRO CIA, LTDA,	J	1	1	5				3,001E+12	1288,2	1271,4	11/3/2026	9/6/2026	9/6/2026	90	90	0	0	0	1271,4	0	0	0	0	0	0	0	0	0	0	0	1288,2
SR00535	31/5/2026	R	1,90089E+11	IMP, COM, EL HIERRO CIA, LTDA,	J	1	1	5				3,001E+12	7250,51	7155,94	12/5/2026	10/8/2026	10/8/2026	90	90	0	0	0	0	7155,94	0	0	0	0	0	0	0	0	0	0	7250,51
SR00535	31/5/2026	R	1,90089E+11	IMP, COM, EL HIERRO CIA, LTDA,	J	1	1	5				3,001E+12	214,38	193,72	21/4/2026	20/7/2026	20/7/2026	90	90	0	0	0	0	193,72	0	0	0	0	0	0	0	0	0	0	214,38
SR00535	31/5/2026	R	1,90089E+11	IMP, COM, EL HIERRO CIA, LTDA,	J	1	1	5				3,001E+12	1071,88	968,58	21/4/2026	20/7/2026	20/7/2026	90	90	0	0	0	0	968,58	0	0	0	0	0	0	0	0	0	0	1071,88
SR00535	31/5/2026	R	1,90089E+11	IMP, COM, EL HIERRO CIA, LTDA,	J	1	1	5				3,001E+12	5863,97	5585,29	11/5/2026	9/8/2026	9/8/2026	90	90	0	0	0	0	5585,29	0	0	0	0	0	0	0	0	0	0	5863,97
SR00535	31/5/2026	R	1,90089E+11	IMP, COM, EL HIERRO CIA, LTDA,	J	1	1	5				3,001E+12	509,5	502,85	18/4/2026	17/7/2026	17/7/2026	90	90	0	0	0	0	502,85	0	0	0	0	0	0	0	0	0	0	509,5
SR00535	31/5/2026	R	1,90089E+11	IMP, COM, EL HIERRO CIA, LTDA,	J	1	1	5				3,001E+12	6364,02	6048,78	22/4/2026	21/7/2026	21/7/2026	90	90	0	0	0	0	6048,78	0	0	0	0	0	0	0	0	0	0	6364,02
SR00535	31/5/2026	R	1,90089E+11	IMP, COM, EL HIERRO CIA, LTDA,	J	1	1	5				3,001E+12	206,75	204,05	28/4/2026	27/7/2026	27/7/2026	90	90	0	0	0	0	204,05	0	0	0	0	0	0	0	0	0	0	206,75
SR00535	31/5/2026	R	1,90089E+11	IMP, COM, EL HIERRO CIA, LTDA,	J	1	1	5				3,001E+12	199,32	196,72	18/4/2026	17/7/2026	17/7/2026	90	90	0	0	0	0	196,72	0	0	0	0	0	0	0	0	0	0	199,32
SR00535	31/5/2026	R	1,90089E+11	IMP, COM, EL HIERRO CIA, LTDA,	J	1	1	5				3,001E+12	1260,52	1152,97	25/3/2026	23/6/2026	23/6/2026	90	90	0	0	0	1152,97	0	0	0	0	0	0	0	0	0	0	0	1260,52
SR00535	31/5/2026	R	1,90089E+11	IMP, COM, EL HIERRO CIA, LTDA,	J	1	1	5				3,001E+12	380,55	362,66	8/4/2026	7/7/2026	7/7/2026	90	90	0	0	0	0	362,66	0	0	0	0	0	0	0	0	0	0	380,55
SR00535	31/5/2026	R	1,90089E+11	IMP, COM, EL HIERRO CIA, LTDA,	J	1	1	5				3,001E+12	7353,97	6010,53	11/3/2026	9/6/2026	9/6/2026	90	90	0	0	0	6010,53	0	0	0	0	0	0	0	0	0	0	0	7353,97
SR00535	31/5/2026	R	1,90089E+11	IMP, COM, EL HIERRO CIA, LTDA,	J	1	1	5				3,001E+12	1133,07	1118,29	22/4/2026	21/7/2026	21/7/2026	90	90	0	0	0	0	1118,29	0	0	0	0	0	0	0	0	0	0	1133,07
SR00535	31/5/2026	R	1,90089E+11	IMP, COM, EL HIERRO CIA, LTDA,	J	1	1	5				3,001E+12	843,02	832,02	24/3/2026	22/6/2026	22/6/2026	90	90	0	0	0	832,02	0	0	0	0	0	0	0	0	0	0	0	843,02
SR00535	31/5/2026	R	1,90089E+11	IMP, COM, EL HIERRO CIA, LTDA,	J	1	1	5				3,001E+12	5268,86	5200,14	20/5/2026	18/8/2026	18/8/2026	90	90	0	0	0	0	5200,14	0	0	0	0	0	0	0	0	0	0	5268,86
SR00535	31/5/2026	R	1,90089E+11	IMP, COM, EL HIERRO CIA, LTDA,	J	1	1	5				3,001E+12	686,1	627,56	18/3/2026	16/6/2026	16/6/2026	90	90	0	0	0	627,56	0	0	0	0	0	0	0	0	0	0	0	686,1
SR00535	31/5/2026	R	1,90089E+11	IMP, COM, EL HIERRO CIA, LTDA,	J	1	1	5				3,001E+12	790,8	780,48	15/4/2026	14/7/2026	14/7/2026	90	90	0	0	0	0	780,48	0	0	0	0	0	0	0	0	0	0	790,8
SR00535	31/5/2026	R	1,90089E+11	IMP, COM, EL HIERRO CIA, LTDA,	J	1	1	5				3,001E+12	1829,89	1806,02	27/3/2026	25/6/2026	25/6/2026	90	90	0	0	0	1806,02	0	0	0	0	0	0	0	0	0	0	0	1829,89
SR00535	31/5/2026	R	1,90089E+11	IMP, COM, EL HIERRO CIA, LTDA,	J	1	1	5				3,001E+12	1655,87	1634,27	10/4/2026	9/7/2026	9/7/2026	90	90	0	0	0	0	1634,27	0	0	0	0	0	0	0	0	0	0	1655,87
SR00535	31/5/2026	R	1,90089E+11	IMP, COM, EL HIERRO CIA, LTDA,	J	1	1	5				3,001E+12	333,88	305,38	8/4/2026	7/7/2026	7/7/2026	90	90	0	0	0	0	305,38	0	0	0	0	0	0	0	0	0	0	333,88
SR00535	31/5/2026	R	1,90089E+11	IMP, COM, EL HIERRO CIA, LTDA,	J	1	1	5				3,001E+12	5273,31	5204,53	29/5/2026	27/8/2026	27/8/2026	90	90	0	0	0	0	5204,53	0	0	0	0	0	0	0	0	0	0	5273,31
SR00535	31/5/2026	R	1,90089E+11	IMP, COM, EL HIERRO CIA, LTDA,	J	1	1	5				3,001E+12	8106,18	8000,45	14/4/2026	13/7/2026	13/7/2026	90	90	0	0	0	0	8000,45	0	0	0	0	0	0	0	0	0	0	8106,18
SR00535	31/5/2026	R	1,90089E+11	IMP, COM, EL HIERRO CIA, LTDA,	J	1	1	5				3,001E+12	211,83	193,76	10/4/2026	9/7/2026	9/7/2026	90	90	0	0	0	0	193,76	0	0	0	0	0	0	0	0	0	0	211,83
SR00535	31/5/2026	R	1,90089E+11	IMP, COM, EL HIERRO CIA, LTDA,	J	1	1	5				3,001E+12	4425,84	4368,11	19/3/2026	17/6/2026	17/6/2026	90	90	0	0	0	4368,11	0	0	0	0	0	0	0	0	0	0	0	4425,84
SR00535	31/5/2026	R	1,90089E+11	IMP, COM, EL HIERRO CIA, LTDA,	J	1	1	5				3,001E+12	1586,3	1565,61	4/5/2026	2/8/2026	2/8/2026	90	90	0	0	0	0	1565,61	0	0	0	0	0	0	0	0	0	0	1586,3
SR00535	31/5/2026	R	1,90089E+11	IMP, COM, EL HIERRO CIA, LTDA,	J	1	1	5				3,001E+12	4677,77	4616,76	16/4/2026	15/7/2026	15/7/2026	90	90	0	0	0	0	4616,76	0	0	0	0	0	0	0	0	0	0	4677,77
SR00535	31/5/2026	R	1,90089E+11	IMP, COM, EL HIERRO CIA, LTDA,	J	1	1	5				3,001E+12	551,48	544,29	18/3/2026	16/6/2026	16/6/2026	90	90	0	0	0	544,29	0	0	0	0	0	0	0	0	0	0	0	551,48
SR00535	31/5/2026	R	1,90089E+11	IMP, COM, EL HIERRO CIA, LTDA,	J	1	1	5				3,001E+12	2052,95	2026,17	12/5/2026	10/8/2026	10/8/2026	90	90	0	0	0	0	2026,17	0	0	0	0	0	0	0	0	0	0	2052,95
SR00535	31/5/2026	R	1,90089E+11	IMP, COM, EL HIERRO CIA, LTDA,	J	1	1	5				3,001E+12	3913,31	3198,42	17/3/2026	15/6/2026	15/6/2026	90	90	0	0	0	3198,42	0	0	0	0	0	0	0	0	0	0	0	3913,31
SR00535	31/5/2026	R	1,90089E+11	IMP, COM, EL HIERRO CIA, LTDA,	J	1	1	5				3,001E+12	2159,63	2094,23	23/4/2026	22/7/2026	22/7/2026	90	90	0	0	0	0	2094,23	0	0	0	0	0	0	0	0	0	0	2159,63
SR00535	31/5/2026	R	1,90089E+11	IMP, COM, EL HIERRO CIA, LTDA,	J	1	1	5				3,001E+12	99,46	90,97	12/3/2026	10/6/2026	10/6/2026	90	90	0	0	0	90,97	0	0	0	0	0	0	0	0	0	0	0	99,46
SR00535	31/5/2026	R	1,90089E+11	IMP, COM, EL HIERRO CIA, LTDA,	J	1	1	5				3,001E+12	10730,36	9824,04	27/5/2026	25/8/2026	25/8/2026	90	90	0	0	0	0	9824,04	0	0	0	0	0	0	0	0	0	0	10730,36
SR00535	31/5/2026	R	1,90089E+11	IMP, COM, EL HIERRO CIA, LTDA,	J	1	1	5				3,001E+12	4617,46	3773,93	16/3/2026	14/6/2026	14/6/2026	90	90	0	0	0	3773,93	0	0	0	0	0	0	0	0	0	0	0	4617,46
SR00535	31/5/2026	R	1,90089E+11	IMP, COM, EL HIERRO CIA, LTDA,	J	1	1	5				3,001E+12	3883,64	3832,98	11/5/2026	9/8/2026	9/8/2026	90	90	0	0	0	0	3832,98	0	0	0	0	0	0	0	0	0	0	3883,64
SR00535	31/5/2026	R	1,90089E+11	IMP, COM, EL HIERRO CIA, LTDA,	J	1	1	5				3,001E+12	958,66	946,16	5/5/2026	3/8/2026	3/8/2026	90	90	0	0	0	0	946,16	0	0	0	0	0	0	0	0	0	0	958,66
SR00535	31/5/2026	R	1,90089E+11	IMP, COM, EL HIERRO CIA, LTDA,	J	1	1	5				3,001E+12	1805,9	1782,34	19/5/2026	17/8/2026	17/8/2026	90	90	0	0	0	0	1782,34	0	0	0	0	0	0	0	0	0	0	1805,9
SR00535	31/5/2026	R	1,90089E+11	IMP, COM, EL HIERRO CIA, LTDA,	J	1	1	5				3,001E+12	526,88	520,01	12/5/2026	10/8/2026	10/8/2026	90	90	0	0	0	0	520,01	0	0	0	0	0	0	0	0	0	0	526,88
SR00535	31/5/2026	R	1,90089E+11	IMP, COM, EL HIERRO CIA, LTDA,	J	1	1	5				3,001E+12	316,14	312,02	18/3/2026	16/6/2026	16/6/2026	90	90	0	0	0	312,02	0	0	0	0	0	0	0	0	0	0	0	316,14
SR00535	31/5/2026	R	1,90089E+11	IMP, COM, EL HIERRO CIA, LTDA,	J	1	1	5				2,001E+12	2289,83	2069,15	27/3/2026	25/6/2026	25/6/2026	90	90	0	0	0	2069,15	0	0	0	0	0	0	0	0	0	0	0	2289,83
SR00535	31/5/2026	R	1,90089E+11	IMP, COM, EL HIERRO CIA, LTDA,	J	1	1	5				3,001E+12	1853,16	1772,75	8/5/2026	6/8/2026	6/8/2026	90	90	0	0	0	0	1772,75	0	0	0	0	0	0	0	0	0	0	1853,16
SR00535	31/5/2026	R	1,90089E+11	IMP, COM, EL HIERRO CIA, LTDA,	J	1	1	5				3,001E+12	7826,64	6396,84	13/3/2026	11/6/2026	11/6/2026	90	90	0	0	0	6396,84	0	0	0	0	0	0	0	0	0	0	0	7826,64
SR00535	31/5/2026	R	1,90089E+11	IMP, COM, EL HIERRO CIA, LTDA,	J	1	1	5				3,001E+12	20529,48	20194,87	1/4/2026	30/6/2026	30/6/2026	90	90	0	0	0	20194,87	0	0	0	0	0	0	0	0	0	0	0	20529,48
SR00535	31/5/2026	R	1,90089E+11	IMP, COM, EL HIERRO CIA, LTDA,	J	1	1	5				2,001E+12	3606,93	3559,88	18/3/2026	16/6/2026	16/6/2026	90	90	0	0	0	3559,88	0	0	0	0	0	0	0	0	0	0	0	3606,93
SR00535	31/5/2026	R	1,90089E+11	IMP, COM, EL HIERRO CIA, LTDA,	J	1	1	5				3,001E+12	1117,46	1058,18	10/4/2026	9/7/2026	9/7/2026	90	90	0	0	0	0	1058,18	0	0	0	0	0	0	0	0	0	0	1117,46
SR00535	31/5/2026	R	1,90089E+11	IMP, COM, EL HIERRO CIA, LTDA,	J	1	1	5				3,001E+12	1143,5	1045,93	23/3/2026	21/6/2026	21/6/2026	90	90	0	0	0	1045,93	0	0	0	0	0	0	0	0	0	0	0	1143,5
SR00535	31/5/2026	R	1,90089E+11	IMP, COM, EL HIERRO CIA, LTDA,	J	1	1	5				3,001E+12	10007,78	8179,52	10/3/2026	8/6/2026	8/6/2026	90	90	0	0	0	8179,52	0	0	0	0	0	0	0	0	0	0	0	10007,78
SR00535	31/5/2026	R	1,90089E+11	IMP, COM, EL HIERRO CIA, LTDA,	J	1	1	5				3,001E+12	6482,16	5934,65	28/5/2026	26/8/2026	26/8/2026	90	90	0	0	0	0	5934,65	0	0	0	0	0	0	0	0	0	0	6482,16
SR00535	31/5/2026	R	1,90089E+11	IMP, COM, EL HIERRO CIA, LTDA,	J	1	1	5				3,001E+12	1208,81	1172,2	5/5/2026	3/8/2026	3/8/2026	90	90	0	0	0	0	1172,2	0	0	0	0	0	0	0	0	0	0	1208,81
SR00535	31/5/2026	R	1,90089E+11	IMP, COM, EL HIERRO CIA, LTDA,	J	1	1	5				3,001E+12	7826,64	6396,84	13/3/2026	11/6/2026	11/6/2026	90	90	0	0	0	6396,84	0	0	0	0	0	0	0	0	0	0	0	7826,64
SR00535	31/5/2026	R	1,90089E+11	IMP, COM, EL HIERRO CIA, LTDA,	J	1	1	5				1,001E+12	4331,21	4200,06	24/4/2026	23/7/2026	23/7/2026	90	90	0	0	0	0	4200,06	0	0	0	0	0	0	0	0	0	0	4331,21
SR00535	31/5/2026	R	1,90089E+11	IMP, COM, EL HIERRO CIA, LTDA,	J	1	1	5				3,001E+12	1339,36	1303,39	9/4/2026	8/7/2026	8/7/2026	90	90	0	0	0	0	1303,39	0	0	0	0	0	0	0	0	0	0	1339,36
SR00535	31/5/2026	R	1,90089E+11	IMP, COM, EL HIERRO CIA, LTDA,	J	1	1	5				3,001E+12	1143,5	1045,93	6/4/2026	5/7/2026	5/7/2026	90	90	0	0	0	0	1045,93	0	0	0	0	0	0	0	0	0	0	1143,5
SR00535	31/5/2026	R	1,90089E+11	IMP, COM, EL HIERRO CIA, LTDA,	J	1	1	5				3,001E+12	457,4	418,37	18/3/2026	16/6/2026	16/6/2026	90	90	0	0	0	418,37	0	0	0	0	0	0	0	0	0	0	0	457,4
SR00535	31/5/2026	R	1,90089E+11	IMP, COM, EL HIERRO CIA, LTDA,	J	1	1	5				2,001E+12	324,04	292,81	17/3/2026	15/6/2026	15/6/2026	90	90	0	0	0	292,81	0	0	0	0	0	0	0	0	0	0	0	324,04
SR00535	31/5/2026	R	1,90089E+11	IMP, COM, EL HIERRO CIA, LTDA,	J	1	1	5				3,001E+12	481,78	475,5	27/5/2026	25/8/2026	25/8/2026	90	90	0	0	0	0	475,5	0	0	0	0	0	0	0	0	0	0	481,78
SR00535	31/5/2026	R	1,90089E+11	IMP, COM, EL HIERRO CIA, LTDA,	J	1	1	5				3,001E+12	237,13	234,04	21/4/2026	20/7/2026	20/7/2026	90	90	0	0	0	0	234,04	0	0	0	0	0	0	0	0	0	0	237,13
SR00535	31/5/2026	R	1,90089E+11	IMP, COM, EL HIERRO CIA, LTDA,	J	1	1	5				3,001E+12	2551,84	2518,55	4/5/2026	2/8/2026	2/8/2026	90	90	0	0	0	0	2518,55	0	0	0	0	0	0	0	0	0	0	2551,84
SR00535	31/5/2026	R	1,90089E+11	IMP, COM, EL HIERRO CIA, LTDA,	J	1	1	5				3,001E+12	263,44	260	16/3/2026	14/6/2026	14/6/2026	90	90	0	0	0	260	0	0	0	0	0	0	0	0	0	0	0	263,44
SR00535	31/5/2026	R	1,19008E+12	IMPORTADORA ORTEGA CIA, LTDA	J	24	2	50				3,001E+12	1040,96	985,75	7/5/2026	16/6/2026	16/6/2026	40	40	0	0	0	985,75	0	0	0	0	0	0	0	0	0	0	0	1040,96
SR00535	31/5/2026	R	1,19008E+12	IMPORTADORA ORTEGA CIA, LTDA	J	24	2	50				3,001E+12	3594,77	3450,75	21/5/2026	30/6/2026	30/6/2026	40	40	0	0	0	3450,75	0	0	0	0	0	0	0	0	0	0	0	3594,77
SR00535	31/5/2026	R	1,19008E+12	IMPORTADORA ORTEGA CIA, LTDA	J	24	2	50				3,001E+12	1933,86	1806,86	21/5/2026	30/6/2026	30/6/2026	40	40	0	0	0	1806,86	0	0	0	0	0	0	0	0	0	0	0	1933,86
SR00535	31/5/2026	R	1,19008E+12	IMPORTADORA ORTEGA CIA, LTDA	J	24	2	50				3,001E+12	1561,44	1478,62	4/5/2026	13/6/2026	13/6/2026	40	40	0	0	0	1478,62	0	0	0	0	0	0	0	0	0	0	0	1561,44
SR00535	31/5/2026	R	2,39006E+12	IMPORTADOR FERRETERO LOPEZ IFLOPEZ	J	23	1	57				1,001E+12	5977,14	5977,14	4/5/2026	23/6/2026	23/6/2026	50	50	0	0	0	5977,14	0	0	0	0	0	0	0	0	0	0	0	5977,14
SR00535	31/5/2026	R	2,39006E+12	IMPORTADOR FERRETERO LOPEZ IFLOPEZ	J	23	1	57				1,001E+12	1096,09	1096,09	11/5/2026	30/6/2026	30/6/2026	50	50	0	0	0	1096,09	0	0	0	0	0	0	0	0	0	0	0	1096,09
SR00535	31/5/2026	R	2,39006E+12	IMPORTADOR FERRETERO LOPEZ IFLOPEZ	J	23	1	57				1,001E+12	3298,84	3298,84	7/5/2026	26/6/2026	26/6/2026	50	50	0	0	0	3298,84	0	0	0	0	0	0	0	0	0	0	0	3298,84
SR00535	31/5/2026	R	2,39006E+12	IMPORTADOR FERRETERO LOPEZ IFLOPEZ	J	23	1	57				1,001E+12	2647,82	2647,82	7/5/2026	26/6/2026	26/6/2026	50	50	0	0	0	2647,82	0	0	0	0	0	0	0	0	0	0	0	2647,82
SR00535	31/5/2026	R	7,91725E+11	IMPROACERO IMPORTADORA DE PRODUCTOS	J	7	1	2				3,001E+12	2761,43	2682,26	26/5/2026	5/7/2026	5/7/2026	40	40	0	0	0	0	2682,26	0	0	0	0	0	0	0	0	0	0	2761,43
SR00535	31/5/2026	R	7,91725E+11	IMPROACERO IMPORTADORA DE PRODUCTOS	J	7	1	2				1,001E+12	35352,54	33388,71	14/4/2026	24/5/2026	24/5/2026	40	40	7	33388,71	0	0	0	0	0	0	33388,71	0	0	0	0	0	0	35352,54
SR00535	31/5/2026	R	7,91725E+11	IMPROACERO IMPORTADORA DE PRODUCTOS	J	7	1	2				3,001E+12	1515,44	1489,76	20/4/2026	30/5/2026	30/5/2026	40	40	1	1489,76	0	0	0	0	0	0	1489,76	0	0	0	0	0	0	1515,44
SR00535	31/5/2026	R	7,91725E+11	IMPROACERO IMPORTADORA DE PRODUCTOS	J	7	1	2				3,001E+12	2157,14	2157,14	14/4/2026	24/5/2026	24/5/2026	40	40	7	2157,14	0	0	0	0	0	0	2157,14	0	0	0	0	0	0	2157,14
SR00535	31/5/2026	R	1,09008E+12	INDECAUCHO CIA, LTDA	J	17	3	50				1,001E+12	2969,92	2931,18	15/5/2026	14/6/2026	14/6/2026	30	30	0	0	0	2931,18	0	0	0	0	0	0	0	0	0	0	0	2969,92
SR00535	31/5/2026	R	1,90061E+11	INDUGLOB S,A,	J	1	1	51				3,001E+12	2266,44	2236,88	4/5/2026	23/6/2026	23/6/2026	50	50	0	0	0	2236,88	0	0	0	0	0	0	0	0	0	0	0	2266,44
SR00535	31/5/2026	R	1,90061E+11	INDUGLOB S,A,	J	1	1	51				3,001E+12	1762,79	1739,8	15/4/2026	4/6/2026	4/6/2026	50	50	0	0	0	1739,8	0	0	0	0	0	0	0	0	0	0	0	1762,79
SR00535	31/5/2026	R	1,90061E+11	INDUGLOB S,A,	J	1	1	51				3,001E+12	2014,62	2014,62	26/5/2026	15/7/2026	15/7/2026	50	50	0	0	0	0	2014,62	0	0	0	0	0	0	0	0	0	0	2014,62
SR00535	31/5/2026	R	1,90061E+11	INDUGLOB S,A,	J	1	1	51				3,001E+12	1510,96	1491,25	22/4/2026	11/6/2026	11/6/2026	50	50	0	0	0	1491,25	0	0	0	0	0	0	0	0	0	0	0	1510,96
SR00535	31/5/2026	R	9,90562E+11	INDUSTRIA ECUATORIANA DE CABLES	J	9	1	12				2,001E+12	1100,63	957,07	4/5/2026	3/6/2026	3/6/2026	30	30	0	0	0	957,07	0	0	0	0	0	0	0	0	0	0	0	1100,63
SR00535	31/5/2026	R	9,90562E+11	INDUSTRIA ECUATORIANA DE CABLES	J	9	1	12				1,001E+12	3490,37	3035,1	14/5/2026	13/6/2026	13/6/2026	30	30	0	0	0	3035,1	0	0	0	0	0	0	0	0	0	0	0	3490,37
SR00535	31/5/2026	R	9,90562E+11	INDUSTRIA ECUATORIANA DE CABLES	J	9	1	12				2,001E+12	5919,37	5147,28	4/5/2026	3/6/2026	3/6/2026	30	30	0	0	0	5147,28	0	0	0	0	0	0	0	0	0	0	0	5919,37
SR00535	31/5/2026	R	1,79233E+12	INDUSTRIAS METALICAS DECORATIVAS	J	17	1	2				1,001E+12	955,97	955,97	23/3/2026	22/5/2026	22/5/2026	60	60	9	955,97	0	0	0	0	0	0	955,97	0	0	0	0	0	0	955,97
SR00535	31/5/2026	R	1,79003E+12	INDUSTRIAS METALICAS LANFOR SA	J	17	1	28				1,001E+12	3065,16	3065,16	18/5/2026	17/6/2026	17/6/2026	30	30	0	0	0	3065,16	0	0	0	0	0	0	0	0	0	0	0	3065,16
SR00535	31/5/2026	R	1,79003E+12	INDUSTRIAS METALICAS LANFOR SA	J	17	1	28				1,001E+12	441,37	441,37	15/5/2026	14/6/2026	14/6/2026	30	30	0	0	0	441,37	0	0	0	0	0	0	0	0	0	0	0	441,37
SR00535	31/5/2026	R	9,90796E+11	INMOMARIUXI C,A,	J	9	1	1				PROVISION-108349	3844,48	1868,42	18/12/2025	17/6/2025	17/6/2025	45	45	348	1868,42	0	0	0	0	0	0	0	0	0	1868,42	0	1868,42	0	3844,48
SR00535	31/5/2026	R	9,90796E+11	INMOMARIUXI C,A,	J	9	1	1				2,001E+12	2668,89	2210,65	11/7/2025	25/8/2025	25/8/2025	45	45	279	2210,65	0	0	0	0	0	0	0	0	0	2210,65	0	0	0	2668,89
SR00535	31/5/2026	R	9,90796E+11	INMOMARIUXI C,A,	J	9	1	1				FEE COFACE-	1730,02	1730,02	30/4/2026	30/4/2026	30/4/2026			30	1730,02	0	0	0	0	0	0	1730,02	0	0	0	0	0	0	1730,02
SR00535	31/5/2026	R	9,92453E+11	INTERNEGOCIOS DEL HIERRO S,A,	J	12	5	2				2,001E+12	3126,14	3006,94	14/4/2026	24/5/2026	24/5/2026	40	40	7	3006,94	0	0	0	0	0	0	3006,94	0	0	0	0	0	0	3126,14
SR00535	31/5/2026	R	9,92453E+11	INTERNEGOCIOS DEL HIERRO S,A,	J	12	5	2				2,001E+12	6613,5	6527,24	16/4/2026	26/5/2026	26/5/2026	40	40	5	6527,24	0	0	0	0	0	0	6527,24	0	0	0	0	0	0	6613,5
SR00535	31/5/2026	R	9,92453E+11	INTERNEGOCIOS DEL HIERRO S,A,	J	12	5	2				2,001E+12	1136,57	1121,74	16/4/2026	26/5/2026	26/5/2026	40	40	5	1121,74	0	0	0	0	0	0	1121,74	0	0	0	0	0	0	1136,57
SR00535	31/5/2026	R	9,92453E+11	INTERNEGOCIOS DEL HIERRO S,A,	J	12	5	2				2,001E+12	9903,67	9455,1	6/5/2026	15/6/2026	15/6/2026	40	40	0	0	0	9455,1	0	0	0	0	0	0	0	0	0	0	0	9903,67
SR00535	31/5/2026	R	9,92453E+11	INTERNEGOCIOS DEL HIERRO S,A,	J	12	5	2				2,001E+12	7427,76	7091,33	23/4/2026	2/6/2026	2/6/2026	40	40	0	0	0	7091,33	0	0	0	0	0	0	0	0	0	0	0	7427,76
SR00535	31/5/2026	R	9,92453E+11	INTERNEGOCIOS DEL HIERRO S,A,	J	12	5	2				2,001E+12	594,23	586,48	28/5/2026	7/7/2026	7/7/2026	40	40	0	0	0	0	586,48	0	0	0	0	0	0	0	0	0	0	594,23
SR00535	31/5/2026	R	9,92453E+11	INTERNEGOCIOS DEL HIERRO S,A,	J	12	5	2				2,001E+12	594,23	586,48	28/5/2026	7/7/2026	7/7/2026	40	40	0	0	0	0	586,48	0	0	0	0	0	0	0	0	0	0	594,23
SR00535	31/5/2026	C	105035745	JIMBO QUIZHPI BETSSIE PRISCILA	N	1	1	50	F	C	I	3,001E+12	109,86	109,86	26/5/2026	5/7/2026	5/7/2026	40	40	0	0	0	0	109,86	0	0	0	0	0	0	0	0	0	0	109,86
SR00535	31/5/2026	C	105035745	JIMBO QUIZHPI BETSSIE PRISCILA	N	1	1	50	F	C	I	3,001E+12	148,12	148,12	13/5/2026	22/6/2026	22/6/2026	40	40	0	0	0	148,12	0	0	0	0	0	0	0	0	0	0	0	148,12
SR00535	31/5/2026	C	105035745	JIMBO QUIZHPI BETSSIE PRISCILA	N	1	1	50	F	C	I	3,001E+12	214,45	214,45	28/4/2026	7/6/2026	7/6/2026	40	40	0	0	0	214,45	0	0	0	0	0	0	0	0	0	0	0	214,45
SR00535	31/5/2026	C	105035745	JIMBO QUIZHPI BETSSIE PRISCILA	N	1	1	50	F	C	I	3,001E+12	102,35	102,35	27/4/2026	6/6/2026	6/6/2026	40	40	0	0	0	102,35	0	0	0	0	0	0	0	0	0	0	0	102,35
SR00535	31/5/2026	C	105035745	JIMBO QUIZHPI BETSSIE PRISCILA	N	1	1	50	F	C	I	3,001E+12	386,08	386,08	14/5/2026	23/6/2026	23/6/2026	40	40	0	0	0	386,08	0	0	0	0	0	0	0	0	0	0	0	386,08
SR00535	31/5/2026	C	105035745	JIMBO QUIZHPI BETSSIE PRISCILA	N	1	1	50	F	C	I	3,001E+12	159,69	159,69	28/5/2026	7/7/2026	7/7/2026	40	40	0	0	0	0	159,69	0	0	0	0	0	0	0	0	0	0	159,69
SR00535	31/5/2026	C	105035745	JIMBO QUIZHPI BETSSIE PRISCILA	N	1	1	50	F	C	I	3,001E+12	163,59	163,59	28/4/2026	7/6/2026	7/6/2026	40	40	0	0	0	163,59	0	0	0	0	0	0	0	0	0	0	0	163,59
SR00535	31/5/2026	C	105035745	JIMBO QUIZHPI BETSSIE PRISCILA	N	1	1	50	F	C	I	3,001E+12	276,78	272,01	11/5/2026	20/6/2026	20/6/2026	40	40	0	0	0	272,01	0	0	0	0	0	0	0	0	0	0	0	276,78
SR00535	31/5/2026	C	105035745	JIMBO QUIZHPI BETSSIE PRISCILA	N	1	1	50	F	C	I	3,001E+12	458,4	458,4	15/5/2026	24/6/2026	24/6/2026	40	40	0	0	0	458,4	0	0	0	0	0	0	0	0	0	0	0	458,4
SR00535	31/5/2026	C	105035745	JIMBO QUIZHPI BETSSIE PRISCILA	N	1	1	50	F	C	I	3,001E+12	1773,65	1773,65	26/5/2026	5/7/2026	5/7/2026	40	40	0	0	0	0	1773,65	0	0	0	0	0	0	0	0	0	0	1773,65
SR00535	31/5/2026	C	105035745	JIMBO QUIZHPI BETSSIE PRISCILA	N	1	1	50	F	C	I	3,001E+12	1098,89	1021,51	7/5/2026	16/6/2026	16/6/2026	40	40	0	0	0	1021,51	0	0	0	0	0	0	0	0	0	0	0	1098,89
SR00535	31/5/2026	C	105035745	JIMBO QUIZHPI BETSSIE PRISCILA	N	1	1	50	F	C	I	3,001E+12	1149,54	1149,54	21/4/2026	31/5/2026	31/5/2026	40	40	0	0	0	1149,54	0	0	0	0	0	0	0	0	0	0	0	1149,54
SR00535	31/5/2026	C	105035745	JIMBO QUIZHPI BETSSIE PRISCILA	N	1	1	50	F	C	I	3,001E+12	867,05	867,05	6/5/2026	15/6/2026	15/6/2026	40	40	0	0	0	867,05	0	0	0	0	0	0	0	0	0	0	0	867,05
SR00535	31/5/2026	C	105035745	JIMBO QUIZHPI BETSSIE PRISCILA	N	1	1	50	F	C	I	3,001E+12	102,26	102,26	27/4/2026	6/6/2026	6/6/2026	40	40	0	0	0	102,26	0	0	0	0	0	0	0	0	0	0	0	102,26
SR00535	31/5/2026	C	105035745	JIMBO QUIZHPI BETSSIE PRISCILA	N	1	1	50	F	C	I	3,001E+12	114,69	114,69	27/5/2026	6/7/2026	6/7/2026	40	40	0	0	0	0	114,69	0	0	0	0	0	0	0	0	0	0	114,69
SR00535	31/5/2026	C	105035745	JIMBO QUIZHPI BETSSIE PRISCILA	N	1	1	50	F	C	I	3,001E+12	85,55	85,55	21/4/2026	31/5/2026	31/5/2026	40	40	0	0	0	85,55	0	0	0	0	0	0	0	0	0	0	0	85,55
SR00535	31/5/2026	R	1,9004E+12	JIMENEZ GORDILLO LADY KARINA	N	11	1	2	F	C	I	3,001E+12	283,41	273,85	22/4/2026	1/6/2026	1/6/2026	40	40	0	0	0	273,85	0	0	0	0	0	0	0	0	0	0	0	283,41
SR00535	31/5/2026	R	1,9004E+12	JIMENEZ GORDILLO LADY KARINA	N	11	1	2	F	C	I	3,001E+12	182,21	174,72	28/4/2026	7/6/2026	7/6/2026	40	40	0	0	0	174,72	0	0	0	0	0	0	0	0	0	0	0	182,21
SR00535	31/5/2026	R	1,9004E+12	JIMENEZ GORDILLO LADY KARINA	N	11	1	2	F	C	I	3,001E+12	1076,99	1032,25	18/5/2026	27/6/2026	27/6/2026	40	40	0	0	0	1032,25	0	0	0	0	0	0	0	0	0	0	0	1076,99
SR00535	31/5/2026	C	102176419	JIMENEZ LARRIVA JORGE ALEJANDRO	N	1	1	14	M	C	I	3,001E+12	482,52	482,52	28/4/2026	7/6/2026	7/6/2026	40	40	0	0	0	482,52	0	0	0	0	0	0	0	0	0	0	0	482,52
SR00535	31/5/2026	C	102176419	JIMENEZ LARRIVA JORGE ALEJANDRO	N	1	1	14	M	C	I	3,001E+12	197,7	197,7	24/4/2026	3/6/2026	3/6/2026	40	40	0	0	0	197,7	0	0	0	0	0	0	0	0	0	0	0	197,7
SR00535	31/5/2026	C	102176419	JIMENEZ LARRIVA JORGE ALEJANDRO	N	1	1	14	M	C	I	3,001E+12	263,44	263,44	20/5/2026	29/6/2026	29/6/2026	40	40	0	0	0	263,44	0	0	0	0	0	0	0	0	0	0	0	263,44
SR00535	31/5/2026	C	102176419	JIMENEZ LARRIVA JORGE ALEJANDRO	N	1	1	14	M	C	I	3,001E+12	626,09	626,09	12/5/2026	21/6/2026	21/6/2026	40	40	0	0	0	626,09	0	0	0	0	0	0	0	0	0	0	0	626,09
SR00535	31/5/2026	C	102176419	JIMENEZ LARRIVA JORGE ALEJANDRO	N	1	1	14	M	C	I	3,001E+12	741,69	741,69	20/5/2026	29/6/2026	29/6/2026	40	40	0	0	0	741,69	0	0	0	0	0	0	0	0	0	0	0	741,69
SR00535	31/5/2026	C	102176419	JIMENEZ LARRIVA JORGE ALEJANDRO	N	1	1	14	M	C	I	3,001E+12	1022,45	1022,45	14/4/2026	24/5/2026	24/5/2026	40	40	7	1022,45	0	0	0	0	0	0	1022,45	0	0	0	0	0	0	1022,45
SR00535	31/5/2026	C	102176419	JIMENEZ LARRIVA JORGE ALEJANDRO	N	1	1	14	M	C	I	3,001E+12	652,67	652,67	28/4/2026	7/6/2026	7/6/2026	40	40	0	0	0	652,67	0	0	0	0	0	0	0	0	0	0	0	652,67
SR00535	31/5/2026	C	102176419	JIMENEZ LARRIVA JORGE ALEJANDRO	N	1	1	14	M	C	I	3,001E+12	1075,97	1075,97	18/5/2026	27/6/2026	27/6/2026	40	40	0	0	0	1075,97	0	0	0	0	0	0	0	0	0	0	0	1075,97
SR00535	31/5/2026	C	102176419	JIMENEZ LARRIVA JORGE ALEJANDRO	N	1	1	14	M	C	I	3,001E+12	259,13	259,13	27/4/2026	6/6/2026	6/6/2026	40	40	0	0	0	259,13	0	0	0	0	0	0	0	0	0	0	0	259,13
SR00535	31/5/2026	R	1,79131E+12	JOSE CEVALLOS JOCE CIA, LTDA,	J	17	5	50				1,001E+12	406,56	362,78	27/4/2026	27/5/2026	27/5/2026	30	30	4	362,78	0	0	0	0	0	0	362,78	0	0	0	0	0	0	406,56
SR00535	31/5/2026	R	1,79131E+12	JOSE CEVALLOS JOCE CIA, LTDA,	J	17	5	50				1,001E+12	103,88	99,73	14/5/2026	13/6/2026	13/6/2026	30	30	0	0	0	99,73	0	0	0	0	0	0	0	0	0	0	0	103,88
SR00535	31/5/2026	R	1,79131E+12	JOSE CEVALLOS JOCE CIA, LTDA,	J	17	5	50				1,001E+12	377,52	348,48	13/5/2026	12/6/2026	12/6/2026	30	30	0	0	0	348,48	0	0	0	0	0	0	0	0	0	0	0	377,52
SR00535	31/5/2026	C	1802852341	JUNTA SIZA MARCIA DUVID	N	18	1	56	M	C	I	1,001E+12	13815,85	12464,88	15/5/2026	24/6/2026	24/6/2026	40	40	0	0	0	12464,88	0	0	0	0	0	0	0	0	0	0	0	13815,85
SR00535	31/5/2026	R	1,80275E+12	JUNTA SIZA NELY ELIZABETH	N	18	1	3	F	C	I	1,001E+12	4051,14	4051,14	24/4/2026	3/6/2026	3/6/2026	40	40	0	0	0	4051,14	0	0	0	0	0	0	0	0	0	0	0	4051,14
SR00535	31/5/2026	R	1,80275E+12	JUNTA SIZA NELY ELIZABETH	N	18	1	3	F	C	I	1,001E+12	1183,72	1183,72	27/4/2026	6/6/2026	6/6/2026	40	40	0	0	0	1183,72	0	0	0	0	0	0	0	0	0	0	0	1183,72
SR00535	31/5/2026	R	1,05598E+11	KARINA ALEXANDRA YUQUILIMA UZHCA	N	1	1	67	F	C	I	3,001E+12	662	648,36	13/5/2026	22/6/2026	22/6/2026	40	40	0	0	0	648,36	0	0	0	0	0	0	0	0	0	0	0	662
SR00535	31/5/2026	R	1,05598E+11	KARINA ALEXANDRA YUQUILIMA UZHCA	N	1	1	67	F	C	I	3,001E+12	395,4	381,76	13/5/2026	22/6/2026	22/6/2026	40	40	0	0	0	381,76	0	0	0	0	0	0	0	0	0	0	0	395,4
SR00535	31/5/2026	R	9,92876E+11	LANDCO CONSTRUCTORS S,A,	J	9	18	50				2,001E+12	1721,9	1283,32	18/3/2026	17/4/2026	17/4/2026	30	30	44	1283,32	0	0	0	0	0	0	0	1283,32	0	0	0	0	0	1721,9
SR00535	31/5/2026	R	9,92876E+11	LANDCO CONSTRUCTORS S,A,	J	9	18	50				2,001E+12	394,76	346,25	1/4/2026	1/5/2026	1/5/2026	30	30	30	346,25	0	0	0	0	0	0	346,25	0	0	0	0	0	0	394,76
SR00535	31/5/2026	R	9,93076E+11	LA SUPER,ENSAMBLAJES PUERTAS	J	9	1	50				2,001E+12	492,48	492,48	6/5/2026	5/6/2026	5/6/2026	30	30	0	0	0	492,48	0	0	0	0	0	0	0	0	0	0	0	492,48
SR00535	31/5/2026	R	9,93076E+11	LA SUPER,ENSAMBLAJES PUERTAS	J	9	1	50				2,001E+12	997,14	997,14	27/5/2026	26/6/2026	26/6/2026	30	30	0	0	0	997,14	0	0	0	0	0	0	0	0	0	0	0	997,14
SR00535	31/5/2026	R	9,93076E+11	LA SUPER,ENSAMBLAJES PUERTAS	J	9	1	50				2,001E+12	1060,65	1060,65	19/5/2026	18/6/2026	18/6/2026	30	30	0	0	0	1060,65	0	0	0	0	0	0	0	0	0	0	0	1060,65
SR00535	31/5/2026	R	9,93076E+11	LA SUPER,ENSAMBLAJES PUERTAS	J	9	1	50				2,001E+12	1571,36	1571,36	20/5/2026	19/6/2026	19/6/2026	30	30	0	0	0	1571,36	0	0	0	0	0	0	0	0	0	0	0	1571,36
SR00535	31/5/2026	R	9,93076E+11	LA SUPER,ENSAMBLAJES PUERTAS	J	9	1	50				2,001E+12	118,61	118,61	27/5/2026	26/6/2026	26/6/2026	30	30	0	0	0	118,61	0	0	0	0	0	0	0	0	0	0	0	118,61
SR00535	31/5/2026	R	9,93076E+11	LA SUPER,ENSAMBLAJES PUERTAS	J	9	1	50				2,001E+12	1570,33	1570,33	12/5/2026	11/6/2026	11/6/2026	30	30	0	0	0	1570,33	0	0	0	0	0	0	0	0	0	0	0	1570,33
SR00535	31/5/2026	R	9,93076E+11	LA SUPER,ENSAMBLAJES PUERTAS	J	9	1	50				2,001E+12	3047,5	3047,5	12/5/2026	11/6/2026	11/6/2026	30	30	0	0	0	3047,5	0	0	0	0	0	0	0	0	0	0	0	3047,5
SR00535	31/5/2026	R	9,93076E+11	LA SUPER,ENSAMBLAJES PUERTAS	J	9	1	50				2,001E+12	535,9	535,9	27/5/2026	26/6/2026	26/6/2026	30	30	0	0	0	535,9	0	0	0	0	0	0	0	0	0	0	0	535,9
SR00535	31/5/2026	R	9,93076E+11	LA SUPER,ENSAMBLAJES PUERTAS	J	9	1	50				2,001E+12	1031,06	1031,06	6/5/2026	5/6/2026	5/6/2026	30	30	0	0	0	1031,06	0	0	0	0	0	0	0	0	0	0	0	1031,06
SR00535	31/5/2026	R	9,90021E+11	LINDE ECUADOR S,A,	J	17	1	12				2,001E+12	55848,6	55120,14	28/4/2026	28/5/2026	28/5/2026	30	30	3	55120,14	0	0	0	0	0	0	55120,14	0	0	0	0	0	0	55848,6
SR00535	31/5/2026	R	9,90021E+11	LINDE ECUADOR S,A,	J	17	1	12				2,001E+12	64574,95	63732,67	18/5/2026	17/6/2026	17/6/2026	30	30	0	0	0	63732,67	0	0	0	0	0	0	0	0	0	0	0	64574,95
SR00535	31/5/2026	R	9,90021E+11	LINDE ECUADOR S,A,	J	17	1	12				2,001E+12	106461,43	105072,8	29/5/2026	28/6/2026	28/6/2026	30	30	0	0	0	105072,8	0	0	0	0	0	0	0	0	0	0	0	106461,43
SR00535	31/5/2026	R	9,90021E+11	LINDE ECUADOR S,A,	J	17	1	12				2,001E+12	47122,26	46507,62	21/5/2026	20/6/2026	20/6/2026	30	30	0	0	0	46507,62	0	0	0	0	0	0	0	0	0	0	0	47122,26
SR00535	31/5/2026	C	1702991389	LLERENA REDIN CESAR ANIBAL	N	17	1	12	M	D	I	1,001E+12	1697,4	1697,4	6/5/2026	5/6/2026	5/6/2026	30	30	0	0	0	1697,4	0	0	0	0	0	0	0	0	0	0	0	1697,4
SR00535	31/5/2026	C	1702991389	LLERENA REDIN CESAR ANIBAL	N	17	1	12	M	D	I	1,001E+12	500,25	500,25	6/5/2026	5/6/2026	5/6/2026	30	30	0	0	0	500,25	0	0	0	0	0	0	0	0	0	0	0	500,25
SR00535	31/5/2026	C	1702991389	LLERENA REDIN CESAR ANIBAL	N	17	1	12	M	D	I	1,001E+12	327,06	327,06	6/5/2026	5/6/2026	5/6/2026	30	30	0	0	0	327,06	0	0	0	0	0	0	0	0	0	0	0	327,06
SR00535	31/5/2026	C	1702991389	LLERENA REDIN CESAR ANIBAL	N	17	1	12	M	D	I	1,001E+12	1756,81	1756,81	11/5/2026	10/6/2026	10/6/2026	30	30	0	0	0	1756,81	0	0	0	0	0	0	0	0	0	0	0	1756,81
SR00535	31/5/2026	R	1,3097E+12	LOPEZ HIDALGO ANA CECILIA	N	13	8	1	F	S	I	PROV,182822-147524	1124,13	1124,13	20/6/2024	22/1/2024	22/1/2024	45	45	860	1124,13	0	0	0	0	0	0	0	0	0	0	1124,13	1124,13	0	1124,13
SR00535	31/5/2026	R	1,79276E+12	LUMINUZCORP ECUADOR CIA LTDA	J	17	1	5				1,001E+12	6336,26	6336,26	27/5/2026	26/6/2026	26/6/2026	30	30	0	0	0	6336,26	0	0	0	0	0	0	0	0	0	0	0	6336,26
SR00535	31/5/2026	C	1707124168	LUNA GUEVARA JANETH PATRICIA	N	23	1	50	M	C	I	1,001E+12	4454,67	4326,33	27/5/2026	6/7/2026	6/7/2026	40	40	0	0	0	0	4326,33	0	0	0	0	0	0	0	0	0	0	4454,67
SR00535	31/5/2026	C	1707124168	LUNA GUEVARA JANETH PATRICIA	N	23	1	50	M	C	I	1,001E+12	8228,31	8120,98	27/5/2026	6/7/2026	6/7/2026	40	40	0	0	0	0	8120,98	0	0	0	0	0	0	0	0	0	0	8228,31
SR00535	31/5/2026	C	1707124168	LUNA GUEVARA JANETH PATRICIA	N	23	1	50	M	C	I	1,001E+12	947,84	917,92	27/5/2026	6/7/2026	6/7/2026	40	40	0	0	0	0	917,92	0	0	0	0	0	0	0	0	0	0	947,84
SR00535	31/5/2026	C	1707124168	LUNA GUEVARA JANETH PATRICIA	N	23	1	50	M	C	I	1,001E+12	5483,79	73,76	8/5/2026	17/6/2026	17/6/2026	40	40	0	0	0	73,76	0	0	0	0	0	0	0	0	0	0	0	5483,79
SR00535	31/5/2026	C	1707124168	LUNA GUEVARA JANETH PATRICIA	N	23	1	50	M	C	I	1,001E+12	8904,98	31,61	7/5/2026	16/6/2026	16/6/2026	40	40	0	0	0	31,61	0	0	0	0	0	0	0	0	0	0	0	8904,98
SR00535	31/5/2026	C	1707124168	LUNA GUEVARA JANETH PATRICIA	N	23	1	50	M	C	I	1,001E+12	27550,03	27190,68	27/5/2026	6/7/2026	6/7/2026	40	40	0	0	0	0	27190,68	0	0	0	0	0	0	0	0	0	0	27550,03
SR00535	31/5/2026	C	1707124168	LUNA GUEVARA JANETH PATRICIA	N	23	1	50	M	C	I	1,001E+12	269,39	265,88	27/5/2026	6/7/2026	6/7/2026	40	40	0	0	0	0	265,88	0	0	0	0	0	0	0	0	0	0	269,39
SR00535	31/5/2026	C	1706616263	LUZURIAGA BELTRAN IRMA DEL ROCIO	N	17	1	50	F	C	I	1,001E+12	349,4	349,4	26/5/2026	5/7/2026	5/7/2026	40	40	0	0	0	0	349,4	0	0	0	0	0	0	0	0	0	0	349,4
SR00535	31/5/2026	C	1706616263	LUZURIAGA BELTRAN IRMA DEL ROCIO	N	17	1	50	F	C	I	1,001E+12	688,1	688,1	21/5/2026	30/6/2026	30/6/2026	40	40	0	0	0	688,1	0	0	0	0	0	0	0	0	0	0	0	688,1
SR00535	31/5/2026	C	1706616263	LUZURIAGA BELTRAN IRMA DEL ROCIO	N	17	1	50	F	C	I	1,001E+12	1791,47	1770,99	11/5/2026	20/6/2026	20/6/2026	40	40	0	0	0	1770,99	0	0	0	0	0	0	0	0	0	0	0	1791,47
SR00535	31/5/2026	R	1,7928E+12	MAC REPRESENTACIONES S,C,C,	J	17	3	50				1,001E+12	3043,59	3043,59	12/5/2026	26/6/2026	26/6/2026	45	45	0	0	0	3043,59	0	0	0	0	0	0	0	0	0	0	0	3043,59
SR00535	31/5/2026	R	1,7928E+12	MAC REPRESENTACIONES S,C,C,	J	17	3	50				1,001E+12	1525,59	1525,59	15/5/2026	29/6/2026	29/6/2026	45	45	0	0	0	1525,59	0	0	0	0	0	0	0	0	0	0	0	1525,59
SR00535	31/5/2026	R	1,7928E+12	MAC REPRESENTACIONES S,C,C,	J	17	3	50				1,001E+12	4484,24	4484,24	21/5/2026	5/7/2026	5/7/2026	45	45	0	0	0	0	4484,24	0	0	0	0	0	0	0	0	0	0	4484,24
SR00535	31/5/2026	R	1,7928E+12	MAC REPRESENTACIONES S,C,C,	J	17	3	50				1,001E+12	1518	1518	8/5/2026	22/6/2026	22/6/2026	45	45	0	0	0	1518	0	0	0	0	0	0	0	0	0	0	0	1518
SR00535	31/5/2026	R	1,7928E+12	MAC REPRESENTACIONES S,C,C,	J	17	3	50				1,001E+12	1518	1518	8/5/2026	22/6/2026	22/6/2026	45	45	0	0	0	1518	0	0	0	0	0	0	0	0	0	0	0	1518
SR00535	31/5/2026	R	1,7928E+12	MAC REPRESENTACIONES S,C,C,	J	17	3	50				1,001E+12	1457,28	1457,28	4/5/2026	18/6/2026	18/6/2026	45	45	0	0	0	1457,28	0	0	0	0	0	0	0	0	0	0	0	1457,28
SR00535	31/5/2026	R	1,7928E+12	MAC REPRESENTACIONES S,C,C,	J	17	3	50				1,001E+12	1518	1518	21/5/2026	5/7/2026	5/7/2026	45	45	0	0	0	0	1518	0	0	0	0	0	0	0	0	0	0	1518
SR00535	31/5/2026	R	1,7928E+12	MAC REPRESENTACIONES S,C,C,	J	17	3	50				1,001E+12	1518	1518	21/5/2026	5/7/2026	5/7/2026	45	45	0	0	0	0	1518	0	0	0	0	0	0	0	0	0	0	1518
SR00535	31/5/2026	R	1,7928E+12	MAC REPRESENTACIONES S,C,C,	J	17	3	50				1,001E+12	1521,8	1521,8	27/5/2026	11/7/2026	11/7/2026	45	45	0	0	0	0	1521,8	0	0	0	0	0	0	0	0	0	0	1521,8
SR00535	31/5/2026	R	9,91383E+11	MACROQUIL S,A,	J	9	1	12				2,001E+12	3031,86	3031,86	20/4/2026	20/5/2026	20/5/2026	30	30	11	3031,86	0	0	0	0	0	0	3031,86	0	0	0	0	0	0	3031,86
SR00535	31/5/2026	R	1,50062E+12	MALDONADO  PACHECO LOURDES MARIA	N	15	4	50	F	C	I	1,001E+12	2435,52	2435,52	28/5/2026	7/7/2026	7/7/2026	40	40	0	0	0	0	2435,52	0	0	0	0	0	0	0	0	0	0	2435,52
SR00535	31/5/2026	C	1708037708	MANCHENO LAINES KAIFO CRISTOBAL	N	9	1	12	M	C	I	2,001E+12	20109,57	20109,57	20/5/2026	19/6/2026	19/6/2026	30	30	0	0	0	20109,57	0	0	0	0	0	0	0	0	0	0	0	20109,57
SR00535	31/5/2026	C	1708037708	MANCHENO LAINES KAIFO CRISTOBAL	N	9	1	12	M	C	I	2,001E+12	5758,91	5758,91	18/5/2026	17/6/2026	17/6/2026	30	30	0	0	0	5758,91	0	0	0	0	0	0	0	0	0	0	0	5758,91
SR00535	31/5/2026	C	1104195480	MANZANILLAS JUMBA MARIA FERNANDA	N	11	1	50	F	C	I	3,001E+12	698,77	662,23	21/5/2026	30/6/2026	30/6/2026	40	40	0	0	0	662,23	0	0	0	0	0	0	0	0	0	0	0	698,77
SR00535	31/5/2026	C	1104195480	MANZANILLAS JUMBA MARIA FERNANDA	N	11	1	50	F	C	I	3,001E+12	514,99	483,99	28/5/2026	7/7/2026	7/7/2026	40	40	0	0	0	0	483,99	0	0	0	0	0	0	0	0	0	0	514,99
SR00535	31/5/2026	R	1,79031E+12	MARTE INDUSTRIAS C,A,	J	17	1	28				1,001E+12	5377,18	5307,04	7/4/2026	6/6/2026	6/6/2026	60	60	0	0	0	5307,04	0	0	0	0	0	0	0	0	0	0	0	5377,18
SR00535	31/5/2026	R	1,79031E+12	MARTE INDUSTRIAS C,A,	J	17	1	28				1,001E+12	1152,13	1137,1	24/3/2026	23/5/2026	23/5/2026	60	60	8	1137,1	0	0	0	0	0	0	1137,1	0	0	0	0	0	0	1152,13
SR00535	31/5/2026	R	1,79031E+12	MARTE INDUSTRIAS C,A,	J	17	1	28				1,001E+12	5701,73	5627,36	15/4/2026	14/6/2026	14/6/2026	60	60	0	0	0	5627,36	0	0	0	0	0	0	0	0	0	0	0	5701,73
SR00535	31/5/2026	R	1,79031E+12	MARTE INDUSTRIAS C,A,	J	17	1	28				1,001E+12	5689,13	5614,92	24/3/2026	23/5/2026	23/5/2026	60	60	8	5614,92	0	0	0	0	0	0	5614,92	0	0	0	0	0	0	5689,13
SR00535	31/5/2026	C	1600231169	MARTINEZ ROBALINO WASHINGTON	N	16	1	50	M	U	V	1,001E+12	1145,3	1124,85	15/5/2026	24/6/2026	24/6/2026	40	40	0	0	0	1124,85	0	0	0	0	0	0	0	0	0	0	0	1145,3
SR00535	31/5/2026	C	1600231169	MARTINEZ ROBALINO WASHINGTON	N	16	1	50	M	U	V	1,001E+12	2673,78	2590,08	14/5/2026	13/6/2026	13/6/2026	30	30	0	0	0	2590,08	0	0	0	0	0	0	0	0	0	0	0	2673,78
SR00535	31/5/2026	C	1600231169	MARTINEZ ROBALINO WASHINGTON	N	16	1	50	M	U	V	1,001E+12	181,55	181,55	15/5/2026	24/6/2026	24/6/2026	40	40	0	0	0	181,55	0	0	0	0	0	0	0	0	0	0	0	181,55
SR00535	31/5/2026	R	9,90498E+11	MATERIALES DE VIVIENDAS MAVISA S,A,	J	9	7	50				2,001E+12	2211,6	2182,75	12/5/2026	11/7/2026	11/7/2026	60	60	0	0	0	0	2182,75	0	0	0	0	0	0	0	0	0	0	2211,6
SR00535	31/5/2026	R	9,90498E+11	MATERIALES DE VIVIENDAS MAVISA S,A,	J	9	7	50				2,001E+12	2580,2	2546,54	11/5/2026	10/7/2026	10/7/2026	60	60	0	0	0	0	2546,54	0	0	0	0	0	0	0	0	0	0	2580,2
SR00535	31/5/2026	R	9,90498E+11	MATERIALES DE VIVIENDAS MAVISA S,A,	J	9	7	50				2,001E+12	4883,73	4820,03	18/5/2026	17/7/2026	17/7/2026	60	60	0	0	0	0	4820,03	0	0	0	0	0	0	0	0	0	0	4883,73
SR00535	31/5/2026	R	9,90498E+11	MATERIALES DE VIVIENDAS MAVISA S,A,	J	9	7	50				2,001E+12	9952,18	9822,37	18/3/2026	17/5/2026	17/5/2026	60	60	14	9822,37	0	0	0	0	0	0	9822,37	0	0	0	0	0	0	9952,18
SR00535	31/5/2026	R	9,90498E+11	MATERIALES DE VIVIENDAS MAVISA S,A,	J	9	7	50				2,001E+12	641	632,64	6/5/2026	5/7/2026	5/7/2026	60	60	0	0	0	0	632,64	0	0	0	0	0	0	0	0	0	0	641
SR00535	31/5/2026	R	9,90498E+11	MATERIALES DE VIVIENDAS MAVISA S,A,	J	9	7	50				2,001E+12	5528,74	5456,63	29/5/2026	28/7/2026	28/7/2026	60	60	0	0	0	0	5456,63	0	0	0	0	0	0	0	0	0	0	5528,74
SR00535	31/5/2026	R	9,90498E+11	MATERIALES DE VIVIENDAS MAVISA S,A,	J	9	7	50				2,001E+12	460,75	454,74	11/5/2026	10/7/2026	10/7/2026	60	60	0	0	0	0	454,74	0	0	0	0	0	0	0	0	0	0	460,75
SR00535	31/5/2026	R	9,90498E+11	MATERIALES DE VIVIENDAS MAVISA S,A,	J	9	7	50				2,001E+12	5528,99	5456,87	18/3/2026	17/5/2026	17/5/2026	60	60	14	5456,87	0	0	0	0	0	0	5456,87	0	0	0	0	0	0	5528,99
SR00535	31/5/2026	R	9,90498E+11	MATERIALES DE VIVIENDAS MAVISA S,A,	J	9	7	50				2,001E+12	13177,42	13005,54	5/5/2026	4/7/2026	4/7/2026	60	60	0	0	0	0	13005,54	0	0	0	0	0	0	0	0	0	0	13177,42
SR00535	31/5/2026	R	9,90498E+11	MATERIALES DE VIVIENDAS MAVISA S,A,	J	9	7	50				2,001E+12	3501,53	3455,86	26/5/2026	25/7/2026	25/7/2026	60	60	0	0	0	0	3455,86	0	0	0	0	0	0	0	0	0	0	3501,53
SR00535	31/5/2026	R	9,90498E+11	MATERIALES DE VIVIENDAS MAVISA S,A,	J	9	7	50				2,001E+12	645,05	636,64	5/5/2026	4/7/2026	4/7/2026	60	60	0	0	0	0	636,64	0	0	0	0	0	0	0	0	0	0	645,05
SR00535	31/5/2026	R	9,90498E+11	MATERIALES DE VIVIENDAS MAVISA S,A,	J	9	7	50				2,001E+12	2303,75	2273,7	26/3/2026	25/5/2026	25/5/2026	60	60	6	2273,7	0	0	0	0	0	0	2273,7	0	0	0	0	0	0	2303,75
SR00535	31/5/2026	R	9,90151E+11	MATERIALES PREFABRICADOS PARA LA	J	9	1	12				2,001E+12	538,52	509,33	17/4/2026	17/5/2026	17/5/2026	30	30	14	509,33	0	0	0	0	0	0	509,33	0	0	0	0	0	0	538,52
SR00535	31/5/2026	R	9,90151E+11	MATERIALES PREFABRICADOS PARA LA	J	9	1	12				2,001E+12	394,97	357,76	31/3/2026	30/4/2026	30/4/2026	30	30	31	357,76	0	0	0	0	0	0	0	357,76	0	0	0	0	0	394,97
SR00535	31/5/2026	R	9,90151E+11	MATERIALES PREFABRICADOS PARA LA	J	9	1	12				2,001E+12	1306,62	1119,47	23/3/2026	22/4/2026	22/4/2026	30	30	39	1119,47	0	0	0	0	0	0	0	1119,47	0	0	0	0	0	1306,62
SR00535	31/5/2026	R	9,90151E+11	MATERIALES PREFABRICADOS PARA LA	J	9	1	12				2,001E+12	851,87	738,28	23/3/2026	22/4/2026	22/4/2026	30	30	39	738,28	0	0	0	0	0	0	0	738,28	0	0	0	0	0	851,87
SR00535	31/5/2026	R	1,79206E+12	MECANOPLAST DON BOSCO	J	17	1	17				1,001E+12	2925,6	2925,6	8/5/2026	7/6/2026	7/6/2026	30	30	0	0	0	2925,6	0	0	0	0	0	0	0	0	0	0	0	2925,6
SR00535	31/5/2026	R	1,79206E+12	MECANOPLAST DON BOSCO	J	17	1	17				1,001E+12	2925,6	2925,6	19/5/2026	18/6/2026	18/6/2026	30	30	0	0	0	2925,6	0	0	0	0	0	0	0	0	0	0	0	2925,6
SR00535	31/5/2026	R	1,79206E+12	MECANOPLAST DON BOSCO	J	17	1	17				1,001E+12	2925,6	2925,6	12/5/2026	11/6/2026	11/6/2026	30	30	0	0	0	2925,6	0	0	0	0	0	0	0	0	0	0	0	2925,6
SR00535	31/5/2026	R	1,1918E+12	MEGAFERCONS S,A,S	J	11	1	50				3,001E+12	3433,88	3039,84	21/5/2026	30/6/2026	30/6/2026	40	40	0	0	0	3039,84	0	0	0	0	0	0	0	0	0	0	0	3433,88
SR00535	31/5/2026	R	1,1918E+12	MEGAFERCONS S,A,S	J	11	1	50				3,001E+12	1342,68	1188,6	26/5/2026	5/7/2026	5/7/2026	40	40	0	0	0	0	1188,6	0	0	0	0	0	0	0	0	0	0	1342,68
SR00535	31/5/2026	R	1,79253E+12	MEGAGROSTORE CENTRO	J	17	1	50				1,001E+12	1590,93	1551,81	6/5/2026	15/6/2026	15/6/2026	40	40	0	0	0	1551,81	0	0	0	0	0	0	0	0	0	0	0	1590,93
SR00535	31/5/2026	R	1,79253E+12	MEGAGROSTORE CENTRO	J	17	1	50				1,001E+12	187,83	181,01	21/5/2026	30/6/2026	30/6/2026	40	40	0	0	0	181,01	0	0	0	0	0	0	0	0	0	0	0	187,83
SR00535	31/5/2026	R	1,79253E+12	MEGAGROSTORE CENTRO	J	17	1	50				1,001E+12	91,29	87,97	6/5/2026	15/6/2026	15/6/2026	40	40	0	0	0	87,97	0	0	0	0	0	0	0	0	0	0	0	91,29
SR00535	31/5/2026	R	1,79253E+12	MEGAGROSTORE CENTRO	J	17	1	50				1,001E+12	1067,69	1049,8	21/5/2026	30/6/2026	30/6/2026	40	40	0	0	0	1049,8	0	0	0	0	0	0	0	0	0	0	0	1067,69
SR00535	31/5/2026	R	1,89171E+12	MEGAKONS S,A,	J	18	1	3				1,001E+12	481,48	475,2	10/5/2026	29/6/2026	29/6/2026	50	50	0	0	0	475,2	0	0	0	0	0	0	0	0	0	0	0	481,48
SR00535	31/5/2026	R	1,89171E+12	MEGAKONS S,A,	J	18	1	3				1,001E+12	5796,49	5720,88	30/3/2026	19/5/2026	19/5/2026	50	50	12	5720,88	0	0	0	0	0	0	5720,88	0	0	0	0	0	0	5796,49
SR00535	31/5/2026	R	1,89171E+12	MEGAKONS S,A,	J	18	1	3				1,001E+12	16769,54	12664,22	27/4/2026	16/6/2026	16/6/2026	50	50	0	0	0	12664,22	0	0	0	0	0	0	0	0	0	0	0	16769,54
SR00535	31/5/2026	R	1,89171E+12	MEGAKONS S,A,	J	18	1	3				1,001E+12	1059,12	1045,31	30/3/2026	19/5/2026	19/5/2026	50	50	12	1045,31	0	0	0	0	0	0	1045,31	0	0	0	0	0	0	1059,12
SR00535	31/5/2026	R	1,89171E+12	MEGAKONS S,A,	J	18	1	3				1,001E+12	5139,13	5072,1	21/4/2026	10/6/2026	10/6/2026	50	50	0	0	0	5072,1	0	0	0	0	0	0	0	0	0	0	0	5139,13
SR00535	31/5/2026	R	1,89171E+12	MEGAKONS S,A,	J	18	1	3				1,001E+12	412,22	406,84	3/5/2026	22/6/2026	22/6/2026	50	50	0	0	0	406,84	0	0	0	0	0	0	0	0	0	0	0	412,22
SR00535	31/5/2026	R	1,89171E+12	MEGAKONS S,A,	J	18	1	3				1,001E+12	8380,1	8270,79	20/5/2026	9/7/2026	9/7/2026	50	50	0	0	0	0	8270,79	0	0	0	0	0	0	0	0	0	0	8380,1
SR00535	31/5/2026	R	1,89171E+12	MEGAKONS S,A,	J	18	1	3				1,001E+12	6382,6	6299,35	22/4/2026	11/6/2026	11/6/2026	50	50	0	0	0	6299,35	0	0	0	0	0	0	0	0	0	0	0	6382,6
SR00535	31/5/2026	R	1,89171E+12	MEGAKONS S,A,	J	18	1	3				1,001E+12	1052,6	1038,87	26/3/2026	15/5/2026	15/5/2026	50	50	16	1038,87	0	0	0	0	0	0	1038,87	0	0	0	0	0	0	1052,6
SR00535	31/5/2026	R	1,89171E+12	MEGAKONS S,A,	J	18	1	3				1,001E+12	9938,93	9809,29	21/5/2026	10/7/2026	10/7/2026	50	50	0	0	0	0	9809,29	0	0	0	0	0	0	0	0	0	0	9938,93
SR00535	31/5/2026	R	1,89171E+12	MEGAKONS S,A,	J	18	1	3				1,001E+12	1375,76	1357,82	29/4/2026	18/6/2026	18/6/2026	50	50	0	0	0	1357,82	0	0	0	0	0	0	0	0	0	0	0	1375,76
SR00535	31/5/2026	R	1,89171E+12	MEGAKONS S,A,	J	18	1	3				1,001E+12	7179,42	7085,78	29/5/2026	18/7/2026	18/7/2026	50	50	0	0	0	0	7085,78	0	0	0	0	0	0	0	0	0	0	7179,42
SR00535	31/5/2026	R	1,89171E+12	MEGAKONS S,A,	J	18	1	3				1,001E+12	9653,01	9527,1	13/5/2026	2/7/2026	2/7/2026	50	50	0	0	0	0	9527,1	0	0	0	0	0	0	0	0	0	0	9653,01
SR00535	31/5/2026	R	1,89171E+12	MEGAKONS S,A,	J	18	1	3				1,001E+12	1515,44	1495,67	6/4/2026	26/5/2026	26/5/2026	50	50	5	1495,67	0	0	0	0	0	0	1495,67	0	0	0	0	0	0	1515,44
SR00535	31/5/2026	R	1,89171E+12	MEGAKONS S,A,	J	18	1	3				1,001E+12	1003,21	990,12	25/5/2026	14/7/2026	14/7/2026	50	50	0	0	0	0	990,12	0	0	0	0	0	0	0	0	0	0	1003,21
SR00535	31/5/2026	R	1,89171E+12	MEGAKONS S,A,	J	18	1	3				1,001E+12	170,61	168,38	21/4/2026	10/6/2026	10/6/2026	50	50	0	0	0	168,38	0	0	0	0	0	0	0	0	0	0	0	170,61
SR00535	31/5/2026	R	1,89171E+12	MEGAKONS S,A,	J	18	1	3				1,001E+12	4383,88	4326,7	20/5/2026	9/7/2026	9/7/2026	50	50	0	0	0	0	4326,7	0	0	0	0	0	0	0	0	0	0	4383,88
SR00535	31/5/2026	R	1,89171E+12	MEGAKONS S,A,	J	18	1	3				1,001E+12	950,69	938,29	7/5/2026	26/6/2026	26/6/2026	50	50	0	0	0	938,29	0	0	0	0	0	0	0	0	0	0	0	950,69
SR00535	31/5/2026	R	1,89171E+12	MEGAKONS S,A,	J	18	1	3				1,001E+12	4601,1	4541,09	19/5/2026	8/7/2026	8/7/2026	50	50	0	0	0	0	4541,09	0	0	0	0	0	0	0	0	0	0	4601,1
SR00535	31/5/2026	R	1,89171E+12	MEGAKONS S,A,	J	18	1	3				1,001E+12	875,97	864,54	6/5/2026	25/6/2026	25/6/2026	50	50	0	0	0	864,54	0	0	0	0	0	0	0	0	0	0	0	875,97
SR00535	31/5/2026	R	1,89171E+12	MEGAKONS S,A,	J	18	1	3				1,001E+12	3031,54	2992	31/3/2026	20/5/2026	20/5/2026	50	50	11	2992	0	0	0	0	0	0	2992	0	0	0	0	0	0	3031,54
SR00535	31/5/2026	R	1,89171E+12	MEGAKONS S,A,	J	18	1	3				1,001E+12	2522,49	2489,59	22/4/2026	11/6/2026	11/6/2026	50	50	0	0	0	2489,59	0	0	0	0	0	0	0	0	0	0	0	2522,49
SR00535	31/5/2026	R	1,89171E+12	MEGAKONS S,A,	J	18	1	3				1,001E+12	3965,38	3913,66	21/5/2026	10/7/2026	10/7/2026	50	50	0	0	0	0	3913,66	0	0	0	0	0	0	0	0	0	0	3965,38
SR00535	31/5/2026	R	1,89171E+12	MEGAKONS S,A,	J	18	1	3				1,001E+12	378,35	373,41	29/4/2026	18/6/2026	18/6/2026	50	50	0	0	0	373,41	0	0	0	0	0	0	0	0	0	0	0	378,35
SR00535	31/5/2026	R	1,89171E+12	MEGAKONS S,A,	J	18	1	3				1,001E+12	3043,36	3003,66	26/3/2026	15/5/2026	15/5/2026	50	50	16	3003,66	0	0	0	0	0	0	3003,66	0	0	0	0	0	0	3043,36
SR00535	31/5/2026	R	1,89171E+12	MEGAKONS S,A,	J	18	1	3				1,001E+12	5070,67	5004,53	30/3/2026	19/5/2026	19/5/2026	50	50	12	5004,53	0	0	0	0	0	0	5004,53	0	0	0	0	0	0	5070,67
SR00535	31/5/2026	R	1,89171E+12	MEGAKONS S,A,	J	18	1	3				1,001E+12	6241,4	6159,99	30/3/2026	19/5/2026	19/5/2026	50	50	12	6159,99	0	0	0	0	0	0	6159,99	0	0	0	0	0	0	6241,4
SR00535	31/5/2026	R	1,89171E+12	MEGAKONS S,A,	J	18	1	3				1,001E+12	2229,93	2200,84	13/5/2026	2/7/2026	2/7/2026	50	50	0	0	0	0	2200,84	0	0	0	0	0	0	0	0	0	0	2229,93
SR00535	31/5/2026	R	1,89171E+12	MEGAKONS S,A,	J	18	1	3				1,001E+12	1022,51	1009,17	13/5/2026	2/7/2026	2/7/2026	50	50	0	0	0	0	1009,17	0	0	0	0	0	0	0	0	0	0	1022,51
SR00535	31/5/2026	R	1,89171E+12	MEGAKONS S,A,	J	18	1	3				1,001E+12	1074,1	1060,09	13/4/2026	2/6/2026	2/6/2026	50	50	0	0	0	1060,09	0	0	0	0	0	0	0	0	0	0	0	1074,1
SR00535	31/5/2026	R	1,89171E+12	MEGAKONS S,A,	J	18	1	3				1,001E+12	847,3	836,25	30/3/2026	19/5/2026	19/5/2026	50	50	12	836,25	0	0	0	0	0	0	836,25	0	0	0	0	0	0	847,3
SR00535	31/5/2026	R	1,89171E+12	MEGAKONS S,A,	J	18	1	3				1,001E+12	395,89	390,73	27/4/2026	16/6/2026	16/6/2026	50	50	0	0	0	390,73	0	0	0	0	0	0	0	0	0	0	0	395,89
SR00535	31/5/2026	R	1,89171E+12	MEGAKONS S,A,	J	18	1	3				1,001E+12	1329,49	1312,15	10/5/2026	29/6/2026	29/6/2026	50	50	0	0	0	1312,15	0	0	0	0	0	0	0	0	0	0	0	1329,49
SR00535	31/5/2026	R	1,89171E+12	MEGAKONS S,A,	J	18	1	3				1,001E+12	7796,76	5159,88	21/4/2026	10/6/2026	10/6/2026	50	50	0	0	0	5159,88	0	0	0	0	0	0	0	0	0	0	0	7796,76
SR00535	31/5/2026	R	1,89171E+12	MEGAKONS S,A,	J	18	1	3				1,001E+12	8054,34	7949,28	27/4/2026	16/6/2026	16/6/2026	50	50	0	0	0	7949,28	0	0	0	0	0	0	0	0	0	0	0	8054,34
SR00535	31/5/2026	R	1,89171E+12	MEGAKONS S,A,	J	18	1	3				1,001E+12	449,49	443,63	19/5/2026	8/7/2026	8/7/2026	50	50	0	0	0	0	443,63	0	0	0	0	0	0	0	0	0	0	449,49
SR00535	31/5/2026	R	1,89171E+12	MEGAKONS S,A,	J	18	1	3				1,001E+12	581,08	573,5	6/4/2026	26/5/2026	26/5/2026	50	50	5	573,5	0	0	0	0	0	0	573,5	0	0	0	0	0	0	581,08
SR00535	31/5/2026	R	1,89171E+12	MEGAKONS S,A,	J	18	1	3				1,001E+12	1760,54	1737,58	24/4/2026	13/6/2026	13/6/2026	50	50	0	0	0	1737,58	0	0	0	0	0	0	0	0	0	0	0	1760,54
SR00535	31/5/2026	R	1,89171E+12	MEGAKONS S,A,	J	18	1	3				1,001E+12	323,04	318,83	25/5/2026	14/7/2026	14/7/2026	50	50	0	0	0	0	318,83	0	0	0	0	0	0	0	0	0	0	323,04
SR00535	31/5/2026	R	1,89171E+12	MEGAKONS S,A,	J	18	1	3				1,001E+12	4753,44	4691,44	11/5/2026	30/6/2026	30/6/2026	50	50	0	0	0	4691,44	0	0	0	0	0	0	0	0	0	0	0	4753,44
SR00535	31/5/2026	R	1,89171E+12	MEGAKONS S,A,	J	18	1	3				1,001E+12	886,33	874,77	13/5/2026	2/7/2026	2/7/2026	50	50	0	0	0	0	874,77	0	0	0	0	0	0	0	0	0	0	886,33
SR00535	31/5/2026	R	1,89171E+12	MEGAKONS S,A,	J	18	1	3				1,001E+12	1338	1320,55	6/5/2026	25/6/2026	25/6/2026	50	50	0	0	0	1320,55	0	0	0	0	0	0	0	0	0	0	0	1338
SR00535	31/5/2026	R	1,89171E+12	MEGAKONS S,A,	J	18	1	3				1,001E+12	1021,55	1008,23	29/5/2026	18/7/2026	18/7/2026	50	50	0	0	0	0	1008,23	0	0	0	0	0	0	0	0	0	0	1021,55
SR00535	31/5/2026	R	1,89171E+12	MEGAKONS S,A,	J	18	1	3				1,001E+12	13515,94	13339,65	30/3/2026	19/5/2026	19/5/2026	50	50	12	13339,65	0	0	0	0	0	0	13339,65	0	0	0	0	0	0	13515,94
SR00535	31/5/2026	R	1,89171E+12	MEGAKONS S,A,	J	18	1	3				1,001E+12	5809,75	5733,97	4/5/2026	23/6/2026	23/6/2026	50	50	0	0	0	5733,97	0	0	0	0	0	0	0	0	0	0	0	5809,75
SR00535	31/5/2026	R	1,89171E+12	MEGAKONS S,A,	J	18	1	3				1,001E+12	10528,81	10391,48	26/3/2026	15/5/2026	15/5/2026	50	50	16	10391,48	0	0	0	0	0	0	10391,48	0	0	0	0	0	0	10528,81
SR00535	31/5/2026	R	1,89171E+12	MEGAKONS S,A,	J	18	1	3				1,001E+12	529,7	522,79	29/4/2026	18/6/2026	18/6/2026	50	50	0	0	0	522,79	0	0	0	0	0	0	0	0	0	0	0	529,7
SR00535	31/5/2026	R	1,89171E+12	MEGAKONS S,A,	J	18	1	3				1,001E+12	696,84	687,75	19/5/2026	8/7/2026	8/7/2026	50	50	0	0	0	0	687,75	0	0	0	0	0	0	0	0	0	0	696,84
SR00535	31/5/2026	R	1,89171E+12	MEGAKONS S,A,	J	18	1	3				1,001E+12	527,19	520,31	30/3/2026	19/5/2026	19/5/2026	50	50	12	520,31	0	0	0	0	0	0	520,31	0	0	0	0	0	0	527,19
SR00535	31/5/2026	R	1,89171E+12	MEGAKONS S,A,	J	18	1	3				1,001E+12	3995,5	3943,38	31/3/2026	20/5/2026	20/5/2026	50	50	11	3943,38	0	0	0	0	0	0	3943,38	0	0	0	0	0	0	3995,5
SR00535	31/5/2026	R	1,89171E+12	MEGAKONS S,A,	J	18	1	3				1,001E+12	671,96	663,2	27/4/2026	16/6/2026	16/6/2026	50	50	0	0	0	663,2	0	0	0	0	0	0	0	0	0	0	0	671,96
SR00535	31/5/2026	R	1,89171E+12	MEGAKONS S,A,	J	18	1	3				1,001E+12	98,98	97,69	6/5/2026	25/6/2026	25/6/2026	50	50	0	0	0	97,69	0	0	0	0	0	0	0	0	0	0	0	98,98
SR00535	31/5/2026	R	1,89171E+12	MEGAKONS S,A,	J	18	1	3				1,001E+12	4057,82	4004,89	20/5/2026	9/7/2026	9/7/2026	50	50	0	0	0	0	4004,89	0	0	0	0	0	0	0	0	0	0	4057,82
SR00535	31/5/2026	R	1,89171E+12	MEGAKONS S,A,	J	18	1	3				1,001E+12	6322,63	6240,16	29/4/2026	18/6/2026	18/6/2026	50	50	0	0	0	6240,16	0	0	0	0	0	0	0	0	0	0	0	6322,63
SR00535	31/5/2026	R	1,89171E+12	MEGAKONS S,A,	J	18	1	3				1,001E+12	6700,74	6613,34	19/5/2026	8/7/2026	8/7/2026	50	50	0	0	0	0	6613,34	0	0	0	0	0	0	0	0	0	0	6700,74
SR00535	31/5/2026	R	1,89171E+12	MEGAKONS S,A,	J	18	1	3				1,001E+12	1329,49	1312,15	25/5/2026	14/7/2026	14/7/2026	50	50	0	0	0	0	1312,15	0	0	0	0	0	0	0	0	0	0	1329,49
SR00535	31/5/2026	R	1,89171E+12	MEGAKONS S,A,	J	18	1	3				1,001E+12	3455,38	3410,31	26/3/2026	15/5/2026	15/5/2026	50	50	16	3410,31	0	0	0	0	0	0	3410,31	0	0	0	0	0	0	3455,38
SR00535	31/5/2026	R	1,89171E+12	MEGAKONS S,A,	J	18	1	3				1,001E+12	334,4	330,04	7/5/2026	26/6/2026	26/6/2026	50	50	0	0	0	330,04	0	0	0	0	0	0	0	0	0	0	0	334,4
SR00535	31/5/2026	R	1,89171E+12	MEGAKONS S,A,	J	18	1	3				1,001E+12	5436,27	5365,36	23/4/2026	12/6/2026	12/6/2026	50	50	0	0	0	5365,36	0	0	0	0	0	0	0	0	0	0	0	5436,27
SR00535	31/5/2026	R	1,89171E+12	MEGAKONS S,A,	J	18	1	3				1,001E+12	20449,39	16194,06	15/4/2026	4/6/2026	4/6/2026	50	50	0	0	0	16194,06	0	0	0	0	0	0	0	0	0	0	0	20449,39
SR00535	31/5/2026	R	1,89171E+12	MEGAKONS S,A,	J	18	1	3				1,001E+12	231,45	228,43	19/5/2026	8/7/2026	8/7/2026	50	50	0	0	0	0	228,43	0	0	0	0	0	0	0	0	0	0	231,45
SR00535	31/5/2026	R	1,89171E+12	MEGAKONS S,A,	J	18	1	3				1,001E+12	2066,84	2039,88	13/5/2026	2/7/2026	2/7/2026	50	50	0	0	0	0	2039,88	0	0	0	0	0	0	0	0	0	0	2066,84
SR00535	31/5/2026	R	1,89171E+12	MEGAKONS S,A,	J	18	1	3				1,001E+12	1408,43	1390,06	11/5/2026	30/6/2026	30/6/2026	50	50	0	0	0	1390,06	0	0	0	0	0	0	0	0	0	0	0	1408,43
SR00535	31/5/2026	R	1,89171E+12	MEGAKONS S,A,	J	18	1	3				1,001E+12	12847,79	12680,21	7/4/2026	27/5/2026	27/5/2026	50	50	4	12680,21	0	0	0	0	0	0	12680,21	0	0	0	0	0	0	12847,79
SR00535	31/5/2026	R	1,89171E+12	MEGAKONS S,A,	J	18	1	3				1,001E+12	2954,84	2916,3	13/5/2026	2/7/2026	2/7/2026	50	50	0	0	0	0	2916,3	0	0	0	0	0	0	0	0	0	0	2954,84
SR00535	31/5/2026	R	1,89171E+12	MEGAKONS S,A,	J	18	1	3				1,001E+12	2026,32	1999,89	26/3/2026	15/5/2026	15/5/2026	50	50	16	1999,89	0	0	0	0	0	0	1999,89	0	0	0	0	0	0	2026,32
SR00535	31/5/2026	R	1,89171E+12	MEGAKONS S,A,	J	18	1	3				1,001E+12	836,65	825,74	15/5/2026	4/7/2026	4/7/2026	50	50	0	0	0	0	825,74	0	0	0	0	0	0	0	0	0	0	836,65
SR00535	31/5/2026	R	1,89171E+12	MEGAKONS S,A,	J	18	1	3				1,001E+12	2342,41	2311,86	23/4/2026	12/6/2026	12/6/2026	50	50	0	0	0	2311,86	0	0	0	0	0	0	0	0	0	0	0	2342,41
SR00535	31/5/2026	R	1,89171E+12	MEGAKONS S,A,	J	18	1	3				1,001E+12	615,11	607,09	21/5/2026	10/7/2026	10/7/2026	50	50	0	0	0	0	607,09	0	0	0	0	0	0	0	0	0	0	615,11
SR00535	31/5/2026	R	1,89171E+12	MEGAKONS S,A,	J	18	1	3				1,001E+12	1329,49	1312,15	25/5/2026	14/7/2026	14/7/2026	50	50	0	0	0	0	1312,15	0	0	0	0	0	0	0	0	0	0	1329,49
SR00535	31/5/2026	R	9,92186E+11	MEGAMETALES S,A,	J	9	1	4				2,001E+12	691,55	682,53	15/5/2026	29/6/2026	29/6/2026	45	45	0	0	0	682,53	0	0	0	0	0	0	0	0	0	0	0	691,55
SR00535	31/5/2026	R	9,92186E+11	MEGAMETALES S,A,	J	9	1	4				2,001E+12	653,59	625,26	7/5/2026	21/6/2026	21/6/2026	45	45	0	0	0	625,26	0	0	0	0	0	0	0	0	0	0	0	653,59
SR00535	31/5/2026	R	9,92186E+11	MEGAMETALES S,A,	J	9	1	4				2,001E+12	244,48	241,29	7/5/2026	21/6/2026	21/6/2026	45	45	0	0	0	241,29	0	0	0	0	0	0	0	0	0	0	0	244,48
SR00535	31/5/2026	R	9,92186E+11	MEGAMETALES S,A,	J	9	1	4				2,001E+12	338,16	333,75	5/5/2026	19/6/2026	19/6/2026	45	45	0	0	0	333,75	0	0	0	0	0	0	0	0	0	0	0	338,16
SR00535	31/5/2026	R	9,92186E+11	MEGAMETALES S,A,	J	9	1	4				2,001E+12	453,48	435,63	8/5/2026	22/6/2026	22/6/2026	45	45	0	0	0	435,63	0	0	0	0	0	0	0	0	0	0	0	453,48
SR00535	31/5/2026	R	9,92186E+11	MEGAMETALES S,A,	J	9	1	4				1,001E+12	9318,48	7033,75	15/3/2026	13/6/2026	13/6/2026	90	90	0	0	0	7033,75	0	0	0	0	0	0	0	0	0	0	0	9318,48
SR00535	31/5/2026	R	9,92186E+11	MEGAMETALES S,A,	J	9	1	4				2,001E+12	501,65	495,11	15/5/2026	29/6/2026	29/6/2026	45	45	0	0	0	495,11	0	0	0	0	0	0	0	0	0	0	0	501,65
SR00535	31/5/2026	R	9,92186E+11	MEGAMETALES S,A,	J	9	1	4				2,001E+12	546,64	539,51	12/3/2026	10/6/2026	10/6/2026	90	90	0	0	0	539,51	0	0	0	0	0	0	0	0	0	0	0	546,64
SR00535	31/5/2026	R	9,92186E+11	MEGAMETALES S,A,	J	9	1	4				2,001E+12	356,94	352,28	6/5/2026	20/6/2026	20/6/2026	45	45	0	0	0	352,28	0	0	0	0	0	0	0	0	0	0	0	356,94
SR00535	31/5/2026	R	9,92186E+11	MEGAMETALES S,A,	J	9	1	4				2,001E+12	177,26	174,95	20/5/2026	4/7/2026	4/7/2026	45	45	0	0	0	0	174,95	0	0	0	0	0	0	0	0	0	0	177,26
SR00535	31/5/2026	R	9,92186E+11	MEGAMETALES S,A,	J	9	1	4				2,001E+12	176,35	169,2	4/5/2026	18/6/2026	18/6/2026	45	45	0	0	0	169,2	0	0	0	0	0	0	0	0	0	0	0	176,35
SR00535	31/5/2026	R	9,92186E+11	MEGAMETALES S,A,	J	9	1	4				2,001E+12	1168,32	1120,74	6/5/2026	20/6/2026	20/6/2026	45	45	0	0	0	1120,74	0	0	0	0	0	0	0	0	0	0	0	1168,32
SR00535	31/5/2026	R	9,92186E+11	MEGAMETALES S,A,	J	9	1	4				2,001E+12	449,87	431,55	4/5/2026	18/6/2026	18/6/2026	45	45	0	0	0	431,55	0	0	0	0	0	0	0	0	0	0	0	449,87
SR00535	31/5/2026	R	9,92186E+11	MEGAMETALES S,A,	J	9	1	4				2,001E+12	14887,43	14351,09	4/5/2026	18/6/2026	18/6/2026	45	45	0	0	0	14351,09	0	0	0	0	0	0	0	0	0	0	0	14887,43
SR00535	31/5/2026	R	9,92186E+11	MEGAMETALES S,A,	J	9	1	4				2,001E+12	1488,94	1469,52	12/5/2026	26/6/2026	26/6/2026	45	45	0	0	0	1469,52	0	0	0	0	0	0	0	0	0	0	0	1488,94
SR00535	31/5/2026	R	9,92186E+11	MEGAMETALES S,A,	J	9	1	4				2,001E+12	2052,64	2025,87	18/5/2026	2/7/2026	2/7/2026	45	45	0	0	0	0	2025,87	0	0	0	0	0	0	0	0	0	0	2052,64
SR00535	31/5/2026	R	9,92186E+11	MEGAMETALES S,A,	J	9	1	4				2,001E+12	46202,4	45599,76	15/5/2026	29/6/2026	29/6/2026	45	45	0	0	0	45599,76	0	0	0	0	0	0	0	0	0	0	0	46202,4
SR00535	31/5/2026	R	9,92186E+11	MEGAMETALES S,A,	J	9	1	4				2,001E+12	896,26	884,57	12/5/2026	26/6/2026	26/6/2026	45	45	0	0	0	884,57	0	0	0	0	0	0	0	0	0	0	0	896,26
SR00535	31/5/2026	R	9,92186E+11	MEGAMETALES S,A,	J	9	1	4				2,001E+12	544,66	521,06	6/5/2026	20/6/2026	20/6/2026	45	45	0	0	0	521,06	0	0	0	0	0	0	0	0	0	0	0	544,66
SR00535	31/5/2026	R	9,92186E+11	MEGAMETALES S,A,	J	9	1	4				2,001E+12	181,55	173,68	5/5/2026	19/6/2026	19/6/2026	45	45	0	0	0	173,68	0	0	0	0	0	0	0	0	0	0	0	181,55
SR00535	31/5/2026	R	9,92186E+11	MEGAMETALES S,A,	J	9	1	4				2,001E+12	2071,48	2044,46	15/5/2026	29/6/2026	29/6/2026	45	45	0	0	0	2044,46	0	0	0	0	0	0	0	0	0	0	0	2071,48
SR00535	31/5/2026	R	9,92186E+11	MEGAMETALES S,A,	J	9	1	4				2,001E+12	1612,85	1546,4	4/5/2026	18/6/2026	18/6/2026	45	45	0	0	0	1546,4	0	0	0	0	0	0	0	0	0	0	0	1612,85
SR00535	31/5/2026	R	9,92186E+11	MEGAMETALES S,A,	J	9	1	4				2,001E+12	1952,49	1872,04	18/5/2026	2/7/2026	2/7/2026	45	45	0	0	0	0	1872,04	0	0	0	0	0	0	0	0	0	0	1952,49
SR00535	31/5/2026	R	9,92186E+11	MEGAMETALES S,A,	J	9	1	4				2,001E+12	626,75	618,57	15/5/2026	29/6/2026	29/6/2026	45	45	0	0	0	618,57	0	0	0	0	0	0	0	0	0	0	0	626,75
SR00535	31/5/2026	R	9,92186E+11	MEGAMETALES S,A,	J	9	1	4				2,001E+12	633,68	607,72	5/5/2026	19/6/2026	19/6/2026	45	45	0	0	0	607,72	0	0	0	0	0	0	0	0	0	0	0	633,68
SR00535	31/5/2026	R	9,92186E+11	MEGAMETALES S,A,	J	9	1	4				2,001E+12	940,6	928,33	15/5/2026	29/6/2026	29/6/2026	45	45	0	0	0	928,33	0	0	0	0	0	0	0	0	0	0	0	940,6
SR00535	31/5/2026	R	9,92186E+11	MEGAMETALES S,A,	J	9	1	4				2,001E+12	273,72	262,33	7/5/2026	21/6/2026	21/6/2026	45	45	0	0	0	262,33	0	0	0	0	0	0	0	0	0	0	0	273,72
SR00535	31/5/2026	R	9,92186E+11	MEGAMETALES S,A,	J	9	1	4				2,001E+12	460,82	441,84	11/5/2026	25/6/2026	25/6/2026	45	45	0	0	0	441,84	0	0	0	0	0	0	0	0	0	0	0	460,82
SR00535	31/5/2026	R	9,92186E+11	MEGAMETALES S,A,	J	9	1	4				2,001E+12	5500,77	5342,4	6/5/2026	20/6/2026	20/6/2026	45	45	0	0	0	5342,4	0	0	0	0	0	0	0	0	0	0	0	5500,77
SR00535	31/5/2026	R	9,92186E+11	MEGAMETALES S,A,	J	9	1	4				2,001E+12	187,92	185,47	12/5/2026	26/6/2026	26/6/2026	45	45	0	0	0	185,47	0	0	0	0	0	0	0	0	0	0	0	187,92
SR00535	31/5/2026	R	9,92186E+11	MEGAMETALES S,A,	J	9	1	4				2,001E+12	117,45	115,92	14/5/2026	28/6/2026	28/6/2026	45	45	0	0	0	115,92	0	0	0	0	0	0	0	0	0	0	0	117,45
SR00535	31/5/2026	R	9,92186E+11	MEGAMETALES S,A,	J	9	1	4				2,001E+12	1382,45	1325,49	11/5/2026	25/6/2026	25/6/2026	45	45	0	0	0	1325,49	0	0	0	0	0	0	0	0	0	0	0	1382,45
SR00535	31/5/2026	R	9,92186E+11	MEGAMETALES S,A,	J	9	1	4				2,001E+12	1171,49	1123,22	20/5/2026	4/7/2026	4/7/2026	45	45	0	0	0	0	1123,22	0	0	0	0	0	0	0	0	0	0	1171,49
SR00535	31/5/2026	R	9,92186E+11	MEGAMETALES S,A,	J	9	1	4				2,001E+12	5068,98	4860,12	7/5/2026	21/6/2026	21/6/2026	45	45	0	0	0	4860,12	0	0	0	0	0	0	0	0	0	0	0	5068,98
SR00535	31/5/2026	R	9,92186E+11	MEGAMETALES S,A,	J	9	1	4				2,001E+12	744,46	734,75	12/5/2026	26/6/2026	26/6/2026	45	45	0	0	0	734,75	0	0	0	0	0	0	0	0	0	0	0	744,46
SR00535	31/5/2026	R	9,92186E+11	MEGAMETALES S,A,	J	9	1	4				2,001E+12	265,9	262,43	20/5/2026	4/7/2026	4/7/2026	45	45	0	0	0	0	262,43	0	0	0	0	0	0	0	0	0	0	265,9
SR00535	31/5/2026	R	9,92186E+11	MEGAMETALES S,A,	J	9	1	4				2,001E+12	745,21	732,05	4/5/2026	18/6/2026	18/6/2026	45	45	0	0	0	732,05	0	0	0	0	0	0	0	0	0	0	0	745,21
SR00535	31/5/2026	R	9,92186E+11	MEGAMETALES S,A,	J	9	1	4				2,001E+12	877,69	866,24	14/5/2026	28/6/2026	28/6/2026	45	45	0	0	0	866,24	0	0	0	0	0	0	0	0	0	0	0	877,69
SR00535	31/5/2026	R	9,92186E+11	MEGAMETALES S,A,	J	9	1	4				2,001E+12	1896,86	1820,78	4/5/2026	18/6/2026	18/6/2026	45	45	0	0	0	1820,78	0	0	0	0	0	0	0	0	0	0	0	1896,86
SR00535	31/5/2026	R	9,92186E+11	MEGAMETALES S,A,	J	9	1	4				2,001E+12	3152,04	3105,43	14/5/2026	28/6/2026	28/6/2026	45	45	0	0	0	3105,43	0	0	0	0	0	0	0	0	0	0	0	3152,04
SR00535	31/5/2026	R	9,92186E+11	MEGAMETALES S,A,	J	9	1	4				2,001E+12	5316,3	5097,66	14/5/2026	28/6/2026	28/6/2026	45	45	0	0	0	5097,66	0	0	0	0	0	0	0	0	0	0	0	5316,3
SR00535	31/5/2026	R	9,92186E+11	MEGAMETALES S,A,	J	9	1	4				2,001E+12	176,03	173,73	18/5/2026	2/7/2026	2/7/2026	45	45	0	0	0	0	173,73	0	0	0	0	0	0	0	0	0	0	176,03
SR00535	31/5/2026	R	9,92186E+11	MEGAMETALES S,A,	J	9	1	4				2,001E+12	443,16	437,38	27/5/2026	11/7/2026	11/7/2026	45	45	0	0	0	0	437,38	0	0	0	0	0	0	0	0	0	0	443,16
SR00535	31/5/2026	R	9,92186E+11	MEGAMETALES S,A,	J	9	1	4				2,001E+12	87,12	83,69	5/5/2026	19/6/2026	19/6/2026	45	45	0	0	0	83,69	0	0	0	0	0	0	0	0	0	0	0	87,12
SR00535	31/5/2026	R	9,92186E+11	MEGAMETALES S,A,	J	9	1	4				2,001E+12	354,53	349,91	27/5/2026	11/7/2026	11/7/2026	45	45	0	0	0	0	349,91	0	0	0	0	0	0	0	0	0	0	354,53
SR00535	31/5/2026	R	9,92186E+11	MEGAMETALES S,A,	J	9	1	4				2,001E+12	234,9	231,84	12/5/2026	26/6/2026	26/6/2026	45	45	0	0	0	231,84	0	0	0	0	0	0	0	0	0	0	0	234,9
SR00535	31/5/2026	R	9,92186E+11	MEGAMETALES S,A,	J	9	1	4				2,001E+12	2106,74	2022,85	4/5/2026	18/6/2026	18/6/2026	45	45	0	0	0	2022,85	0	0	0	0	0	0	0	0	0	0	0	2106,74
SR00535	31/5/2026	R	9,92186E+11	MEGAMETALES S,A,	J	9	1	4				2,001E+12	744,08	713,58	14/5/2026	28/6/2026	28/6/2026	45	45	0	0	0	713,58	0	0	0	0	0	0	0	0	0	0	0	744,08
SR00535	31/5/2026	R	9,92186E+11	MEGAMETALES S,A,	J	9	1	4				2,001E+12	363,1	347,35	5/5/2026	19/6/2026	19/6/2026	45	45	0	0	0	347,35	0	0	0	0	0	0	0	0	0	0	0	363,1
SR00535	31/5/2026	R	9,92186E+11	MEGAMETALES S,A,	J	9	1	4				2,001E+12	491,82	472,46	15/5/2026	29/6/2026	29/6/2026	45	45	0	0	0	472,46	0	0	0	0	0	0	0	0	0	0	0	491,82
SR00535	31/5/2026	R	9,92186E+11	MEGAMETALES S,A,	J	9	1	4				2,001E+12	2554,86	2450,71	15/5/2026	29/6/2026	29/6/2026	45	45	0	0	0	2450,71	0	0	0	0	0	0	0	0	0	0	0	2554,86
SR00535	31/5/2026	R	9,92186E+11	MEGAMETALES S,A,	J	9	1	4				2,001E+12	281,67	278	15/3/2026	13/6/2026	13/6/2026	90	90	0	0	0	278	0	0	0	0	0	0	0	0	0	0	0	281,67
SR00535	31/5/2026	R	9,92186E+11	MEGAMETALES S,A,	J	9	1	4				2,001E+12	87	83,57	8/5/2026	22/6/2026	22/6/2026	45	45	0	0	0	83,57	0	0	0	0	0	0	0	0	0	0	0	87
SR00535	31/5/2026	R	9,92186E+11	MEGAMETALES S,A,	J	9	1	4				2,001E+12	933,81	921,63	12/5/2026	26/6/2026	26/6/2026	45	45	0	0	0	921,63	0	0	0	0	0	0	0	0	0	0	0	933,81
SR00535	31/5/2026	R	9,92186E+11	MEGAMETALES S,A,	J	9	1	4				2,001E+12	585,74	561,61	18/5/2026	2/7/2026	2/7/2026	45	45	0	0	0	0	561,61	0	0	0	0	0	0	0	0	0	0	585,74
SR00535	31/5/2026	R	9,92186E+11	MEGAMETALES S,A,	J	9	1	4				2,001E+12	1841,66	1804,67	5/5/2026	19/6/2026	19/6/2026	45	45	0	0	0	1804,67	0	0	0	0	0	0	0	0	0	0	0	1841,66
SR00535	31/5/2026	R	9,92186E+11	MEGAMETALES S,A,	J	9	1	4				2,001E+12	104,81	103,44	19/5/2026	3/7/2026	3/7/2026	45	45	0	0	0	0	103,44	0	0	0	0	0	0	0	0	0	0	104,81
SR00535	31/5/2026	R	9,92186E+11	MEGAMETALES S,A,	J	9	1	4				2,001E+12	1827,48	1752,67	18/5/2026	2/7/2026	2/7/2026	45	45	0	0	0	0	1752,67	0	0	0	0	0	0	0	0	0	0	1827,48
SR00535	31/5/2026	R	9,92186E+11	MEGAMETALES S,A,	J	9	1	4				2,001E+12	860,37	849,15	15/5/2026	29/6/2026	29/6/2026	45	45	0	0	0	849,15	0	0	0	0	0	0	0	0	0	0	0	860,37
SR00535	31/5/2026	R	9,92186E+11	MEGAMETALES S,A,	J	9	1	4				2,001E+12	1597,07	1576,24	6/5/2026	20/6/2026	20/6/2026	45	45	0	0	0	1576,24	0	0	0	0	0	0	0	0	0	0	0	1597,07
SR00535	31/5/2026	R	9,92186E+11	MEGAMETALES S,A,	J	9	1	4				2,001E+12	1683,72	1614,35	11/5/2026	25/6/2026	25/6/2026	45	45	0	0	0	1614,35	0	0	0	0	0	0	0	0	0	0	0	1683,72
SR00535	31/5/2026	R	9,92186E+11	MEGAMETALES S,A,	J	9	1	4				2,001E+12	211,4	208,64	27/5/2026	11/7/2026	11/7/2026	45	45	0	0	0	0	208,64	0	0	0	0	0	0	0	0	0	0	211,4
SR00535	31/5/2026	R	9,92186E+11	MEGAMETALES S,A,	J	9	1	4				2,001E+12	1749,01	1726,2	15/5/2026	29/6/2026	29/6/2026	45	45	0	0	0	1726,2	0	0	0	0	0	0	0	0	0	0	0	1749,01
SR00535	31/5/2026	R	9,92186E+11	MEGAMETALES S,A,	J	9	1	4				2,001E+12	1097,16	1082,85	14/5/2026	28/6/2026	28/6/2026	45	45	0	0	0	1082,85	0	0	0	0	0	0	0	0	0	0	0	1097,16
SR00535	31/5/2026	R	9,92186E+11	MEGAMETALES S,A,	J	9	1	4				2,001E+12	1843,27	1767,32	5/5/2026	19/6/2026	19/6/2026	45	45	0	0	0	1767,32	0	0	0	0	0	0	0	0	0	0	0	1843,27
SR00535	31/5/2026	R	9,92186E+11	MEGAMETALES S,A,	J	9	1	4				2,001E+12	354,53	349,91	27/5/2026	11/7/2026	11/7/2026	45	45	0	0	0	0	349,91	0	0	0	0	0	0	0	0	0	0	354,53
SR00535	31/5/2026	R	9,92186E+11	MEGAMETALES S,A,	J	9	1	4				2,001E+12	244,48	241,29	7/5/2026	21/6/2026	21/6/2026	45	45	0	0	0	241,29	0	0	0	0	0	0	0	0	0	0	0	244,48
SR00535	31/5/2026	R	9,92186E+11	MEGAMETALES S,A,	J	9	1	4				1,001E+12	14901,04	11247,55	11/3/2026	9/6/2026	9/6/2026	90	90	0	0	0	11247,55	0	0	0	0	0	0	0	0	0	0	0	14901,04
SR00535	31/5/2026	R	9,92186E+11	MEGAMETALES S,A,	J	9	1	4				2,001E+12	1108,55	1064,13	5/5/2026	19/6/2026	19/6/2026	45	45	0	0	0	1064,13	0	0	0	0	0	0	0	0	0	0	0	1108,55
SR00535	31/5/2026	R	9,92186E+11	MEGAMETALES S,A,	J	9	1	4				2,001E+12	164,44	162,29	27/5/2026	11/7/2026	11/7/2026	45	45	0	0	0	0	162,29	0	0	0	0	0	0	0	0	0	0	164,44
SR00535	31/5/2026	R	9,92186E+11	MEGAMETALES S,A,	J	9	1	4				2,001E+12	509,86	489,19	15/5/2026	29/6/2026	29/6/2026	45	45	0	0	0	489,19	0	0	0	0	0	0	0	0	0	0	0	509,86
SR00535	31/5/2026	R	9,92186E+11	MEGAMETALES S,A,	J	9	1	4				2,001E+12	821,19	787,35	15/5/2026	29/6/2026	29/6/2026	45	45	0	0	0	787,35	0	0	0	0	0	0	0	0	0	0	0	821,19
SR00535	31/5/2026	R	9,92186E+11	MEGAMETALES S,A,	J	9	1	4				2,001E+12	757,15	726,95	4/5/2026	18/6/2026	18/6/2026	45	45	0	0	0	726,95	0	0	0	0	0	0	0	0	0	0	0	757,15
SR00535	31/5/2026	R	9,92186E+11	MEGAMETALES S,A,	J	9	1	4				2,001E+12	3626,15	3578,85	5/5/2026	19/6/2026	19/6/2026	45	45	0	0	0	3578,85	0	0	0	0	0	0	0	0	0	0	0	3626,15
SR00535	31/5/2026	R	9,92186E+11	MEGAMETALES S,A,	J	9	1	4				2,001E+12	1483,33	1422,46	15/5/2026	29/6/2026	29/6/2026	45	45	0	0	0	1422,46	0	0	0	0	0	0	0	0	0	0	0	1483,33
SR00535	31/5/2026	R	9,92186E+11	MEGAMETALES S,A,	J	9	1	4				2,001E+12	358,37	344,27	19/5/2026	3/7/2026	3/7/2026	45	45	0	0	0	0	344,27	0	0	0	0	0	0	0	0	0	0	358,37
SR00535	31/5/2026	R	9,92186E+11	MEGAMETALES S,A,	J	9	1	4				2,001E+12	1397,58	1340	13/5/2026	27/6/2026	27/6/2026	45	45	0	0	0	1340	0	0	0	0	0	0	0	0	0	0	0	1397,58
SR00535	31/5/2026	R	9,92186E+11	MEGAMETALES S,A,	J	9	1	4				2,001E+12	4240,82	4088,18	4/5/2026	18/6/2026	18/6/2026	45	45	0	0	0	4088,18	0	0	0	0	0	0	0	0	0	0	0	4240,82
SR00535	31/5/2026	R	9,92186E+11	MEGAMETALES S,A,	J	9	1	4				2,001E+12	4105,97	3936,79	14/5/2026	28/6/2026	28/6/2026	45	45	0	0	0	3936,79	0	0	0	0	0	0	0	0	0	0	0	4105,97
SR00535	31/5/2026	R	9,92186E+11	MEGAMETALES S,A,	J	9	1	4				1,001E+12	6342,38	4787,34	15/3/2026	13/6/2026	13/6/2026	90	90	0	0	0	4787,34	0	0	0	0	0	0	0	0	0	0	0	6342,38
SR00535	31/5/2026	R	9,92186E+11	MEGAMETALES S,A,	J	9	1	4				2,001E+12	177,26	174,95	27/5/2026	11/7/2026	11/7/2026	45	45	0	0	0	0	174,95	0	0	0	0	0	0	0	0	0	0	177,26
SR00535	31/5/2026	R	9,92186E+11	MEGAMETALES S,A,	J	9	1	4				2,001E+12	146,69	144,78	6/5/2026	20/6/2026	20/6/2026	45	45	0	0	0	144,78	0	0	0	0	0	0	0	0	0	0	0	146,69
SR00535	31/5/2026	R	9,92186E+11	MEGAMETALES S,A,	J	9	1	4				2,001E+12	234,9	231,84	15/5/2026	29/6/2026	29/6/2026	45	45	0	0	0	231,84	0	0	0	0	0	0	0	0	0	0	0	234,9
SR00535	31/5/2026	R	9,92186E+11	MEGAMETALES S,A,	J	9	1	4				2,001E+12	117,45	115,92	27/5/2026	11/7/2026	11/7/2026	45	45	0	0	0	0	115,92	0	0	0	0	0	0	0	0	0	0	117,45
SR00535	31/5/2026	R	9,92186E+11	MEGAMETALES S,A,	J	9	1	4				2,001E+12	910,33	898,46	7/5/2026	21/6/2026	21/6/2026	45	45	0	0	0	898,46	0	0	0	0	0	0	0	0	0	0	0	910,33
SR00535	31/5/2026	R	9,92186E+11	MEGAMETALES S,A,	J	9	1	4				2,001E+12	627,95	602,62	4/5/2026	18/6/2026	18/6/2026	45	45	0	0	0	602,62	0	0	0	0	0	0	0	0	0	0	0	627,95
SR00535	31/5/2026	R	9,92186E+11	MEGAMETALES S,A,	J	9	1	4				2,001E+12	78,6	77,57	19/5/2026	3/7/2026	3/7/2026	45	45	0	0	0	0	77,57	0	0	0	0	0	0	0	0	0	0	78,6
SR00535	31/5/2026	R	9,92186E+11	MEGAMETALES S,A,	J	9	1	4				2,001E+12	386,26	381,22	18/5/2026	2/7/2026	2/7/2026	45	45	0	0	0	0	381,22	0	0	0	0	0	0	0	0	0	0	386,26
SR00535	31/5/2026	R	9,92186E+11	MEGAMETALES S,A,	J	9	1	4				2,001E+12	1695,47	1634,63	4/5/2026	18/6/2026	18/6/2026	45	45	0	0	0	1634,63	0	0	0	0	0	0	0	0	0	0	0	1695,47
SR00535	31/5/2026	R	9,92186E+11	MEGAMETALES S,A,	J	9	1	4				2,001E+12	2607,44	2573,43	18/5/2026	2/7/2026	2/7/2026	45	45	0	0	0	0	2573,43	0	0	0	0	0	0	0	0	0	0	2607,44
SR00535	31/5/2026	R	9,92186E+11	MEGAMETALES S,A,	J	9	1	4				2,001E+12	446,68	440,85	6/5/2026	20/6/2026	20/6/2026	45	45	0	0	0	440,85	0	0	0	0	0	0	0	0	0	0	0	446,68
SR00535	31/5/2026	R	9,92186E+11	MEGAMETALES S,A,	J	9	1	4				2,001E+12	691,23	662,74	15/5/2026	29/6/2026	29/6/2026	45	45	0	0	0	662,74	0	0	0	0	0	0	0	0	0	0	0	691,23
SR00535	31/5/2026	R	9,92186E+11	MEGAMETALES S,A,	J	9	1	4				2,001E+12	460,82	441,84	14/5/2026	28/6/2026	28/6/2026	45	45	0	0	0	441,84	0	0	0	0	0	0	0	0	0	0	0	460,82
SR00535	31/5/2026	R	9,92186E+11	MEGAMETALES S,A,	J	9	1	4				2,001E+12	2612,46	2578,38	14/5/2026	28/6/2026	28/6/2026	45	45	0	0	0	2578,38	0	0	0	0	0	0	0	0	0	0	0	2612,46
SR00535	31/5/2026	R	9,92186E+11	MEGAMETALES S,A,	J	9	1	4				2,001E+12	1003,03	989,95	18/5/2026	2/7/2026	2/7/2026	45	45	0	0	0	0	989,95	0	0	0	0	0	0	0	0	0	0	1003,03
SR00535	31/5/2026	R	9,92186E+11	MEGAMETALES S,A,	J	9	1	4				2,001E+12	19666,48	19409,96	15/5/2026	29/6/2026	29/6/2026	45	45	0	0	0	19409,96	0	0	0	0	0	0	0	0	0	0	0	19666,48
SR00535	31/5/2026	R	9,92186E+11	MEGAMETALES S,A,	J	9	1	4				2,001E+12	185,24	177,94	19/5/2026	3/7/2026	3/7/2026	45	45	0	0	0	0	177,94	0	0	0	0	0	0	0	0	0	0	185,24
SR00535	31/5/2026	R	9,92186E+11	MEGAMETALES S,A,	J	9	1	4				2,001E+12	181,39	174,25	4/5/2026	18/6/2026	18/6/2026	45	45	0	0	0	174,25	0	0	0	0	0	0	0	0	0	0	0	181,39
SR00535	31/5/2026	R	9,92186E+11	MEGAMETALES S,A,	J	9	1	4				2,001E+12	746,89	737,15	12/5/2026	26/6/2026	26/6/2026	45	45	0	0	0	737,15	0	0	0	0	0	0	0	0	0	0	0	746,89
SR00535	31/5/2026	R	9,92186E+11	MEGAMETALES S,A,	J	9	1	4				2,001E+12	146,69	144,78	7/5/2026	21/6/2026	21/6/2026	45	45	0	0	0	144,78	0	0	0	0	0	0	0	0	0	0	0	146,69
SR00535	31/5/2026	R	9,92186E+11	MEGAMETALES S,A,	J	9	1	4				2,001E+12	89,07	85,56	19/5/2026	3/7/2026	3/7/2026	45	45	0	0	0	0	85,56	0	0	0	0	0	0	0	0	0	0	89,07
SR00535	31/5/2026	R	9,92186E+11	MEGAMETALES S,A,	J	9	1	4				2,001E+12	77,26	76,25	7/5/2026	21/6/2026	21/6/2026	45	45	0	0	0	76,25	0	0	0	0	0	0	0	0	0	0	0	77,26
SR00535	31/5/2026	R	9,92186E+11	MEGAMETALES S,A,	J	9	1	4				2,001E+12	20160,12	19875,17	4/5/2026	18/6/2026	18/6/2026	45	45	0	0	0	19875,17	0	0	0	0	0	0	0	0	0	0	0	20160,12
SR00535	31/5/2026	R	9,92186E+11	MEGAMETALES S,A,	J	9	1	4				2,001E+12	585,74	561,61	20/5/2026	4/7/2026	4/7/2026	45	45	0	0	0	0	561,61	0	0	0	0	0	0	0	0	0	0	585,74
SR00535	31/5/2026	R	9,92186E+11	MEGAMETALES S,A,	J	9	1	4				2,001E+12	1382,06	1344,56	7/5/2026	21/6/2026	21/6/2026	45	45	0	0	0	1344,56	0	0	0	0	0	0	0	0	0	0	0	1382,06
SR00535	31/5/2026	R	9,92186E+11	MEGAMETALES S,A,	J	9	1	4				2,001E+12	125,28	123,65	5/5/2026	19/6/2026	19/6/2026	45	45	0	0	0	123,65	0	0	0	0	0	0	0	0	0	0	0	125,28
SR00535	31/5/2026	R	9,92186E+11	MEGAMETALES S,A,	J	9	1	4				2,001E+12	585,74	561,61	20/5/2026	4/7/2026	4/7/2026	45	45	0	0	0	0	561,61	0	0	0	0	0	0	0	0	0	0	585,74
SR00535	31/5/2026	R	9,92186E+11	MEGAMETALES S,A,	J	9	1	4				2,001E+12	177,26	174,95	27/5/2026	11/7/2026	11/7/2026	45	45	0	0	0	0	174,95	0	0	0	0	0	0	0	0	0	0	177,26
SR00535	31/5/2026	R	9,92186E+11	MEGAMETALES S,A,	J	9	1	4				2,001E+12	676,3	667,48	5/5/2026	19/6/2026	19/6/2026	45	45	0	0	0	667,48	0	0	0	0	0	0	0	0	0	0	0	676,3
SR00535	31/5/2026	R	9,92186E+11	MEGAMETALES S,A,	J	9	1	4				2,001E+12	1784,7	1712,34	15/5/2026	29/6/2026	29/6/2026	45	45	0	0	0	1712,34	0	0	0	0	0	0	0	0	0	0	0	1784,7
SR00535	31/5/2026	R	9,92186E+11	MEGAMETALES S,A,	J	9	1	4				2,001E+12	110,03	108,59	19/5/2026	3/7/2026	3/7/2026	45	45	0	0	0	0	108,59	0	0	0	0	0	0	0	0	0	0	110,03
SR00535	31/5/2026	R	9,92186E+11	MEGAMETALES S,A,	J	9	1	4				2,001E+12	453,48	435,63	11/5/2026	25/6/2026	25/6/2026	45	45	0	0	0	435,63	0	0	0	0	0	0	0	0	0	0	0	453,48
SR00535	31/5/2026	R	9,92186E+11	MEGAMETALES S,A,	J	9	1	4				2,001E+12	390,51	374,43	20/5/2026	4/7/2026	4/7/2026	45	45	0	0	0	0	374,43	0	0	0	0	0	0	0	0	0	0	390,51
SR00535	31/5/2026	R	9,92186E+11	MEGAMETALES S,A,	J	9	1	4				2,001E+12	7251,74	7051,12	4/5/2026	18/6/2026	18/6/2026	45	45	0	0	0	7051,12	0	0	0	0	0	0	0	0	0	0	0	7251,74
SR00535	31/5/2026	R	9,92186E+11	MEGAMETALES S,A,	J	9	1	4				2,001E+12	1410,91	1366,55	5/5/2026	19/6/2026	19/6/2026	45	45	0	0	0	1366,55	0	0	0	0	0	0	0	0	0	0	0	1410,91
SR00535	31/5/2026	R	9,92186E+11	MEGAMETALES S,A,	J	9	1	4				2,001E+12	1102,07	1087,69	19/5/2026	3/7/2026	3/7/2026	45	45	0	0	0	0	1087,69	0	0	0	0	0	0	0	0	0	0	1102,07
SR00535	31/5/2026	R	9,92186E+11	MEGAMETALES S,A,	J	9	1	4				2,001E+12	349,4	335	19/5/2026	3/7/2026	3/7/2026	45	45	0	0	0	0	335	0	0	0	0	0	0	0	0	0	0	349,4
SR00535	31/5/2026	R	9,92186E+11	MEGAMETALES S,A,	J	9	1	4				2,001E+12	72,62	69,47	12/5/2026	26/6/2026	26/6/2026	45	45	0	0	0	69,47	0	0	0	0	0	0	0	0	0	0	0	72,62
SR00535	31/5/2026	R	9,92186E+11	MEGAMETALES S,A,	J	9	1	4				2,001E+12	176,99	170,02	18/5/2026	2/7/2026	2/7/2026	45	45	0	0	0	0	170,02	0	0	0	0	0	0	0	0	0	0	176,99
SR00535	31/5/2026	R	9,92106E+11	MEGAPRODUCTOS S, A,	J	9	1	12				2,001E+12	390,49	385,4	20/4/2026	9/6/2026	9/6/2026	50	50	0	0	0	385,4	0	0	0	0	0	0	0	0	0	0	0	390,49
SR00535	31/5/2026	R	9,92106E+11	MEGAPRODUCTOS S, A,	J	9	1	12				2,001E+12	1813,38	1789,73	21/5/2026	10/7/2026	10/7/2026	50	50	0	0	0	0	1789,73	0	0	0	0	0	0	0	0	0	0	1813,38
SR00535	31/5/2026	R	9,92106E+11	MEGAPRODUCTOS S, A,	J	9	1	12				2,001E+12	246,47	243,25	28/5/2026	17/7/2026	17/7/2026	50	50	0	0	0	0	243,25	0	0	0	0	0	0	0	0	0	0	246,47
SR00535	31/5/2026	R	9,92106E+11	MEGAPRODUCTOS S, A,	J	9	1	12				2,001E+12	2109,89	2082,37	13/4/2026	2/6/2026	2/6/2026	50	50	0	0	0	2082,37	0	0	0	0	0	0	0	0	0	0	0	2109,89
SR00535	31/5/2026	R	9,92106E+11	MEGAPRODUCTOS S, A,	J	9	1	12				2,001E+12	4403,09	4198,9	20/4/2026	9/6/2026	9/6/2026	50	50	0	0	0	4198,9	0	0	0	0	0	0	0	0	0	0	0	4403,09
SR00535	31/5/2026	R	9,92106E+11	MEGAPRODUCTOS S, A,	J	9	1	12				2,001E+12	1643,14	1621,71	21/5/2026	10/7/2026	10/7/2026	50	50	0	0	0	0	1621,71	0	0	0	0	0	0	0	0	0	0	1643,14
SR00535	31/5/2026	R	9,92106E+11	MEGAPRODUCTOS S, A,	J	9	1	12				2,001E+12	7038,59	6946,78	26/5/2026	15/7/2026	15/7/2026	50	50	0	0	0	0	6946,78	0	0	0	0	0	0	0	0	0	0	7038,59
SR00535	31/5/2026	R	9,92106E+11	MEGAPRODUCTOS S, A,	J	9	1	12				2,001E+12	1924,9	1899,79	22/4/2026	11/6/2026	11/6/2026	50	50	0	0	0	1899,79	0	0	0	0	0	0	0	0	0	0	0	1924,9
SR00535	31/5/2026	R	9,92106E+11	MEGAPRODUCTOS S, A,	J	9	1	12				2,001E+12	380,22	375,26	13/4/2026	2/6/2026	2/6/2026	50	50	0	0	0	375,26	0	0	0	0	0	0	0	0	0	0	0	380,22
SR00535	31/5/2026	R	9,92106E+11	MEGAPRODUCTOS S, A,	J	9	1	12				2,001E+12	382,65	111,8	12/3/2026	1/5/2026	1/5/2026	50	50	30	111,8	0	0	0	0	0	0	111,8	0	0	0	0	0	0	382,65
SR00535	31/5/2026	R	9,92106E+11	MEGAPRODUCTOS S, A,	J	9	1	12				2,001E+12	324,46	320,23	14/4/2026	3/6/2026	3/6/2026	50	50	0	0	0	320,23	0	0	0	0	0	0	0	0	0	0	0	324,46
SR00535	31/5/2026	R	9,92106E+11	MEGAPRODUCTOS S, A,	J	9	1	12				2,001E+12	90,76	89,58	5/5/2026	24/6/2026	24/6/2026	50	50	0	0	0	89,58	0	0	0	0	0	0	0	0	0	0	0	90,76
SR00535	31/5/2026	R	9,92106E+11	MEGAPRODUCTOS S, A,	J	9	1	12				2,001E+12	777,17	767,03	27/5/2026	16/7/2026	16/7/2026	50	50	0	0	0	0	767,03	0	0	0	0	0	0	0	0	0	0	777,17
SR00535	31/5/2026	R	9,92106E+11	MEGAPRODUCTOS S, A,	J	9	1	12				2,001E+12	719,28	709,9	15/4/2026	4/6/2026	4/6/2026	50	50	0	0	0	709,9	0	0	0	0	0	0	0	0	0	0	0	719,28
SR00535	31/5/2026	R	9,92106E+11	MEGAPRODUCTOS S, A,	J	9	1	12				2,001E+12	177,27	174,96	21/5/2026	10/7/2026	10/7/2026	50	50	0	0	0	0	174,96	0	0	0	0	0	0	0	0	0	0	177,27
SR00535	31/5/2026	R	9,92106E+11	MEGAPRODUCTOS S, A,	J	9	1	12				1,001E+12	3132,89	3092,03	17/4/2026	6/6/2026	6/6/2026	50	50	0	0	0	3092,03	0	0	0	0	0	0	0	0	0	0	0	3132,89
SR00535	31/5/2026	R	9,92106E+11	MEGAPRODUCTOS S, A,	J	9	1	12				2,001E+12	2711,86	2676,49	14/4/2026	3/6/2026	3/6/2026	50	50	0	0	0	2676,49	0	0	0	0	0	0	0	0	0	0	0	2711,86
SR00535	31/5/2026	R	9,92106E+11	MEGAPRODUCTOS S, A,	J	9	1	12				2,001E+12	251,64	248,36	29/4/2026	18/6/2026	18/6/2026	50	50	0	0	0	248,36	0	0	0	0	0	0	0	0	0	0	0	251,64
SR00535	31/5/2026	R	9,92106E+11	MEGAPRODUCTOS S, A,	J	9	1	12				1,001E+12	14584,3	14394,07	25/5/2026	14/7/2026	14/7/2026	50	50	0	0	0	0	14394,07	0	0	0	0	0	0	0	0	0	0	14584,3
SR00535	31/5/2026	R	9,92106E+11	MEGAPRODUCTOS S, A,	J	9	1	12				1,001E+12	5268,83	5200,11	13/4/2026	2/6/2026	2/6/2026	50	50	0	0	0	5200,11	0	0	0	0	0	0	0	0	0	0	0	5268,83
SR00535	31/5/2026	R	9,92106E+11	MEGAPRODUCTOS S, A,	J	9	1	12				2,001E+12	311,04	306,98	30/4/2026	19/6/2026	19/6/2026	50	50	0	0	0	306,98	0	0	0	0	0	0	0	0	0	0	0	311,04
SR00535	31/5/2026	R	9,92106E+11	MEGAPRODUCTOS S, A,	J	9	1	12				2,001E+12	124,2	122,58	12/5/2026	1/7/2026	1/7/2026	50	50	0	0	0	0	122,58	0	0	0	0	0	0	0	0	0	0	124,2
SR00535	31/5/2026	R	9,92106E+11	MEGAPRODUCTOS S, A,	J	9	1	12				2,001E+12	245,78	242,57	10/4/2026	30/5/2026	30/5/2026	50	50	1	242,57	0	0	0	0	0	0	242,57	0	0	0	0	0	0	245,78
SR00535	31/5/2026	R	9,92106E+11	MEGAPRODUCTOS S, A,	J	9	1	12				2,001E+12	2634,43	2600,07	16/4/2026	5/6/2026	5/6/2026	50	50	0	0	0	2600,07	0	0	0	0	0	0	0	0	0	0	0	2634,43
SR00535	31/5/2026	R	9,92106E+11	MEGAPRODUCTOS S, A,	J	9	1	12				1,001E+12	443,16	437,38	21/5/2026	10/7/2026	10/7/2026	50	50	0	0	0	0	437,38	0	0	0	0	0	0	0	0	0	0	443,16
SR00535	31/5/2026	R	9,92106E+11	MEGAPRODUCTOS S, A,	J	9	1	12				1,001E+12	116,14	114,62	13/4/2026	2/6/2026	2/6/2026	50	50	0	0	0	114,62	0	0	0	0	0	0	0	0	0	0	0	116,14
SR00535	31/5/2026	R	9,92106E+11	MEGAPRODUCTOS S, A,	J	9	1	12				2,001E+12	457,73	451,76	20/4/2026	9/6/2026	9/6/2026	50	50	0	0	0	451,76	0	0	0	0	0	0	0	0	0	0	0	457,73
SR00535	31/5/2026	R	9,92106E+11	MEGAPRODUCTOS S, A,	J	9	1	12				2,001E+12	1478,85	1459,56	30/4/2026	9/7/2026	9/7/2026	70	70	0	0	0	0	1459,56	0	0	0	0	0	0	0	0	0	0	1478,85
SR00535	31/5/2026	R	9,92106E+11	MEGAPRODUCTOS S, A,	J	9	1	12				2,001E+12	95,05	93,81	17/4/2026	6/6/2026	6/6/2026	50	50	0	0	0	93,81	0	0	0	0	0	0	0	0	0	0	0	95,05
SR00535	31/5/2026	R	9,92106E+11	MEGAPRODUCTOS S, A,	J	9	1	12				2,001E+12	10037,32	9906,4	13/4/2026	2/6/2026	2/6/2026	50	50	0	0	0	9906,4	0	0	0	0	0	0	0	0	0	0	0	10037,32
SR00535	31/5/2026	R	9,92106E+11	MEGAPRODUCTOS S, A,	J	9	1	12				2,001E+12	12114,85	11956,83	22/4/2026	11/6/2026	11/6/2026	50	50	0	0	0	11956,83	0	0	0	0	0	0	0	0	0	0	0	12114,85
SR00535	31/5/2026	R	9,92106E+11	MEGAPRODUCTOS S, A,	J	9	1	12				2,001E+12	977,83	965,08	22/4/2026	11/6/2026	11/6/2026	50	50	0	0	0	965,08	0	0	0	0	0	0	0	0	0	0	0	977,83
SR00535	31/5/2026	R	9,92106E+11	MEGAPRODUCTOS S, A,	J	9	1	12				1,001E+12	352,11	347,52	27/5/2026	16/7/2026	16/7/2026	50	50	0	0	0	0	347,52	0	0	0	0	0	0	0	0	0	0	352,11
SR00535	31/5/2026	R	9,92106E+11	MEGAPRODUCTOS S, A,	J	9	1	12				2,001E+12	400,78	395,55	21/5/2026	10/7/2026	10/7/2026	50	50	0	0	0	0	395,55	0	0	0	0	0	0	0	0	0	0	400,78
SR00535	31/5/2026	R	9,92106E+11	MEGAPRODUCTOS S, A,	J	9	1	12				2,001E+12	151	149,03	30/4/2026	19/6/2026	19/6/2026	50	50	0	0	0	149,03	0	0	0	0	0	0	0	0	0	0	0	151
SR00535	31/5/2026	R	9,92106E+11	MEGAPRODUCTOS S, A,	J	9	1	12				1,001E+12	1316,14	1298,97	21/5/2026	10/7/2026	10/7/2026	50	50	0	0	0	0	1298,97	0	0	0	0	0	0	0	0	0	0	1316,14
SR00535	31/5/2026	R	9,92106E+11	MEGAPRODUCTOS S, A,	J	9	1	12				1,001E+12	144,84	142,95	25/5/2026	14/7/2026	14/7/2026	50	50	0	0	0	0	142,95	0	0	0	0	0	0	0	0	0	0	144,84
SR00535	31/5/2026	R	9,92106E+11	MEGAPRODUCTOS S, A,	J	9	1	12				1,001E+12	4781,54	4719,17	18/5/2026	7/7/2026	7/7/2026	50	50	0	0	0	0	4719,17	0	0	0	0	0	0	0	0	0	0	4781,54
SR00535	31/5/2026	R	9,92106E+11	MEGAPRODUCTOS S, A,	J	9	1	12				2,001E+12	267,69	264,2	22/4/2026	11/6/2026	11/6/2026	50	50	0	0	0	264,2	0	0	0	0	0	0	0	0	0	0	0	267,69
SR00535	31/5/2026	R	9,92106E+11	MEGAPRODUCTOS S, A,	J	9	1	12				2,001E+12	1246,27	1118,17	15/4/2026	4/6/2026	4/6/2026	50	50	0	0	0	1118,17	0	0	0	0	0	0	0	0	0	0	0	1246,27
SR00535	31/5/2026	R	9,92106E+11	MEGAPRODUCTOS S, A,	J	9	1	12				2,001E+12	445,81	439,99	10/4/2026	30/5/2026	30/5/2026	50	50	1	439,99	0	0	0	0	0	0	439,99	0	0	0	0	0	0	445,81
SR00535	31/5/2026	R	9,92106E+11	MEGAPRODUCTOS S, A,	J	9	1	12				1,001E+12	3340,09	3296,52	13/5/2026	2/7/2026	2/7/2026	50	50	0	0	0	0	3296,52	0	0	0	0	0	0	0	0	0	0	3340,09
SR00535	31/5/2026	R	9,92106E+11	MEGAPRODUCTOS S, A,	J	9	1	12				2,001E+12	2832,91	377,62	11/5/2026	30/6/2026	30/6/2026	50	50	0	0	0	377,62	0	0	0	0	0	0	0	0	0	0	0	2832,91
SR00535	31/5/2026	R	9,92106E+11	MEGAPRODUCTOS S, A,	J	9	1	12				2,001E+12	94,65	93,41	21/5/2026	10/7/2026	10/7/2026	50	50	0	0	0	0	93,41	0	0	0	0	0	0	0	0	0	0	94,65
SR00535	31/5/2026	R	9,92106E+11	MEGAPRODUCTOS S, A,	J	9	1	12				2,001E+12	1409,21	1390,83	30/4/2026	9/7/2026	9/7/2026	70	70	0	0	0	0	1390,83	0	0	0	0	0	0	0	0	0	0	1409,21
SR00535	31/5/2026	R	9,92106E+11	MEGAPRODUCTOS S, A,	J	9	1	12				1,001E+12	731,95	722,4	18/5/2026	7/7/2026	7/7/2026	50	50	0	0	0	0	722,4	0	0	0	0	0	0	0	0	0	0	731,95
SR00535	31/5/2026	R	9,92106E+11	MEGAPRODUCTOS S, A,	J	9	1	12				2,001E+12	12781,07	12614,36	30/4/2026	9/7/2026	9/7/2026	70	70	0	0	0	0	12614,36	0	0	0	0	0	0	0	0	0	0	12781,07
SR00535	31/5/2026	R	9,92106E+11	MEGAPRODUCTOS S, A,	J	9	1	12				1,001E+12	352,11	347,52	16/4/2026	5/6/2026	5/6/2026	50	50	0	0	0	347,52	0	0	0	0	0	0	0	0	0	0	0	352,11
SR00535	31/5/2026	R	9,92106E+11	MEGAPRODUCTOS S, A,	J	9	1	12				2,001E+12	603,96	596,08	5/5/2026	14/7/2026	14/7/2026	70	70	0	0	0	0	596,08	0	0	0	0	0	0	0	0	0	0	603,96
SR00535	31/5/2026	R	9,92106E+11	MEGAPRODUCTOS S, A,	J	9	1	12				1,001E+12	225,47	222,53	12/5/2026	21/7/2026	21/7/2026	70	70	0	0	0	0	222,53	0	0	0	0	0	0	0	0	0	0	225,47
SR00535	31/5/2026	R	9,92106E+11	MEGAPRODUCTOS S, A,	J	9	1	12				2,001E+12	170,1	145,19	23/3/2026	12/5/2026	12/5/2026	50	50	19	145,19	0	0	0	0	0	0	145,19	0	0	0	0	0	0	170,1
SR00535	31/5/2026	R	9,92106E+11	MEGAPRODUCTOS S, A,	J	9	1	12				2,001E+12	103,86	102,5	13/4/2026	2/6/2026	2/6/2026	50	50	0	0	0	102,5	0	0	0	0	0	0	0	0	0	0	0	103,86
SR00535	31/5/2026	R	9,92106E+11	MEGAPRODUCTOS S, A,	J	9	1	12				2,001E+12	323,04	318,83	11/5/2026	30/6/2026	30/6/2026	50	50	0	0	0	318,83	0	0	0	0	0	0	0	0	0	0	0	323,04
SR00535	31/5/2026	R	9,92106E+11	MEGAPRODUCTOS S, A,	J	9	1	12				2,001E+12	2306,11	2276,03	5/5/2026	14/7/2026	14/7/2026	70	70	0	0	0	0	2276,03	0	0	0	0	0	0	0	0	0	0	2306,11
SR00535	31/5/2026	R	9,92106E+11	MEGAPRODUCTOS S, A,	J	9	1	12				2,001E+12	1329,49	1312,15	28/5/2026	17/7/2026	17/7/2026	50	50	0	0	0	0	1312,15	0	0	0	0	0	0	0	0	0	0	1329,49
SR00535	31/5/2026	R	9,92106E+11	MEGAPRODUCTOS S, A,	J	9	1	12				1,001E+12	76,15	75,16	13/4/2026	2/6/2026	2/6/2026	50	50	0	0	0	75,16	0	0	0	0	0	0	0	0	0	0	0	76,15
SR00535	31/5/2026	R	9,92106E+11	MEGAPRODUCTOS S, A,	J	9	1	12				2,001E+12	365,98	361,21	30/4/2026	9/7/2026	9/7/2026	70	70	0	0	0	0	361,21	0	0	0	0	0	0	0	0	0	0	365,98
SR00535	31/5/2026	R	9,92106E+11	MEGAPRODUCTOS S, A,	J	9	1	12				2,001E+12	13905,09	13723,72	29/4/2026	8/7/2026	8/7/2026	70	70	0	0	0	0	13723,72	0	0	0	0	0	0	0	0	0	0	13905,09
SR00535	31/5/2026	R	9,92106E+11	MEGAPRODUCTOS S, A,	J	9	1	12				2,001E+12	176,05	173,75	5/5/2026	14/7/2026	14/7/2026	70	70	0	0	0	0	173,75	0	0	0	0	0	0	0	0	0	0	176,05
SR00535	31/5/2026	R	9,92106E+11	MEGAPRODUCTOS S, A,	J	9	1	12				1,001E+12	22633,96	22338,73	29/4/2026	8/7/2026	8/7/2026	70	70	0	0	0	0	22338,73	0	0	0	0	0	0	0	0	0	0	22633,96
SR00535	31/5/2026	R	9,92106E+11	MEGAPRODUCTOS S, A,	J	9	1	12				2,001E+12	2795,01	2758,55	11/5/2026	30/6/2026	30/6/2026	50	50	0	0	0	2758,55	0	0	0	0	0	0	0	0	0	0	0	2795,01
SR00535	31/5/2026	R	9,92106E+11	MEGAPRODUCTOS S, A,	J	9	1	12				2,001E+12	2497,43	2464,85	10/4/2026	30/5/2026	30/5/2026	50	50	1	2464,85	0	0	0	0	0	0	2464,85	0	0	0	0	0	0	2497,43
SR00535	31/5/2026	R	9,92106E+11	MEGAPRODUCTOS S, A,	J	9	1	12				2,001E+12	182,99	180,6	30/4/2026	19/6/2026	19/6/2026	50	50	0	0	0	180,6	0	0	0	0	0	0	0	0	0	0	0	182,99
SR00535	31/5/2026	R	9,92106E+11	MEGAPRODUCTOS S, A,	J	9	1	12				2,001E+12	211,27	208,51	17/4/2026	6/6/2026	6/6/2026	50	50	0	0	0	208,51	0	0	0	0	0	0	0	0	0	0	0	211,27
SR00535	31/5/2026	R	9,92106E+11	MEGAPRODUCTOS S, A,	J	9	1	12				2,001E+12	352,3	347,7	30/4/2026	19/6/2026	19/6/2026	50	50	0	0	0	347,7	0	0	0	0	0	0	0	0	0	0	0	352,3
SR00535	31/5/2026	R	9,92106E+11	MEGAPRODUCTOS S, A,	J	9	1	12				2,001E+12	3147,25	3106,2	18/5/2026	7/7/2026	7/7/2026	50	50	0	0	0	0	3106,2	0	0	0	0	0	0	0	0	0	0	3147,25
SR00535	31/5/2026	R	9,92106E+11	MEGAPRODUCTOS S, A,	J	9	1	12				2,001E+12	1478,85	1459,56	6/5/2026	15/7/2026	15/7/2026	70	70	0	0	0	0	1459,56	0	0	0	0	0	0	0	0	0	0	1478,85
SR00535	31/5/2026	R	9,92106E+11	MEGAPRODUCTOS S, A,	J	9	1	12				2,001E+12	1552,57	1532,32	5/5/2026	24/6/2026	24/6/2026	50	50	0	0	0	1532,32	0	0	0	0	0	0	0	0	0	0	0	1552,57
SR00535	31/5/2026	R	9,92106E+11	MEGAPRODUCTOS S, A,	J	9	1	12				2,001E+12	417,68	412,23	18/5/2026	7/7/2026	7/7/2026	50	50	0	0	0	0	412,23	0	0	0	0	0	0	0	0	0	0	417,68
SR00535	31/5/2026	R	9,92106E+11	MEGAPRODUCTOS S, A,	J	9	1	12				2,001E+12	222,9	219,99	30/4/2026	9/7/2026	9/7/2026	70	70	0	0	0	0	219,99	0	0	0	0	0	0	0	0	0	0	222,9
SR00535	31/5/2026	R	9,92106E+11	MEGAPRODUCTOS S, A,	J	9	1	12				2,001E+12	7853,81	7751,37	29/4/2026	8/7/2026	8/7/2026	70	70	0	0	0	0	7751,37	0	0	0	0	0	0	0	0	0	0	7853,81
SR00535	31/5/2026	R	9,92106E+11	MEGAPRODUCTOS S, A,	J	9	1	12				2,001E+12	6728,35	6640,59	29/4/2026	18/6/2026	18/6/2026	50	50	0	0	0	6640,59	0	0	0	0	0	0	0	0	0	0	0	6728,35
SR00535	31/5/2026	R	9,92106E+11	MEGAPRODUCTOS S, A,	J	9	1	12				2,001E+12	4903,08	4839,13	22/4/2026	11/6/2026	11/6/2026	50	50	0	0	0	4839,13	0	0	0	0	0	0	0	0	0	0	0	4903,08
SR00535	31/5/2026	R	9,92106E+11	MEGAPRODUCTOS S, A,	J	9	1	12				2,001E+12	445,81	439,99	10/4/2026	30/5/2026	30/5/2026	50	50	1	439,99	0	0	0	0	0	0	439,99	0	0	0	0	0	0	445,81
SR00535	31/5/2026	R	9,92106E+11	MEGAPRODUCTOS S, A,	J	9	1	12				2,001E+12	378,6	373,66	21/5/2026	10/7/2026	10/7/2026	50	50	0	0	0	0	373,66	0	0	0	0	0	0	0	0	0	0	378,6
SR00535	31/5/2026	R	9,92106E+11	MEGAPRODUCTOS S, A,	J	9	1	12				1,001E+12	3725,24	3676,65	22/4/2026	11/6/2026	11/6/2026	50	50	0	0	0	3676,65	0	0	0	0	0	0	0	0	0	0	0	3725,24
SR00535	31/5/2026	R	9,92106E+11	MEGAPRODUCTOS S, A,	J	9	1	12				2,001E+12	883,82	872,29	11/5/2026	20/7/2026	20/7/2026	70	70	0	0	0	0	872,29	0	0	0	0	0	0	0	0	0	0	883,82
SR00535	31/5/2026	R	9,92106E+11	MEGAPRODUCTOS S, A,	J	9	1	12				1,001E+12	404,78	399,5	22/4/2026	11/6/2026	11/6/2026	50	50	0	0	0	399,5	0	0	0	0	0	0	0	0	0	0	0	404,78
SR00535	31/5/2026	R	9,92106E+11	MEGAPRODUCTOS S, A,	J	9	1	12				2,001E+12	848,98	837,91	13/4/2026	2/6/2026	2/6/2026	50	50	0	0	0	837,91	0	0	0	0	0	0	0	0	0	0	0	848,98
SR00535	31/5/2026	R	9,92106E+11	MEGAPRODUCTOS S, A,	J	9	1	12				2,001E+12	795,44	785,06	11/5/2026	30/6/2026	30/6/2026	50	50	0	0	0	785,06	0	0	0	0	0	0	0	0	0	0	0	795,44
SR00535	31/5/2026	R	9,92106E+11	MEGAPRODUCTOS S, A,	J	9	1	12				2,001E+12	308,4	304,38	22/4/2026	11/6/2026	11/6/2026	50	50	0	0	0	304,38	0	0	0	0	0	0	0	0	0	0	0	308,4
SR00535	31/5/2026	R	9,92106E+11	MEGAPRODUCTOS S, A,	J	9	1	12				2,001E+12	320,62	316,44	27/5/2026	16/7/2026	16/7/2026	50	50	0	0	0	0	316,44	0	0	0	0	0	0	0	0	0	0	320,62
SR00535	31/5/2026	R	9,92106E+11	MEGAPRODUCTOS S, A,	J	9	1	12				2,001E+12	201,32	198,69	29/4/2026	18/6/2026	18/6/2026	50	50	0	0	0	198,69	0	0	0	0	0	0	0	0	0	0	0	201,32
SR00535	31/5/2026	R	9,92106E+11	MEGAPRODUCTOS S, A,	J	9	1	12				1,001E+12	9557,59	9432,93	29/4/2026	8/7/2026	8/7/2026	70	70	0	0	0	0	9432,93	0	0	0	0	0	0	0	0	0	0	9557,59
SR00535	31/5/2026	R	9,92106E+11	MEGAPRODUCTOS S, A,	J	9	1	12				1,001E+12	77,43	76,42	15/4/2026	4/6/2026	4/6/2026	50	50	0	0	0	76,42	0	0	0	0	0	0	0	0	0	0	0	77,43
SR00535	31/5/2026	R	9,92106E+11	MEGAPRODUCTOS S, A,	J	9	1	12				2,001E+12	503,29	496,72	30/4/2026	19/6/2026	19/6/2026	50	50	0	0	0	496,72	0	0	0	0	0	0	0	0	0	0	0	503,29
SR00535	31/5/2026	R	9,92106E+11	MEGAPRODUCTOS S, A,	J	9	1	12				2,001E+12	683,12	674,21	14/5/2026	3/7/2026	3/7/2026	50	50	0	0	0	0	674,21	0	0	0	0	0	0	0	0	0	0	683,12
SR00535	31/5/2026	R	9,92106E+11	MEGAPRODUCTOS S, A,	J	9	1	12				1,001E+12	1436,98	1418,24	5/5/2026	14/7/2026	14/7/2026	70	70	0	0	0	0	1418,24	0	0	0	0	0	0	0	0	0	0	1436,98
SR00535	31/5/2026	R	9,92106E+11	MEGAPRODUCTOS S, A,	J	9	1	12				2,001E+12	1836,76	1812,8	5/5/2026	24/6/2026	24/6/2026	50	50	0	0	0	1812,8	0	0	0	0	0	0	0	0	0	0	0	1836,76
SR00535	31/5/2026	R	9,92106E+11	MEGAPRODUCTOS S, A,	J	9	1	12				2,001E+12	797,69	787,28	21/5/2026	10/7/2026	10/7/2026	50	50	0	0	0	0	787,28	0	0	0	0	0	0	0	0	0	0	797,69
SR00535	31/5/2026	R	9,92106E+11	MEGAPRODUCTOS S, A,	J	9	1	12				2,001E+12	225,46	222,52	14/4/2026	3/6/2026	3/6/2026	50	50	0	0	0	222,52	0	0	0	0	0	0	0	0	0	0	0	225,46
SR00535	31/5/2026	R	9,92106E+11	MEGAPRODUCTOS S, A,	J	9	1	12				1,001E+12	1209,63	1193,85	15/4/2026	4/6/2026	4/6/2026	50	50	0	0	0	1193,85	0	0	0	0	0	0	0	0	0	0	0	1209,63
SR00535	31/5/2026	R	9,92106E+11	MEGAPRODUCTOS S, A,	J	9	1	12				2,001E+12	161,51	159,4	27/5/2026	16/7/2026	16/7/2026	50	50	0	0	0	0	159,4	0	0	0	0	0	0	0	0	0	0	161,51
SR00535	31/5/2026	R	9,92106E+11	MEGAPRODUCTOS S, A,	J	9	1	12				2,001E+12	645,05	636,64	14/4/2026	3/6/2026	3/6/2026	50	50	0	0	0	636,64	0	0	0	0	0	0	0	0	0	0	0	645,05
SR00535	31/5/2026	R	9,92106E+11	MEGAPRODUCTOS S, A,	J	9	1	12				1,001E+12	251,64	248,36	29/4/2026	18/6/2026	18/6/2026	50	50	0	0	0	248,36	0	0	0	0	0	0	0	0	0	0	0	251,64
SR00535	31/5/2026	R	9,92106E+11	MEGAPRODUCTOS S, A,	J	9	1	12				1,001E+12	3480,96	3435,56	22/4/2026	11/6/2026	11/6/2026	50	50	0	0	0	3435,56	0	0	0	0	0	0	0	0	0	0	0	3480,96
SR00535	31/5/2026	R	9,92106E+11	MEGAPRODUCTOS S, A,	J	9	1	12				2,001E+12	242,27	239,11	11/5/2026	20/7/2026	20/7/2026	70	70	0	0	0	0	239,11	0	0	0	0	0	0	0	0	0	0	242,27
SR00535	31/5/2026	R	9,92106E+11	MEGAPRODUCTOS S, A,	J	9	1	12				1,001E+12	2161,08	2132,89	22/4/2026	11/6/2026	11/6/2026	50	50	0	0	0	2132,89	0	0	0	0	0	0	0	0	0	0	0	2161,08
SR00535	31/5/2026	R	9,92106E+11	MEGAPRODUCTOS S, A,	J	9	1	12				1,001E+12	531,79	524,85	25/5/2026	14/7/2026	14/7/2026	50	50	0	0	0	0	524,85	0	0	0	0	0	0	0	0	0	0	531,79
SR00535	31/5/2026	R	9,92106E+11	MEGAPRODUCTOS S, A,	J	9	1	12				1,001E+12	452,04	446,14	14/4/2026	3/6/2026	3/6/2026	50	50	0	0	0	446,14	0	0	0	0	0	0	0	0	0	0	0	452,04
SR00535	31/5/2026	R	9,92106E+11	MEGAPRODUCTOS S, A,	J	9	1	12				2,001E+12	431,14	425,52	13/4/2026	2/6/2026	2/6/2026	50	50	0	0	0	425,52	0	0	0	0	0	0	0	0	0	0	0	431,14
SR00535	31/5/2026	R	9,92106E+11	MEGAPRODUCTOS S, A,	J	9	1	12				2,001E+12	242,27	239,11	11/5/2026	30/6/2026	30/6/2026	50	50	0	0	0	239,11	0	0	0	0	0	0	0	0	0	0	0	242,27
SR00535	31/5/2026	R	9,92106E+11	MEGAPRODUCTOS S, A,	J	9	1	12				2,001E+12	154,85	152,83	10/4/2026	30/5/2026	30/5/2026	50	50	1	152,83	0	0	0	0	0	0	152,83	0	0	0	0	0	0	154,85
SR00535	31/5/2026	R	9,92106E+11	MEGAPRODUCTOS S, A,	J	9	1	12				2,001E+12	462,91	456,87	23/4/2026	12/6/2026	12/6/2026	50	50	0	0	0	456,87	0	0	0	0	0	0	0	0	0	0	0	462,91
SR00535	31/5/2026	R	9,92106E+11	MEGAPRODUCTOS S, A,	J	9	1	12				1,001E+12	3809,12	3759,44	21/5/2026	10/7/2026	10/7/2026	50	50	0	0	0	0	3759,44	0	0	0	0	0	0	0	0	0	0	3809,12
SR00535	31/5/2026	R	9,92106E+11	MEGAPRODUCTOS S, A,	J	9	1	12				1,001E+12	1665,21	1643,49	24/4/2026	13/6/2026	13/6/2026	50	50	0	0	0	1643,49	0	0	0	0	0	0	0	0	0	0	0	1665,21
SR00535	31/5/2026	R	9,92106E+11	MEGAPRODUCTOS S, A,	J	9	1	12				1,001E+12	704,21	695,02	25/5/2026	14/7/2026	14/7/2026	50	50	0	0	0	0	695,02	0	0	0	0	0	0	0	0	0	0	704,21
SR00535	31/5/2026	R	9,92106E+11	MEGAPRODUCTOS S, A,	J	9	1	12				2,001E+12	3307,01	3263,87	17/4/2026	6/6/2026	6/6/2026	50	50	0	0	0	3263,87	0	0	0	0	0	0	0	0	0	0	0	3307,01
SR00535	31/5/2026	R	9,92106E+11	MEGAPRODUCTOS S, A,	J	9	1	12				1,001E+12	204,63	201,96	28/4/2026	7/7/2026	7/7/2026	70	70	0	0	0	0	201,96	0	0	0	0	0	0	0	0	0	0	204,63
SR00535	31/5/2026	R	9,92106E+11	MEGAPRODUCTOS S, A,	J	9	1	12				2,001E+12	4188,73	4134,09	15/4/2026	4/6/2026	4/6/2026	50	50	0	0	0	4134,09	0	0	0	0	0	0	0	0	0	0	0	4188,73
SR00535	31/5/2026	R	9,92106E+11	MEGAPRODUCTOS S, A,	J	9	1	12				1,001E+12	21765,19	21481,3	28/4/2026	7/7/2026	7/7/2026	70	70	0	0	0	0	21481,3	0	0	0	0	0	0	0	0	0	0	21765,19
SR00535	31/5/2026	R	9,92106E+11	MEGAPRODUCTOS S, A,	J	9	1	12				2,001E+12	5268,86	5200,14	15/4/2026	4/6/2026	4/6/2026	50	50	0	0	0	5200,14	0	0	0	0	0	0	0	0	0	0	0	5268,86
SR00535	31/5/2026	R	9,92106E+11	MEGAPRODUCTOS S, A,	J	9	1	12				1,001E+12	797,69	787,28	18/5/2026	7/7/2026	7/7/2026	50	50	0	0	0	0	787,28	0	0	0	0	0	0	0	0	0	0	797,69
SR00535	31/5/2026	R	9,92106E+11	MEGAPRODUCTOS S, A,	J	9	1	12				2,001E+12	188,37	185,91	11/5/2026	20/7/2026	20/7/2026	70	70	0	0	0	0	185,91	0	0	0	0	0	0	0	0	0	0	188,37
SR00535	31/5/2026	R	9,92106E+11	MEGAPRODUCTOS S, A,	J	9	1	12				1,001E+12	339,46	335,03	13/4/2026	2/6/2026	2/6/2026	50	50	0	0	0	335,03	0	0	0	0	0	0	0	0	0	0	0	339,46
SR00535	31/5/2026	R	9,92106E+11	MEGAPRODUCTOS S, A,	J	9	1	12				2,001E+12	310,51	306,46	19/5/2026	8/7/2026	8/7/2026	50	50	0	0	0	0	306,46	0	0	0	0	0	0	0	0	0	0	310,51
SR00535	31/5/2026	R	9,92106E+11	MEGAPRODUCTOS S, A,	J	9	1	12				2,001E+12	728,81	719,3	21/5/2026	10/7/2026	10/7/2026	50	50	0	0	0	0	719,3	0	0	0	0	0	0	0	0	0	0	728,81
SR00535	31/5/2026	R	9,92106E+11	MEGAPRODUCTOS S, A,	J	9	1	12				1,001E+12	6712,08	6624,53	28/4/2026	7/7/2026	7/7/2026	70	70	0	0	0	0	6624,53	0	0	0	0	0	0	0	0	0	0	6712,08
SR00535	31/5/2026	R	9,92106E+11	MEGAPRODUCTOS S, A,	J	9	1	12				2,001E+12	97,55	96,28	29/4/2026	18/6/2026	18/6/2026	50	50	0	0	0	96,28	0	0	0	0	0	0	0	0	0	0	0	97,55
SR00535	31/5/2026	R	9,92106E+11	MEGAPRODUCTOS S, A,	J	9	1	12				1,001E+12	10421,24	10285,31	18/5/2026	7/7/2026	7/7/2026	50	50	0	0	0	0	10285,31	0	0	0	0	0	0	0	0	0	0	10421,24
SR00535	31/5/2026	R	9,92106E+11	MEGAPRODUCTOS S, A,	J	9	1	12				2,001E+12	3841,07	3790,97	15/4/2026	4/6/2026	4/6/2026	50	50	0	0	0	3790,97	0	0	0	0	0	0	0	0	0	0	0	3841,07
SR00535	31/5/2026	R	9,92106E+11	MEGAPRODUCTOS S, A,	J	9	1	12				2,001E+12	20952,37	20679,08	29/4/2026	8/7/2026	8/7/2026	70	70	0	0	0	0	20679,08	0	0	0	0	0	0	0	0	0	0	20952,37
SR00535	31/5/2026	R	9,92106E+11	MEGAPRODUCTOS S, A,	J	9	1	12				2,001E+12	1064,59	1050,7	18/5/2026	7/7/2026	7/7/2026	50	50	0	0	0	0	1050,7	0	0	0	0	0	0	0	0	0	0	1064,59
SR00535	31/5/2026	R	1,89172E+12	MEGAPROFER S,A,	J	18	1	55				1,001E+12	5138,11	5071,09	20/5/2026	19/7/2026	19/7/2026	60	60	0	0	0	0	5071,09	0	0	0	0	0	0	0	0	0	0	5138,11
SR00535	31/5/2026	R	1,89172E+12	MEGAPROFER S,A,	J	18	1	55				1,001E+12	11656,04	11504	17/4/2026	16/6/2026	16/6/2026	60	60	0	0	0	11504	0	0	0	0	0	0	0	0	0	0	0	11656,04
SR00535	31/5/2026	R	1,89172E+12	MEGAPROFER S,A,	J	18	1	55				1,001E+12	886,33	874,77	21/5/2026	20/7/2026	20/7/2026	60	60	0	0	0	0	874,77	0	0	0	0	0	0	0	0	0	0	886,33
SR00535	31/5/2026	R	1,89172E+12	MEGAPROFER S,A,	J	18	1	55				1,001E+12	1931,22	1906,03	13/4/2026	12/6/2026	12/6/2026	60	60	0	0	0	1906,03	0	0	0	0	0	0	0	0	0	0	0	1931,22
SR00535	31/5/2026	R	1,89172E+12	MEGAPROFER S,A,	J	18	1	55				1,001E+12	11897,41	11742,23	21/5/2026	20/7/2026	20/7/2026	60	60	0	0	0	0	11742,23	0	0	0	0	0	0	0	0	0	0	11897,41
SR00535	31/5/2026	R	1,89172E+12	MEGAPROFER S,A,	J	18	1	55				1,001E+12	1771,09	1747,99	12/5/2026	11/7/2026	11/7/2026	60	60	0	0	0	0	1747,99	0	0	0	0	0	0	0	0	0	0	1771,09
SR00535	31/5/2026	R	1,89172E+12	MEGAPROFER S,A,	J	18	1	55				1,001E+12	211,83	209,07	30/3/2026	29/5/2026	29/5/2026	60	60	2	209,07	0	0	0	0	0	0	209,07	0	0	0	0	0	0	211,83
SR00535	31/5/2026	R	1,89172E+12	MEGAPROFER S,A,	J	18	1	55				1,001E+12	449,36	443,5	13/4/2026	12/6/2026	12/6/2026	60	60	0	0	0	443,5	0	0	0	0	0	0	0	0	0	0	0	449,36
SR00535	31/5/2026	R	1,89172E+12	MEGAPROFER S,A,	J	18	1	55				1,001E+12	14274,41	14088,22	15/5/2026	14/7/2026	14/7/2026	60	60	0	0	0	0	14088,22	0	0	0	0	0	0	0	0	0	0	14274,41
SR00535	31/5/2026	R	1,89172E+12	MEGAPROFER S,A,	J	18	1	55				1,001E+12	4824,35	4761,42	9/4/2026	8/6/2026	8/6/2026	60	60	0	0	0	4761,42	0	0	0	0	0	0	0	0	0	0	0	4824,35
SR00535	31/5/2026	R	1,89172E+12	MEGAPROFER S,A,	J	18	1	55				1,001E+12	9916,71	9787,36	21/5/2026	20/7/2026	20/7/2026	60	60	0	0	0	0	9787,36	0	0	0	0	0	0	0	0	0	0	9916,71
SR00535	31/5/2026	R	1,89172E+12	MEGAPROFER S,A,	J	18	1	55				1,001E+12	30438,2	30041,18	28/4/2026	27/6/2026	27/6/2026	60	60	0	0	0	30041,18	0	0	0	0	0	0	0	0	0	0	0	30438,2
SR00535	31/5/2026	R	1,89172E+12	MEGAPROFER S,A,	J	18	1	55				1,001E+12	105,9	104,52	30/3/2026	29/5/2026	29/5/2026	60	60	2	104,52	0	0	0	0	0	0	104,52	0	0	0	0	0	0	105,9
SR00535	31/5/2026	R	1,89172E+12	MEGAPROFER S,A,	J	18	1	55				1,001E+12	974,96	962,24	28/5/2026	27/7/2026	27/7/2026	60	60	0	0	0	0	962,24	0	0	0	0	0	0	0	0	0	0	974,96
SR00535	31/5/2026	R	1,89172E+12	MEGAPROFER S,A,	J	18	1	55				1,001E+12	225,39	222,45	13/4/2026	12/6/2026	12/6/2026	60	60	0	0	0	222,45	0	0	0	0	0	0	0	0	0	0	0	225,39
SR00535	31/5/2026	R	1,89172E+12	MEGAPROFER S,A,	J	18	1	55				1,001E+12	1767,44	1744,39	29/4/2026	28/6/2026	28/6/2026	60	60	0	0	0	1744,39	0	0	0	0	0	0	0	0	0	0	0	1767,44
SR00535	31/5/2026	R	1,89172E+12	MEGAPROFER S,A,	J	18	1	55				1,001E+12	8925,5	8809,08	19/5/2026	18/7/2026	18/7/2026	60	60	0	0	0	0	8809,08	0	0	0	0	0	0	0	0	0	0	8925,5
SR00535	31/5/2026	R	1,89172E+12	MEGAPROFER S,A,	J	18	1	55				1,001E+12	11394,52	11245,9	20/4/2026	19/6/2026	19/6/2026	60	60	0	0	0	11245,9	0	0	0	0	0	0	0	0	0	0	0	11394,52
SR00535	31/5/2026	R	1,89172E+12	MEGAPROFER S,A,	J	18	1	55				1,001E+12	620,43	612,34	17/5/2026	16/7/2026	16/7/2026	60	60	0	0	0	0	612,34	0	0	0	0	0	0	0	0	0	0	620,43
SR00535	31/5/2026	R	1,89172E+12	MEGAPROFER S,A,	J	18	1	55				1,001E+12	188,37	185,91	7/5/2026	6/7/2026	6/7/2026	60	60	0	0	0	0	185,91	0	0	0	0	0	0	0	0	0	0	188,37
SR00535	31/5/2026	R	1,89172E+12	MEGAPROFER S,A,	J	18	1	55				1,001E+12	20029	19767,75	21/5/2026	20/7/2026	20/7/2026	60	60	0	0	0	0	19767,75	0	0	0	0	0	0	0	0	0	0	20029
SR00535	31/5/2026	R	1,89172E+12	MEGAPROFER S,A,	J	18	1	55				1,001E+12	1811,85	1788,22	20/4/2026	19/6/2026	19/6/2026	60	60	0	0	0	1788,22	0	0	0	0	0	0	0	0	0	0	0	1811,85
SR00535	31/5/2026	R	1,89172E+12	MEGAPROFER S,A,	J	18	1	55				1,001E+12	7090,6	6998,11	28/5/2026	27/7/2026	27/7/2026	60	60	0	0	0	0	6998,11	0	0	0	0	0	0	0	0	0	0	7090,6
SR00535	31/5/2026	R	1,89172E+12	MEGAPROFER S,A,	J	18	1	55				1,001E+12	402,63	397,38	23/4/2026	22/6/2026	22/6/2026	60	60	0	0	0	397,38	0	0	0	0	0	0	0	0	0	0	0	402,63
SR00535	31/5/2026	R	1,89172E+12	MEGAPROFER S,A,	J	18	1	55				1,001E+12	7506,97	7409,05	29/4/2026	28/6/2026	28/6/2026	60	60	0	0	0	7409,05	0	0	0	0	0	0	0	0	0	0	0	7506,97
SR00535	31/5/2026	R	1,89172E+12	MEGAPROFER S,A,	J	18	1	55				1,001E+12	7649,49	7037,51	1/4/2026	31/5/2026	31/5/2026	60	60	0	0	0	7037,51	0	0	0	0	0	0	0	0	0	0	0	7649,49
SR00535	31/5/2026	R	1,89172E+12	MEGAPROFER S,A,	J	18	1	55				1,001E+12	95,05	93,81	21/4/2026	20/6/2026	20/6/2026	60	60	0	0	0	93,81	0	0	0	0	0	0	0	0	0	0	0	95,05
SR00535	31/5/2026	R	1,89172E+12	MEGAPROFER S,A,	J	18	1	55				1,001E+12	4447,73	4389,72	17/4/2026	16/6/2026	16/6/2026	60	60	0	0	0	4389,72	0	0	0	0	0	0	0	0	0	0	0	4447,73
SR00535	31/5/2026	R	1,89172E+12	MEGAPROFER S,A,	J	18	1	55				1,001E+12	2614,71	2580,6	10/5/2026	9/7/2026	9/7/2026	60	60	0	0	0	0	2580,6	0	0	0	0	0	0	0	0	0	0	2614,71
SR00535	31/5/2026	R	1,89172E+12	MEGAPROFER S,A,	J	18	1	55				1,001E+12	119,14	117,59	15/5/2026	14/7/2026	14/7/2026	60	60	0	0	0	0	117,59	0	0	0	0	0	0	0	0	0	0	119,14
SR00535	31/5/2026	R	1,89172E+12	MEGAPROFER S,A,	J	18	1	55				1,001E+12	352,3	347,7	21/4/2026	20/6/2026	20/6/2026	60	60	0	0	0	347,7	0	0	0	0	0	0	0	0	0	0	0	352,3
SR00535	31/5/2026	R	1,89172E+12	MEGAPROFER S,A,	J	18	1	55				1,001E+12	4662,95	4602,13	20/5/2026	19/7/2026	19/7/2026	60	60	0	0	0	0	4602,13	0	0	0	0	0	0	0	0	0	0	4662,95
SR00535	31/5/2026	R	1,89172E+12	MEGAPROFER S,A,	J	18	1	55				1,001E+12	582,9	575,3	27/5/2026	26/7/2026	26/7/2026	60	60	0	0	0	0	575,3	0	0	0	0	0	0	0	0	0	0	582,9
SR00535	31/5/2026	R	1,89172E+12	MEGAPROFER S,A,	J	18	1	55				1,001E+12	1584,48	1563,81	27/5/2026	26/7/2026	26/7/2026	60	60	0	0	0	0	1563,81	0	0	0	0	0	0	0	0	0	0	1584,48
SR00535	31/5/2026	R	1,89172E+12	MEGAPROFER S,A,	J	18	1	55				1,001E+12	6255,48	6173,89	29/4/2026	28/6/2026	28/6/2026	60	60	0	0	0	6173,89	0	0	0	0	0	0	0	0	0	0	0	6255,48
SR00535	31/5/2026	R	1,89172E+12	MEGAPROFER S,A,	J	18	1	55				1,001E+12	47450,07	46831,16	27/4/2026	26/6/2026	26/6/2026	60	60	0	0	0	46831,16	0	0	0	0	0	0	0	0	0	0	0	47450,07
SR00535	31/5/2026	R	1,89172E+12	MEGAPROFER S,A,	J	18	1	55				1,001E+12	3899,82	3848,95	25/5/2026	24/7/2026	24/7/2026	60	60	0	0	0	0	3848,95	0	0	0	0	0	0	0	0	0	0	3899,82
SR00535	31/5/2026	R	1,89172E+12	MEGAPROFER S,A,	J	18	1	55				1,001E+12	585,75	578,11	28/5/2026	27/7/2026	27/7/2026	60	60	0	0	0	0	578,11	0	0	0	0	0	0	0	0	0	0	585,75
SR00535	31/5/2026	R	1,89172E+12	MEGAPROFER S,A,	J	18	1	55				1,001E+12	366,3	361,52	10/5/2026	9/7/2026	9/7/2026	60	60	0	0	0	0	361,52	0	0	0	0	0	0	0	0	0	0	366,3
SR00535	31/5/2026	R	1,89172E+12	MEGAPROFER S,A,	J	18	1	55				1,001E+12	301,97	298,03	6/5/2026	5/7/2026	5/7/2026	60	60	0	0	0	0	298,03	0	0	0	0	0	0	0	0	0	0	301,97
SR00535	31/5/2026	R	1,89172E+12	MEGAPROFER S,A,	J	18	1	55				1,001E+12	178,83	176,5	15/5/2026	14/7/2026	14/7/2026	60	60	0	0	0	0	176,5	0	0	0	0	0	0	0	0	0	0	178,83
SR00535	31/5/2026	R	1,89172E+12	MEGAPROFER S,A,	J	18	1	55				1,001E+12	8764,63	8650,31	10/5/2026	9/7/2026	9/7/2026	60	60	0	0	0	0	8650,31	0	0	0	0	0	0	0	0	0	0	8764,63
SR00535	31/5/2026	R	1,89172E+12	MEGAPROFER S,A,	J	18	1	55				1,001E+12	1459,55	1440,51	27/4/2026	26/6/2026	26/6/2026	60	60	0	0	0	1440,51	0	0	0	0	0	0	0	0	0	0	0	1459,55
SR00535	31/5/2026	R	1,89172E+12	MEGAPROFER S,A,	J	18	1	55				1,001E+12	190,12	187,64	21/4/2026	20/6/2026	20/6/2026	60	60	0	0	0	187,64	0	0	0	0	0	0	0	0	0	0	0	190,12
SR00535	31/5/2026	R	1,89172E+12	MEGAPROFER S,A,	J	18	1	55				1,001E+12	1558,27	1537,94	13/4/2026	12/6/2026	12/6/2026	60	60	0	0	0	1537,94	0	0	0	0	0	0	0	0	0	0	0	1558,27
SR00535	31/5/2026	R	1,89172E+12	MEGAPROFER S,A,	J	18	1	55				1,001E+12	4008,54	3956,25	21/4/2026	20/6/2026	20/6/2026	60	60	0	0	0	3956,25	0	0	0	0	0	0	0	0	0	0	0	4008,54
SR00535	31/5/2026	R	1,89172E+12	MEGAPROFER S,A,	J	18	1	55				1,001E+12	125,58	123,94	7/5/2026	6/7/2026	6/7/2026	60	60	0	0	0	0	123,94	0	0	0	0	0	0	0	0	0	0	125,58
SR00535	31/5/2026	R	1,89172E+12	MEGAPROFER S,A,	J	18	1	55				1,001E+12	2127,18	2099,43	21/5/2026	20/7/2026	20/7/2026	60	60	0	0	0	0	2099,43	0	0	0	0	0	0	0	0	0	0	2127,18
SR00535	31/5/2026	R	1,89172E+12	MEGAPROFER S,A,	J	18	1	55				1,001E+12	687,23	678,27	5/5/2026	4/7/2026	4/7/2026	60	60	0	0	0	0	678,27	0	0	0	0	0	0	0	0	0	0	687,23
SR00535	31/5/2026	R	1,89172E+12	MEGAPROFER S,A,	J	18	1	55				1,001E+12	12072,07	11914,61	19/5/2026	18/7/2026	18/7/2026	60	60	0	0	0	0	11914,61	0	0	0	0	0	0	0	0	0	0	12072,07
SR00535	31/5/2026	R	1,89172E+12	MEGAPROFER S,A,	J	18	1	55				1,001E+12	17131,83	16908,37	19/5/2026	18/7/2026	18/7/2026	60	60	0	0	0	0	16908,37	0	0	0	0	0	0	0	0	0	0	17131,83
SR00535	31/5/2026	R	1,89172E+12	MEGAPROFER S,A,	J	18	1	55				1,001E+12	317,18	313,04	19/5/2026	18/7/2026	18/7/2026	60	60	0	0	0	0	313,04	0	0	0	0	0	0	0	0	0	0	317,18
SR00535	31/5/2026	R	1,89172E+12	MEGAPROFER S,A,	J	18	1	55				1,001E+12	12997,6	12828,07	30/3/2026	29/5/2026	29/5/2026	60	60	2	12828,07	0	0	0	0	0	0	12828,07	0	0	0	0	0	0	12997,6
SR00535	31/5/2026	R	1,89172E+12	MEGAPROFER S,A,	J	18	1	55				1,001E+12	6540,35	6455,04	29/4/2026	28/6/2026	28/6/2026	60	60	0	0	0	6455,04	0	0	0	0	0	0	0	0	0	0	0	6540,35
SR00535	31/5/2026	R	1,89172E+12	MEGAPROFER S,A,	J	18	1	55				1,001E+12	1006,58	993,45	6/5/2026	5/7/2026	5/7/2026	60	60	0	0	0	0	993,45	0	0	0	0	0	0	0	0	0	0	1006,58
SR00535	31/5/2026	R	1,89172E+12	MEGAPROFER S,A,	J	18	1	55				1,001E+12	15074,09	14877,47	21/5/2026	20/7/2026	20/7/2026	60	60	0	0	0	0	14877,47	0	0	0	0	0	0	0	0	0	0	15074,09
SR00535	31/5/2026	R	1,89172E+12	MEGAPROFER S,A,	J	18	1	55				1,001E+12	12462,38	12299,83	10/5/2026	9/7/2026	9/7/2026	60	60	0	0	0	0	12299,83	0	0	0	0	0	0	0	0	0	0	12462,38
SR00535	31/5/2026	R	1,89172E+12	MEGAPROFER S,A,	J	18	1	55				1,001E+12	1509,87	1490,18	17/5/2026	16/7/2026	16/7/2026	60	60	0	0	0	0	1490,18	0	0	0	0	0	0	0	0	0	0	1509,87
SR00535	31/5/2026	R	1,89172E+12	MEGAPROFER S,A,	J	18	1	55				1,001E+12	298,83	294,93	28/4/2026	27/6/2026	27/6/2026	60	60	0	0	0	294,93	0	0	0	0	0	0	0	0	0	0	0	298,83
SR00535	31/5/2026	R	1,89172E+12	MEGAPROFER S,A,	J	18	1	55				1,001E+12	14319,86	14133,08	8/4/2026	7/6/2026	7/6/2026	60	60	0	0	0	14133,08	0	0	0	0	0	0	0	0	0	0	0	14319,86
SR00535	31/5/2026	R	1,89172E+12	MEGAPROFER S,A,	J	18	1	55				1,001E+12	676,17	667,35	8/4/2026	7/6/2026	7/6/2026	60	60	0	0	0	667,35	0	0	0	0	0	0	0	0	0	0	0	676,17
SR00535	31/5/2026	R	1,89172E+12	MEGAPROFER S,A,	J	18	1	55				1,001E+12	201,32	198,69	27/4/2026	26/6/2026	26/6/2026	60	60	0	0	0	198,69	0	0	0	0	0	0	0	0	0	0	0	201,32
SR00535	31/5/2026	R	1,89172E+12	MEGAPROFER S,A,	J	18	1	55				1,001E+12	12577,96	12413,9	10/4/2026	9/6/2026	9/6/2026	60	60	0	0	0	12413,9	0	0	0	0	0	0	0	0	0	0	0	12577,96
SR00535	31/5/2026	R	1,89172E+12	MEGAPROFER S,A,	J	18	1	55				1,001E+12	230,41	227,4	9/4/2026	8/6/2026	8/6/2026	60	60	0	0	0	227,4	0	0	0	0	0	0	0	0	0	0	0	230,41
SR00535	31/5/2026	R	1,89172E+12	MEGAPROFER S,A,	J	18	1	55				1,001E+12	424,32	418,78	17/4/2026	16/6/2026	16/6/2026	60	60	0	0	0	418,78	0	0	0	0	0	0	0	0	0	0	0	424,32
SR00535	31/5/2026	R	1,89172E+12	MEGAPROFER S,A,	J	18	1	55				1,001E+12	12469,13	12306,49	6/5/2026	5/7/2026	5/7/2026	60	60	0	0	0	0	12306,49	0	0	0	0	0	0	0	0	0	0	12469,13
SR00535	31/5/2026	R	1,89172E+12	MEGAPROFER S,A,	J	18	1	55				1,001E+12	9591,47	9466,36	25/5/2026	24/7/2026	24/7/2026	60	60	0	0	0	0	9466,36	0	0	0	0	0	0	0	0	0	0	9591,47
SR00535	31/5/2026	R	1,89172E+12	MEGAPROFER S,A,	J	18	1	55				1,001E+12	262,43	259,01	17/4/2026	16/6/2026	16/6/2026	60	60	0	0	0	259,01	0	0	0	0	0	0	0	0	0	0	0	262,43
SR00535	31/5/2026	R	1,89172E+12	MEGAPROFER S,A,	J	18	1	55				1,001E+12	12815,36	12648,2	30/3/2026	29/5/2026	29/5/2026	60	60	2	12648,2	0	0	0	0	0	0	12648,2	0	0	0	0	0	0	12815,36
SR00535	31/5/2026	R	1,89172E+12	MEGAPROFER S,A,	J	18	1	55				1,001E+12	149,79	147,84	9/4/2026	8/6/2026	8/6/2026	60	60	0	0	0	147,84	0	0	0	0	0	0	0	0	0	0	0	149,79
SR00535	31/5/2026	R	1,89172E+12	MEGAPROFER S,A,	J	18	1	55				1,001E+12	111,29	109,84	30/3/2026	29/5/2026	29/5/2026	60	60	2	109,84	0	0	0	0	0	0	109,84	0	0	0	0	0	0	111,29
SR00535	31/5/2026	R	1,89172E+12	MEGAPROFER S,A,	J	18	1	55				1,001E+12	13110,08	12939,08	26/3/2026	25/5/2026	25/5/2026	60	60	6	12939,08	0	0	0	0	0	0	12939,08	0	0	0	0	0	0	13110,08
SR00535	31/5/2026	R	1,89172E+12	MEGAPROFER S,A,	J	18	1	55				1,001E+12	4095,04	4041,63	25/5/2026	24/7/2026	24/7/2026	60	60	0	0	0	0	4041,63	0	0	0	0	0	0	0	0	0	0	4095,04
SR00535	31/5/2026	R	1,89172E+12	MEGAPROFER S,A,	J	18	1	55				1,001E+12	422,92	417,4	19/5/2026	18/7/2026	18/7/2026	60	60	0	0	0	0	417,4	0	0	0	0	0	0	0	0	0	0	422,92
SR00535	31/5/2026	R	1,89172E+12	MEGAPROFER S,A,	J	18	1	55				1,001E+12	36941,19	36459,35	27/4/2026	26/6/2026	26/6/2026	60	60	0	0	0	36459,35	0	0	0	0	0	0	0	0	0	0	0	36941,19
SR00535	31/5/2026	R	1,89172E+12	MEGAPROFER S,A,	J	18	1	55				1,001E+12	123,02	121,41	21/5/2026	20/7/2026	20/7/2026	60	60	0	0	0	0	121,41	0	0	0	0	0	0	0	0	0	0	123,02
SR00535	31/5/2026	R	1,89172E+12	MEGAPROFER S,A,	J	18	1	55				1,001E+12	7672,85	7572,77	20/5/2026	19/7/2026	19/7/2026	60	60	0	0	0	0	7572,77	0	0	0	0	0	0	0	0	0	0	7672,85
SR00535	31/5/2026	R	1,89172E+12	MEGAPROFER S,A,	J	18	1	55				1,001E+12	5441	5370,03	17/5/2026	16/7/2026	16/7/2026	60	60	0	0	0	0	5370,03	0	0	0	0	0	0	0	0	0	0	5441
SR00535	31/5/2026	R	1,89172E+12	MEGAPROFER S,A,	J	18	1	55				1,001E+12	525,91	519,05	7/5/2026	6/7/2026	6/7/2026	60	60	0	0	0	0	519,05	0	0	0	0	0	0	0	0	0	0	525,91
SR00535	31/5/2026	R	1,89172E+12	MEGAPROFER S,A,	J	18	1	55				1,001E+12	654,28	645,75	23/4/2026	22/6/2026	22/6/2026	60	60	0	0	0	645,75	0	0	0	0	0	0	0	0	0	0	0	654,28
SR00535	31/5/2026	R	1,89172E+12	MEGAPROFER S,A,	J	18	1	55				1,001E+12	16240,28	16028,45	21/5/2026	20/7/2026	20/7/2026	60	60	0	0	0	0	16028,45	0	0	0	0	0	0	0	0	0	0	16240,28
SR00535	31/5/2026	R	1,89172E+12	MEGAPROFER S,A,	J	18	1	55				1,001E+12	1298,82	1281,88	29/4/2026	28/6/2026	28/6/2026	60	60	0	0	0	1281,88	0	0	0	0	0	0	0	0	0	0	0	1298,82
SR00535	31/5/2026	R	1,89172E+12	MEGAPROFER S,A,	J	18	1	55				1,001E+12	624,93	616,78	8/4/2026	7/6/2026	7/6/2026	60	60	0	0	0	616,78	0	0	0	0	0	0	0	0	0	0	0	624,93
SR00535	31/5/2026	R	1,89172E+12	MEGAPROFER S,A,	J	18	1	55				1,001E+12	1831,51	1807,62	27/5/2026	26/7/2026	26/7/2026	60	60	0	0	0	0	1807,62	0	0	0	0	0	0	0	0	0	0	1831,51
SR00535	31/5/2026	R	1,89172E+12	MEGAPROFER S,A,	J	18	1	55				1,001E+12	5966,99	5889,16	10/5/2026	9/7/2026	9/7/2026	60	60	0	0	0	0	5889,16	0	0	0	0	0	0	0	0	0	0	5966,99
SR00535	31/5/2026	R	1,89172E+12	MEGAPROFER S,A,	J	18	1	55				1,001E+12	301,97	298,03	15/5/2026	14/7/2026	14/7/2026	60	60	0	0	0	0	298,03	0	0	0	0	0	0	0	0	0	0	301,97
SR00535	31/5/2026	R	1,89172E+12	MEGAPROFER S,A,	J	18	1	55				1,001E+12	1168,46	1153,22	5/5/2026	4/7/2026	4/7/2026	60	60	0	0	0	0	1153,22	0	0	0	0	0	0	0	0	0	0	1168,46
SR00535	31/5/2026	R	1,89172E+12	MEGAPROFER S,A,	J	18	1	55				1,001E+12	211,26	208,5	8/4/2026	7/6/2026	7/6/2026	60	60	0	0	0	208,5	0	0	0	0	0	0	0	0	0	0	0	211,26
SR00535	31/5/2026	R	1,89172E+12	MEGAPROFER S,A,	J	18	1	55				1,001E+12	9464,41	9340,96	10/4/2026	9/6/2026	9/6/2026	60	60	0	0	0	9340,96	0	0	0	0	0	0	0	0	0	0	0	9464,41
SR00535	31/5/2026	R	1,89172E+12	MEGAPROFER S,A,	J	18	1	55				1,001E+12	24962,21	24636,62	17/4/2026	16/6/2026	16/6/2026	60	60	0	0	0	24636,62	0	0	0	0	0	0	0	0	0	0	0	24962,21
SR00535	31/5/2026	R	1,89172E+12	MEGAPROFER S,A,	J	18	1	55				1,001E+12	1759,8	1736,85	25/5/2026	24/7/2026	24/7/2026	60	60	0	0	0	0	1736,85	0	0	0	0	0	0	0	0	0	0	1759,8
SR00535	31/5/2026	R	1,89172E+12	MEGAPROFER S,A,	J	18	1	55				1,001E+12	2245,36	2216,07	21/5/2026	20/7/2026	20/7/2026	60	60	0	0	0	0	2216,07	0	0	0	0	0	0	0	0	0	0	2245,36
SR00535	31/5/2026	R	1,89172E+12	MEGAPROFER S,A,	J	18	1	55				1,001E+12	11131,84	10986,64	27/3/2026	26/5/2026	26/5/2026	60	60	5	10986,64	0	0	0	0	0	0	10986,64	0	0	0	0	0	0	11131,84
SR00535	31/5/2026	R	1,89172E+12	MEGAPROFER S,A,	J	18	1	55				1,001E+12	5245,94	5177,51	26/3/2026	25/5/2026	25/5/2026	60	60	6	5177,51	0	0	0	0	0	0	5177,51	0	0	0	0	0	0	5245,94
SR00535	31/5/2026	R	1,89172E+12	MEGAPROFER S,A,	J	18	1	55				1,001E+12	3101,91	3061,45	28/4/2026	27/6/2026	27/6/2026	60	60	0	0	0	3061,45	0	0	0	0	0	0	0	0	0	0	0	3101,91
SR00535	31/5/2026	R	1,89172E+12	MEGAPROFER S,A,	J	18	1	55				1,001E+12	1692,78	1670,7	30/3/2026	29/5/2026	29/5/2026	60	60	2	1670,7	0	0	0	0	0	0	1670,7	0	0	0	0	0	0	1692,78
SR00535	31/5/2026	R	1,89172E+12	MEGAPROFER S,A,	J	18	1	55				1,001E+12	201,32	198,69	21/4/2026	20/6/2026	20/6/2026	60	60	0	0	0	198,69	0	0	0	0	0	0	0	0	0	0	0	201,32
SR00535	31/5/2026	R	1,89172E+12	MEGAPROFER S,A,	J	18	1	55				1,001E+12	134,11	132,36	15/5/2026	14/7/2026	14/7/2026	60	60	0	0	0	0	132,36	0	0	0	0	0	0	0	0	0	0	134,11
SR00535	31/5/2026	R	1,89172E+12	MEGAPROFER S,A,	J	18	1	55				1,001E+12	5998,32	5920,08	19/5/2026	18/7/2026	18/7/2026	60	60	0	0	0	0	5920,08	0	0	0	0	0	0	0	0	0	0	5998,32
SR00535	31/5/2026	R	1,89172E+12	MEGAPROFER S,A,	J	18	1	55				1,001E+12	1740	1717,3	29/4/2026	28/6/2026	28/6/2026	60	60	0	0	0	1717,3	0	0	0	0	0	0	0	0	0	0	0	1740
SR00535	31/5/2026	R	1,89172E+12	MEGAPROFER S,A,	J	18	1	55				1,001E+12	133,77	132,02	17/4/2026	16/6/2026	16/6/2026	60	60	0	0	0	132,02	0	0	0	0	0	0	0	0	0	0	0	133,77
SR00535	31/5/2026	R	1,89172E+12	MEGAPROFER S,A,	J	18	1	55				1,001E+12	20688,97	20419,11	21/5/2026	20/7/2026	20/7/2026	60	60	0	0	0	0	20419,11	0	0	0	0	0	0	0	0	0	0	20688,97
SR00535	31/5/2026	R	1,89172E+12	MEGAPROFER S,A,	J	18	1	55				1,001E+12	1277,54	1260,88	21/5/2026	20/7/2026	20/7/2026	60	60	0	0	0	0	1260,88	0	0	0	0	0	0	0	0	0	0	1277,54
SR00535	31/5/2026	R	1,89172E+12	MEGAPROFER S,A,	J	18	1	55				1,001E+12	2112,64	2085,08	7/5/2026	6/7/2026	6/7/2026	60	60	0	0	0	0	2085,08	0	0	0	0	0	0	0	0	0	0	2112,64
SR00535	31/5/2026	R	1,89172E+12	MEGAPROFER S,A,	J	18	1	55				1,001E+12	3745,6	3696,74	21/5/2026	20/7/2026	20/7/2026	60	60	0	0	0	0	3696,74	0	0	0	0	0	0	0	0	0	0	3745,6
SR00535	31/5/2026	R	1,89172E+12	MEGAPROFER S,A,	J	18	1	55				1,001E+12	18529,36	18287,67	25/3/2026	24/5/2026	24/5/2026	60	60	7	18287,67	0	0	0	0	0	0	18287,67	0	0	0	0	0	0	18529,36
SR00535	31/5/2026	R	1,89172E+12	MEGAPROFER S,A,	J	18	1	55				1,001E+12	301,97	298,03	23/4/2026	22/6/2026	22/6/2026	60	60	0	0	0	298,03	0	0	0	0	0	0	0	0	0	0	0	301,97
SR00535	31/5/2026	R	1,89172E+12	MEGAPROFER S,A,	J	18	1	55				1,001E+12	2048,83	2022,11	17/4/2026	16/6/2026	16/6/2026	60	60	0	0	0	2022,11	0	0	0	0	0	0	0	0	0	0	0	2048,83
SR00535	31/5/2026	R	1,89172E+12	MEGAPROFER S,A,	J	18	1	55				1,001E+12	15891,16	15683,88	27/4/2026	26/6/2026	26/6/2026	60	60	0	0	0	15683,88	0	0	0	0	0	0	0	0	0	0	0	15891,16
SR00535	31/5/2026	R	1,89172E+12	MEGAPROFER S,A,	J	18	1	55				1,001E+12	10603,06	10464,76	27/4/2026	26/6/2026	26/6/2026	60	60	0	0	0	10464,76	0	0	0	0	0	0	0	0	0	0	0	10603,06
SR00535	31/5/2026	R	1,89172E+12	MEGAPROFER S,A,	J	18	1	55				1,001E+12	1730,2	1707,63	27/3/2026	26/5/2026	26/5/2026	60	60	5	1707,63	0	0	0	0	0	0	1707,63	0	0	0	0	0	0	1730,2
SR00535	31/5/2026	R	1,89172E+12	MEGAPROFER S,A,	J	18	1	55				1,001E+12	5416,79	5346,14	1/4/2026	31/5/2026	31/5/2026	60	60	0	0	0	5346,14	0	0	0	0	0	0	0	0	0	0	0	5416,79
SR00535	31/5/2026	R	1,89172E+12	MEGAPROFER S,A,	J	18	1	55				1,001E+12	531,79	524,85	17/5/2026	16/7/2026	16/7/2026	60	60	0	0	0	0	524,85	0	0	0	0	0	0	0	0	0	0	531,79
SR00535	31/5/2026	R	1,89172E+12	MEGAPROFER S,A,	J	18	1	55				1,001E+12	149,79	147,84	15/5/2026	14/7/2026	14/7/2026	60	60	0	0	0	0	147,84	0	0	0	0	0	0	0	0	0	0	149,79
SR00535	31/5/2026	R	1,89172E+12	MEGAPROFER S,A,	J	18	1	55				1,001E+12	2988,31	2949,33	5/5/2026	4/7/2026	4/7/2026	60	60	0	0	0	0	2949,33	0	0	0	0	0	0	0	0	0	0	2988,31
SR00535	31/5/2026	R	1,89172E+12	MEGAPROFER S,A,	J	18	1	55				1,001E+12	996,02	983,03	7/5/2026	6/7/2026	6/7/2026	60	60	0	0	0	0	983,03	0	0	0	0	0	0	0	0	0	0	996,02
SR00535	31/5/2026	R	1,89172E+12	MEGAPROFER S,A,	J	18	1	55				1,001E+12	7361,47	7265,45	9/4/2026	8/6/2026	8/6/2026	60	60	0	0	0	7265,45	0	0	0	0	0	0	0	0	0	0	0	7361,47
SR00535	31/5/2026	R	1,89172E+12	MEGAPROFER S,A,	J	18	1	55				1,001E+12	9867,08	9738,38	25/5/2026	24/7/2026	24/7/2026	60	60	0	0	0	0	9738,38	0	0	0	0	0	0	0	0	0	0	9867,08
SR00535	31/5/2026	R	1,89172E+12	MEGAPROFER S,A,	J	18	1	55				1,001E+12	1362,54	1344,77	25/5/2026	24/7/2026	24/7/2026	60	60	0	0	0	0	1344,77	0	0	0	0	0	0	0	0	0	0	1362,54
SR00535	31/5/2026	R	1,89172E+12	MEGAPROFER S,A,	J	18	1	55				1,001E+12	196,82	194,25	20/4/2026	19/6/2026	19/6/2026	60	60	0	0	0	194,25	0	0	0	0	0	0	0	0	0	0	0	196,82
SR00535	31/5/2026	R	1,89172E+12	MEGAPROFER S,A,	J	18	1	55				1,001E+12	549,46	542,29	10/5/2026	9/7/2026	9/7/2026	60	60	0	0	0	0	542,29	0	0	0	0	0	0	0	0	0	0	549,46
SR00535	31/5/2026	R	1,89172E+12	MEGAPROFER S,A,	J	18	1	55				1,001E+12	5296,37	5227,29	6/5/2026	5/7/2026	5/7/2026	60	60	0	0	0	0	5227,29	0	0	0	0	0	0	0	0	0	0	5296,37
SR00535	31/5/2026	R	1,89172E+12	MEGAPROFER S,A,	J	18	1	55				1,001E+12	20620,2	20351,24	21/5/2026	20/7/2026	20/7/2026	60	60	0	0	0	0	20351,24	0	0	0	0	0	0	0	0	0	0	20620,2
SR00535	31/5/2026	R	1,89172E+12	MEGAPROFER S,A,	J	18	1	55				1,001E+12	180,38	178,03	15/5/2026	14/7/2026	14/7/2026	60	60	0	0	0	0	178,03	0	0	0	0	0	0	0	0	0	0	180,38
SR00535	31/5/2026	R	1,89172E+12	MEGAPROFER S,A,	J	18	1	55				1,001E+12	549,46	542,29	6/5/2026	5/7/2026	5/7/2026	60	60	0	0	0	0	542,29	0	0	0	0	0	0	0	0	0	0	549,46
SR00535	31/5/2026	R	1,89172E+12	MEGAPROFER S,A,	J	18	1	55				1,001E+12	1308	1290,94	12/5/2026	11/7/2026	11/7/2026	60	60	0	0	0	0	1290,94	0	0	0	0	0	0	0	0	0	0	1308
SR00535	31/5/2026	R	1,89172E+12	MEGAPROFER S,A,	J	18	1	55				1,001E+12	3523,04	3477,09	17/5/2026	16/7/2026	16/7/2026	60	60	0	0	0	0	3477,09	0	0	0	0	0	0	0	0	0	0	3523,04
SR00535	31/5/2026	R	1,89172E+12	MEGAPROFER S,A,	J	18	1	55				1,001E+12	8293,9	8185,72	10/4/2026	9/6/2026	9/6/2026	60	60	0	0	0	8185,72	0	0	0	0	0	0	0	0	0	0	0	8293,9
SR00535	31/5/2026	R	1,89172E+12	MEGAPROFER S,A,	J	18	1	55				1,001E+12	320,09	315,91	21/5/2026	20/7/2026	20/7/2026	60	60	0	0	0	0	315,91	0	0	0	0	0	0	0	0	0	0	320,09
SR00535	31/5/2026	R	1,89172E+12	MEGAPROFER S,A,	J	18	1	55				1,001E+12	80,76	79,71	27/5/2026	26/7/2026	26/7/2026	60	60	0	0	0	0	79,71	0	0	0	0	0	0	0	0	0	0	80,76
SR00535	31/5/2026	R	1,89172E+12	MEGAPROFER S,A,	J	18	1	55				1,001E+12	13297,67	13124,22	20/5/2026	19/7/2026	19/7/2026	60	60	0	0	0	0	13124,22	0	0	0	0	0	0	0	0	0	0	13297,67
SR00535	31/5/2026	R	1,89172E+12	MEGAPROFER S,A,	J	18	1	55				1,001E+12	21527	21246,21	17/4/2026	16/6/2026	16/6/2026	60	60	0	0	0	21246,21	0	0	0	0	0	0	0	0	0	0	0	21527
SR00535	31/5/2026	R	1,89172E+12	MEGAPROFER S,A,	J	18	1	55				1,001E+12	105,9	104,52	30/3/2026	29/5/2026	29/5/2026	60	60	2	104,52	0	0	0	0	0	0	104,52	0	0	0	0	0	0	105,9
SR00535	31/5/2026	R	1,89172E+12	MEGAPROFER S,A,	J	18	1	55				1,001E+12	2415,79	2384,28	12/5/2026	11/7/2026	11/7/2026	60	60	0	0	0	0	2384,28	0	0	0	0	0	0	0	0	0	0	2415,79
SR00535	31/5/2026	R	1,89172E+12	MEGAPROFER S,A,	J	18	1	55				1,001E+12	28442,71	28071,72	28/4/2026	27/6/2026	27/6/2026	60	60	0	0	0	28071,72	0	0	0	0	0	0	0	0	0	0	0	28442,71
SR00535	31/5/2026	R	1,89172E+12	MEGAPROFER S,A,	J	18	1	55				1,001E+12	183,15	180,76	6/5/2026	5/7/2026	5/7/2026	60	60	0	0	0	0	180,76	0	0	0	0	0	0	0	0	0	0	183,15
SR00535	31/5/2026	R	1,89172E+12	MEGAPROFER S,A,	J	18	1	55				1,001E+12	7674,78	7574,67	19/4/2026	18/6/2026	18/6/2026	60	60	0	0	0	7574,67	0	0	0	0	0	0	0	0	0	0	0	7674,78
SR00535	31/5/2026	R	1,89172E+12	MEGAPROFER S,A,	J	18	1	55				1,001E+12	23934,87	23622,68	8/4/2026	7/6/2026	7/6/2026	60	60	0	0	0	23622,68	0	0	0	0	0	0	0	0	0	0	0	23934,87
SR00535	31/5/2026	R	1,89172E+12	MEGAPROFER S,A,	J	18	1	55				1,001E+12	1342,45	1324,94	8/4/2026	7/6/2026	7/6/2026	60	60	0	0	0	1324,94	0	0	0	0	0	0	0	0	0	0	0	1342,45
SR00535	31/5/2026	R	1,89172E+12	MEGAPROFER S,A,	J	18	1	55				1,001E+12	388,21	383,15	17/5/2026	16/7/2026	16/7/2026	60	60	0	0	0	0	383,15	0	0	0	0	0	0	0	0	0	0	388,21
SR00535	31/5/2026	R	1,89172E+12	MEGAPROFER S,A,	J	18	1	55				1,001E+12	265,9	262,43	17/5/2026	16/7/2026	16/7/2026	60	60	0	0	0	0	262,43	0	0	0	0	0	0	0	0	0	0	265,9
SR00535	31/5/2026	R	1,89172E+12	MEGAPROFER S,A,	J	18	1	55				1,001E+12	3145,42	3104,39	21/5/2026	20/7/2026	20/7/2026	60	60	0	0	0	0	3104,39	0	0	0	0	0	0	0	0	0	0	3145,42
SR00535	31/5/2026	R	1,89172E+12	MEGAPROFER S,A,	J	18	1	55				1,001E+12	225,39	222,45	27/4/2026	26/6/2026	26/6/2026	60	60	0	0	0	222,45	0	0	0	0	0	0	0	0	0	0	0	225,39
SR00535	31/5/2026	R	1,89172E+12	MEGAPROFER S,A,	J	18	1	55				1,001E+12	128,62	126,94	20/4/2026	19/6/2026	19/6/2026	60	60	0	0	0	126,94	0	0	0	0	0	0	0	0	0	0	0	128,62
SR00535	31/5/2026	R	1,89172E+12	MEGAPROFER S,A,	J	18	1	55				1,001E+12	6505,53	6420,67	17/4/2026	16/6/2026	16/6/2026	60	60	0	0	0	6420,67	0	0	0	0	0	0	0	0	0	0	0	6505,53
SR00535	31/5/2026	R	1,89172E+12	MEGAPROFER S,A,	J	18	1	55				1,001E+12	425,85	420,29	13/4/2026	12/6/2026	12/6/2026	60	60	0	0	0	420,29	0	0	0	0	0	0	0	0	0	0	0	425,85
SR00535	31/5/2026	R	7,9183E+11	MEGAUNIMAC CIA, LTDA,	J	7	6	50				3,001E+12	2071,16	2071,16	29/5/2026	8/7/2026	8/7/2026	40	40	0	0	0	0	2071,16	0	0	0	0	0	0	0	0	0	0	2071,16
SR00535	31/5/2026	R	7,9183E+11	MEGAUNIMAC CIA, LTDA,	J	7	6	50				3,001E+12	80,76	80,76	5/5/2026	14/6/2026	14/6/2026	40	40	0	0	0	80,76	0	0	0	0	0	0	0	0	0	0	0	80,76
SR00535	31/5/2026	R	7,9183E+11	MEGAUNIMAC CIA, LTDA,	J	7	6	50				3,001E+12	723,67	723,67	20/4/2026	30/5/2026	30/5/2026	40	40	1	723,67	0	0	0	0	0	0	723,67	0	0	0	0	0	0	723,67
SR00535	31/5/2026	R	7,9183E+11	MEGAUNIMAC CIA, LTDA,	J	7	6	50				3,001E+12	3997,63	3997,63	11/5/2026	20/6/2026	20/6/2026	40	40	0	0	0	3997,63	0	0	0	0	0	0	0	0	0	0	0	3997,63
SR00535	31/5/2026	R	7,9183E+11	MEGAUNIMAC CIA, LTDA,	J	7	6	50				3,001E+12	1530,16	1478,29	4/5/2026	13/6/2026	13/6/2026	40	40	0	0	0	1478,29	0	0	0	0	0	0	0	0	0	0	0	1530,16
SR00535	31/5/2026	R	7,9183E+11	MEGAUNIMAC CIA, LTDA,	J	7	6	50				3,001E+12	266,32	257,29	5/5/2026	14/6/2026	14/6/2026	40	40	0	0	0	257,29	0	0	0	0	0	0	0	0	0	0	0	266,32
SR00535	31/5/2026	R	7,9183E+11	MEGAUNIMAC CIA, LTDA,	J	7	6	50				3,001E+12	24521,92	24521,92	14/5/2026	23/6/2026	23/6/2026	40	40	0	0	0	24521,92	0	0	0	0	0	0	0	0	0	0	0	24521,92
SR00535	31/5/2026	R	1,95135E+11	MEGGA-FRANK S,A,S	J	1	1	14				3,001E+12	8031,65	7763,95	23/4/2026	2/6/2026	2/6/2026	40	40	0	0	0	7763,95	0	0	0	0	0	0	0	0	0	0	0	8031,65
SR00535	31/5/2026	R	1,95135E+11	MEGGA-FRANK S,A,S	J	1	1	14				3,001E+12	6361,21	6361,21	20/5/2026	29/6/2026	29/6/2026	40	40	0	0	0	6361,21	0	0	0	0	0	0	0	0	0	0	0	6361,21
SR00535	31/5/2026	R	1,95135E+11	MEGGA-FRANK S,A,S	J	1	1	14				3,001E+12	393,44	393,44	6/5/2026	15/6/2026	15/6/2026	40	40	0	0	0	393,44	0	0	0	0	0	0	0	0	0	0	0	393,44
SR00535	31/5/2026	R	1,95135E+11	MEGGA-FRANK S,A,S	J	1	1	14				3,001E+12	7259,27	7259,27	4/5/2026	13/6/2026	13/6/2026	40	40	0	0	0	7259,27	0	0	0	0	0	0	0	0	0	0	0	7259,27
SR00535	31/5/2026	R	1,95135E+11	MEGGA-FRANK S,A,S	J	1	1	14				3,001E+12	7148,69	6778,95	13/5/2026	22/6/2026	22/6/2026	40	40	0	0	0	6778,95	0	0	0	0	0	0	0	0	0	0	0	7148,69
SR00535	31/5/2026	R	1,95135E+11	MEGGA-FRANK S,A,S	J	1	1	14				3,001E+12	2242,03	1407,72	24/4/2026	3/6/2026	3/6/2026	40	40	0	0	0	1407,72	0	0	0	0	0	0	0	0	0	0	0	2242,03
SR00535	31/5/2026	R	1,95135E+11	MEGGA-FRANK S,A,S	J	1	1	14				3,001E+12	1295,66	1228,65	21/5/2026	30/6/2026	30/6/2026	40	40	0	0	0	1228,65	0	0	0	0	0	0	0	0	0	0	0	1295,66
SR00535	31/5/2026	R	1,95135E+11	MEGGA-FRANK S,A,S	J	1	1	14				3,001E+12	1080,45	1064,36	24/4/2026	3/6/2026	3/6/2026	40	40	0	0	0	1064,36	0	0	0	0	0	0	0	0	0	0	0	1080,45
SR00535	31/5/2026	R	1,95135E+11	MEGGA-FRANK S,A,S	J	1	1	14				3,001E+12	166,76	166,76	20/5/2026	29/6/2026	29/6/2026	40	40	0	0	0	166,76	0	0	0	0	0	0	0	0	0	0	0	166,76
SR00535	31/5/2026	R	1,95135E+11	MEGGA-FRANK S,A,S	J	1	1	14				3,001E+12	5522,05	5337,99	29/4/2026	8/6/2026	8/6/2026	40	40	0	0	0	5337,99	0	0	0	0	0	0	0	0	0	0	0	5522,05
SR00535	31/5/2026	R	1,95135E+11	MEGGA-FRANK S,A,S	J	1	1	14				3,001E+12	1122,48	1122,48	7/5/2026	16/6/2026	16/6/2026	40	40	0	0	0	1122,48	0	0	0	0	0	0	0	0	0	0	0	1122,48
SR00535	31/5/2026	R	1,95135E+11	MEGGA-FRANK S,A,S	J	1	1	14				3,001E+12	1485,43	1485,43	27/5/2026	6/7/2026	6/7/2026	40	40	0	0	0	0	1485,43	0	0	0	0	0	0	0	0	0	0	1485,43
SR00535	31/5/2026	R	1,95135E+11	MEGGA-FRANK S,A,S	J	1	1	14				3,001E+12	2156,14	2156,14	6/5/2026	15/6/2026	15/6/2026	40	40	0	0	0	2156,14	0	0	0	0	0	0	0	0	0	0	0	2156,14
SR00535	31/5/2026	R	1,95135E+11	MEGGA-FRANK S,A,S	J	1	1	14				3,001E+12	8670,93	8222,48	13/5/2026	22/6/2026	22/6/2026	40	40	0	0	0	8222,48	0	0	0	0	0	0	0	0	0	0	0	8670,93
SR00535	31/5/2026	R	1,95135E+11	MEGGA-FRANK S,A,S	J	1	1	14				3,001E+12	430,95	416,09	12/5/2026	21/6/2026	21/6/2026	40	40	0	0	0	416,09	0	0	0	0	0	0	0	0	0	0	0	430,95
SR00535	31/5/2026	R	1,95135E+11	MEGGA-FRANK S,A,S	J	1	1	14				3,001E+12	7483,11	7233,7	29/4/2026	8/6/2026	8/6/2026	40	40	0	0	0	7233,7	0	0	0	0	0	0	0	0	0	0	0	7483,11
SR00535	31/5/2026	R	1,95135E+11	MEGGA-FRANK S,A,S	J	1	1	14				3,001E+12	6488,88	6153,28	21/5/2026	30/6/2026	30/6/2026	40	40	0	0	0	6153,28	0	0	0	0	0	0	0	0	0	0	0	6488,88
SR00535	31/5/2026	R	1,95135E+11	MEGGA-FRANK S,A,S	J	1	1	14				3,001E+12	364,96	364,96	20/5/2026	29/6/2026	29/6/2026	40	40	0	0	0	364,96	0	0	0	0	0	0	0	0	0	0	0	364,96
SR00535	31/5/2026	R	1,95135E+11	MEGGA-FRANK S,A,S	J	1	1	14				3,001E+12	5706,4	5516,2	23/4/2026	2/6/2026	2/6/2026	40	40	0	0	0	5516,2	0	0	0	0	0	0	0	0	0	0	0	5706,4
SR00535	31/5/2026	R	1,95135E+11	MEGGA-FRANK S,A,S	J	1	1	14				3,001E+12	387,83	387,83	15/5/2026	24/6/2026	24/6/2026	40	40	0	0	0	387,83	0	0	0	0	0	0	0	0	0	0	0	387,83
SR00535	31/5/2026	R	1,95135E+11	MEGGA-FRANK S,A,S	J	1	1	14				3,001E+12	114,03	114,03	20/5/2026	29/6/2026	29/6/2026	40	40	0	0	0	114,03	0	0	0	0	0	0	0	0	0	0	0	114,03
SR00535	31/5/2026	R	1,95135E+11	MEGGA-FRANK S,A,S	J	1	1	14				3,001E+12	1122,48	1122,48	6/5/2026	15/6/2026	15/6/2026	40	40	0	0	0	1122,48	0	0	0	0	0	0	0	0	0	0	0	1122,48
SR00535	31/5/2026	R	1,95135E+11	MEGGA-FRANK S,A,S	J	1	1	14				3,001E+12	1122,48	1122,48	15/5/2026	24/6/2026	24/6/2026	40	40	0	0	0	1122,48	0	0	0	0	0	0	0	0	0	0	0	1122,48
SR00535	31/5/2026	R	1,95135E+11	MEGGA-FRANK S,A,S	J	1	1	14				3,001E+12	3061,54	2903,2	13/5/2026	22/6/2026	22/6/2026	40	40	0	0	0	2903,2	0	0	0	0	0	0	0	0	0	0	0	3061,54
SR00535	31/5/2026	R	1,95135E+11	MEGGA-FRANK S,A,S	J	1	1	14				3,001E+12	503,77	503,77	20/5/2026	29/6/2026	29/6/2026	40	40	0	0	0	503,77	0	0	0	0	0	0	0	0	0	0	0	503,77
SR00535	31/5/2026	R	1,95135E+11	MEGGA-FRANK S,A,S	J	1	1	14				3,001E+12	2625,3	2625,3	4/5/2026	13/6/2026	13/6/2026	40	40	0	0	0	2625,3	0	0	0	0	0	0	0	0	0	0	0	2625,3
SR00535	31/5/2026	R	1,95135E+11	MEGGA-FRANK S,A,S	J	1	1	14				3,001E+12	614,38	614,38	6/5/2026	15/6/2026	15/6/2026	40	40	0	0	0	614,38	0	0	0	0	0	0	0	0	0	0	0	614,38
SR00535	31/5/2026	R	1,95135E+11	MEGGA-FRANK S,A,S	J	1	1	14				3,001E+12	208,18	208,18	6/5/2026	15/6/2026	15/6/2026	40	40	0	0	0	208,18	0	0	0	0	0	0	0	0	0	0	0	208,18
SR00535	31/5/2026	R	1,95135E+11	MEGGA-FRANK S,A,S	J	1	1	14				3,001E+12	13542,55	13210,04	22/4/2026	1/6/2026	1/6/2026	40	40	0	0	0	13210,04	0	0	0	0	0	0	0	0	0	0	0	13542,55
SR00535	31/5/2026	R	1,95135E+11	MEGGA-FRANK S,A,S	J	1	1	14				3,001E+12	3964,77	3964,77	20/5/2026	29/6/2026	29/6/2026	40	40	0	0	0	3964,77	0	0	0	0	0	0	0	0	0	0	0	3964,77
SR00535	31/5/2026	R	1,95135E+11	MEGGA-FRANK S,A,S	J	1	1	14				3,001E+12	598,14	598,14	8/5/2026	17/6/2026	17/6/2026	40	40	0	0	0	598,14	0	0	0	0	0	0	0	0	0	0	0	598,14
SR00535	31/5/2026	R	1,95135E+11	MEGGA-FRANK S,A,S	J	1	1	14				3,001E+12	8733,87	8282,15	21/5/2026	30/6/2026	30/6/2026	40	40	0	0	0	8282,15	0	0	0	0	0	0	0	0	0	0	0	8733,87
SR00535	31/5/2026	R	1,95135E+11	MEGGA-FRANK S,A,S	J	1	1	14				3,001E+12	1637,66	1581,19	12/5/2026	21/6/2026	21/6/2026	40	40	0	0	0	1581,19	0	0	0	0	0	0	0	0	0	0	0	1637,66
SR00535	31/5/2026	R	1,95135E+11	MEGGA-FRANK S,A,S	J	1	1	14				3,001E+12	9541,06	9223,06	23/4/2026	2/6/2026	2/6/2026	40	40	0	0	0	9223,06	0	0	0	0	0	0	0	0	0	0	0	9541,06
SR00535	31/5/2026	R	1,95135E+11	MEGGA-FRANK S,A,S	J	1	1	14				3,001E+12	1122,48	1122,48	4/5/2026	13/6/2026	13/6/2026	40	40	0	0	0	1122,48	0	0	0	0	0	0	0	0	0	0	0	1122,48
SR00535	31/5/2026	R	1,95135E+11	MEGGA-FRANK S,A,S	J	1	1	14				3,001E+12	280,86	280,86	12/5/2026	21/6/2026	21/6/2026	40	40	0	0	0	280,86	0	0	0	0	0	0	0	0	0	0	0	280,86
SR00535	31/5/2026	R	1,95135E+11	MEGGA-FRANK S,A,S	J	1	1	14				3,001E+12	576,12	576,12	15/5/2026	24/6/2026	24/6/2026	40	40	0	0	0	576,12	0	0	0	0	0	0	0	0	0	0	0	576,12
SR00535	31/5/2026	R	1,95135E+11	MEGGA-FRANK S,A,S	J	1	1	14				3,001E+12	880,93	843,39	4/5/2026	13/6/2026	13/6/2026	40	40	0	0	0	843,39	0	0	0	0	0	0	0	0	0	0	0	880,93
SR00535	31/5/2026	R	1,95135E+11	MEGGA-FRANK S,A,S	J	1	1	14				3,001E+12	92,48	92,48	15/5/2026	24/6/2026	24/6/2026	40	40	0	0	0	92,48	0	0	0	0	0	0	0	0	0	0	0	92,48
SR00535	31/5/2026	R	1,95135E+11	MEGGA-FRANK S,A,S	J	1	1	14				3,001E+12	8791,35	8488,22	7/5/2026	16/6/2026	16/6/2026	40	40	0	0	0	8488,22	0	0	0	0	0	0	0	0	0	0	0	8791,35
SR00535	31/5/2026	R	1,95135E+11	MEGGA-FRANK S,A,S	J	1	1	14				3,001E+12	7159,61	6789,32	20/5/2026	29/6/2026	29/6/2026	40	40	0	0	0	6789,32	0	0	0	0	0	0	0	0	0	0	0	7159,61
SR00535	31/5/2026	R	1,95135E+11	MEGGA-FRANK S,A,S	J	1	1	14				3,001E+12	2030,83	2030,83	15/5/2026	24/6/2026	24/6/2026	40	40	0	0	0	2030,83	0	0	0	0	0	0	0	0	0	0	0	2030,83
SR00535	31/5/2026	R	1,95135E+11	MEGGA-FRANK S,A,S	J	1	1	14				3,001E+12	1176,11	1176,11	15/5/2026	24/6/2026	24/6/2026	40	40	0	0	0	1176,11	0	0	0	0	0	0	0	0	0	0	0	1176,11
SR00535	31/5/2026	R	1,95135E+11	MEGGA-FRANK S,A,S	J	1	1	14				3,001E+12	403,79	403,79	6/5/2026	15/6/2026	15/6/2026	40	40	0	0	0	403,79	0	0	0	0	0	0	0	0	0	0	0	403,79
SR00535	31/5/2026	R	1,95135E+11	MEGGA-FRANK S,A,S	J	1	1	14				3,001E+12	4192,85	4053,1	28/4/2026	7/6/2026	7/6/2026	40	40	0	0	0	4053,1	0	0	0	0	0	0	0	0	0	0	0	4192,85
SR00535	31/5/2026	R	1,95135E+11	MEGGA-FRANK S,A,S	J	1	1	14				3,001E+12	3244,31	3076,51	27/5/2026	6/7/2026	6/7/2026	40	40	0	0	0	0	3076,51	0	0	0	0	0	0	0	0	0	0	3244,31
SR00535	31/5/2026	R	1,95135E+11	MEGGA-FRANK S,A,S	J	1	1	14				3,001E+12	421,3	421,3	7/5/2026	16/6/2026	16/6/2026	40	40	0	0	0	421,3	0	0	0	0	0	0	0	0	0	0	0	421,3
SR00535	31/5/2026	R	1,95135E+11	MEGGA-FRANK S,A,S	J	1	1	14				3,001E+12	3737,33	3737,33	15/5/2026	24/6/2026	24/6/2026	40	40	0	0	0	3737,33	0	0	0	0	0	0	0	0	0	0	0	3737,33
SR00535	31/5/2026	R	1,95135E+11	MEGGA-FRANK S,A,S	J	1	1	14				3,001E+12	5066,36	4804,33	15/5/2026	24/6/2026	24/6/2026	40	40	0	0	0	4804,33	0	0	0	0	0	0	0	0	0	0	0	5066,36
SR00535	31/5/2026	R	1,95135E+11	MEGGA-FRANK S,A,S	J	1	1	14				3,001E+12	1872,48	1872,48	15/5/2026	24/6/2026	24/6/2026	40	40	0	0	0	1872,48	0	0	0	0	0	0	0	0	0	0	0	1872,48
SR00535	31/5/2026	R	1,95135E+11	MEGGA-FRANK S,A,S	J	1	1	14				3,001E+12	5579,73	5291,15	29/5/2026	8/7/2026	8/7/2026	40	40	0	0	0	0	5291,15	0	0	0	0	0	0	0	0	0	0	5579,73
SR00535	31/5/2026	R	1,95135E+11	MEGGA-FRANK S,A,S	J	1	1	14				3,001E+12	1549,27	1549,27	27/5/2026	6/7/2026	6/7/2026	40	40	0	0	0	0	1549,27	0	0	0	0	0	0	0	0	0	0	1549,27
SR00535	31/5/2026	R	1,95135E+11	MEGGA-FRANK S,A,S	J	1	1	14				3,001E+12	3886,97	3685,94	29/5/2026	8/7/2026	8/7/2026	40	40	0	0	0	0	3685,94	0	0	0	0	0	0	0	0	0	0	3886,97
SR00535	31/5/2026	R	1,95135E+11	MEGGA-FRANK S,A,S	J	1	1	14				3,001E+12	689,53	665,76	12/5/2026	21/6/2026	21/6/2026	40	40	0	0	0	665,76	0	0	0	0	0	0	0	0	0	0	0	689,53
SR00535	31/5/2026	R	1,95135E+11	MEGGA-FRANK S,A,S	J	1	1	14				3,001E+12	7940,05	7529,4	28/5/2026	7/7/2026	7/7/2026	40	40	0	0	0	0	7529,4	0	0	0	0	0	0	0	0	0	0	7940,05
SR00535	31/5/2026	R	1,95135E+11	MEGGA-FRANK S,A,S	J	1	1	14				3,001E+12	8385,72	8106,22	23/4/2026	2/6/2026	2/6/2026	40	40	0	0	0	8106,22	0	0	0	0	0	0	0	0	0	0	0	8385,72
SR00535	31/5/2026	R	1,95135E+11	MEGGA-FRANK S,A,S	J	1	1	14				3,001E+12	187,25	187,25	7/5/2026	16/6/2026	16/6/2026	40	40	0	0	0	187,25	0	0	0	0	0	0	0	0	0	0	0	187,25
SR00535	31/5/2026	R	1,95135E+11	MEGGA-FRANK S,A,S	J	1	1	14				3,001E+12	5182,61	5182,61	27/4/2026	6/6/2026	6/6/2026	40	40	0	0	0	5182,61	0	0	0	0	0	0	0	0	0	0	0	5182,61
SR00535	31/5/2026	R	1,95135E+11	MEGGA-FRANK S,A,S	J	1	1	14				3,001E+12	791,07	791,07	12/5/2026	21/6/2026	21/6/2026	40	40	0	0	0	791,07	0	0	0	0	0	0	0	0	0	0	0	791,07
SR00535	31/5/2026	R	1,95135E+11	MEGGA-FRANK S,A,S	J	1	1	14				3,001E+12	3458,11	3458,11	28/5/2026	7/7/2026	7/7/2026	40	40	0	0	0	0	3458,11	0	0	0	0	0	0	0	0	0	0	3458,11
SR00535	31/5/2026	R	1,95135E+11	MEGGA-FRANK S,A,S	J	1	1	14				3,001E+12	9270,54	8950,89	8/5/2026	17/6/2026	17/6/2026	40	40	0	0	0	8950,89	0	0	0	0	0	0	0	0	0	0	0	9270,54
SR00535	31/5/2026	R	1,95135E+11	MEGGA-FRANK S,A,S	J	1	1	14				3,001E+12	1071,21	1071,21	6/5/2026	15/6/2026	15/6/2026	40	40	0	0	0	1071,21	0	0	0	0	0	0	0	0	0	0	0	1071,21
SR00535	31/5/2026	R	1,95135E+11	MEGGA-FRANK S,A,S	J	1	1	14				3,001E+12	1122,48	1122,48	13/5/2026	22/6/2026	22/6/2026	40	40	0	0	0	1122,48	0	0	0	0	0	0	0	0	0	0	0	1122,48
SR00535	31/5/2026	R	1,95135E+11	MEGGA-FRANK S,A,S	J	1	1	14				3,001E+12	269,16	269,16	28/5/2026	7/7/2026	7/7/2026	40	40	0	0	0	0	269,16	0	0	0	0	0	0	0	0	0	0	269,16
SR00535	31/5/2026	C	913273561	MEJIA MARCOS	N	9	1	50	M	C	I	2,001E+12	987,69	987,69	6/5/2026	15/6/2026	15/6/2026	40	40	0	0	0	987,69	0	0	0	0	0	0	0	0	0	0	0	987,69
SR00535	31/5/2026	C	913273561	MEJIA MARCOS	N	9	1	50	M	C	I	2,001E+12	225,4	225,4	24/4/2026	3/6/2026	3/6/2026	40	40	0	0	0	225,4	0	0	0	0	0	0	0	0	0	0	0	225,4
SR00535	31/5/2026	C	913273561	MEJIA MARCOS	N	9	1	50	M	C	I	2,001E+12	1365,69	1365,69	24/4/2026	3/6/2026	3/6/2026	40	40	0	0	0	1365,69	0	0	0	0	0	0	0	0	0	0	0	1365,69
SR00535	31/5/2026	C	913273561	MEJIA MARCOS	N	9	1	50	M	C	I	2,001E+12	1913,14	1913,14	29/5/2026	8/7/2026	8/7/2026	40	40	0	0	0	0	1913,14	0	0	0	0	0	0	0	0	0	0	1913,14
SR00535	31/5/2026	C	913273561	MEJIA MARCOS	N	9	1	50	M	C	I	2,001E+12	1419,79	1419,79	5/5/2026	14/6/2026	14/6/2026	40	40	0	0	0	1419,79	0	0	0	0	0	0	0	0	0	0	0	1419,79
SR00535	31/5/2026	C	913273561	MEJIA MARCOS	N	9	1	50	M	C	I	2,001E+12	2827,87	2827,87	24/4/2026	3/6/2026	3/6/2026	40	40	0	0	0	2827,87	0	0	0	0	0	0	0	0	0	0	0	2827,87
SR00535	31/5/2026	C	913273561	MEJIA MARCOS	N	9	1	50	M	C	I	2,001E+12	1021,11	1021,11	24/4/2026	3/6/2026	3/6/2026	40	40	0	0	0	1021,11	0	0	0	0	0	0	0	0	0	0	0	1021,11
SR00535	31/5/2026	C	1712579992	MEJIA MOLINA ALEX PAULINO	N	13	4	50	M	C	I	1,001E+12	4935,5	4834	4/5/2026	13/6/2026	13/6/2026	40	40	0	0	0	4834	0	0	0	0	0	0	0	0	0	0	0	4935,5
SR00535	31/5/2026	C	1301830798	MENDOZA BUSTE ANGEL GUSTAVO	N	8	6	50	M	C	I	1,001E+12	48373,25	38373,25	18/7/2017	22/10/2015	22/10/2015	45	45	3874	38373,25	0	0	0	0	0	0	0	0	0	0	38373,25	38373,25	0	48373,25
SR00535	31/5/2026	R	1,72453E+12	MENESES VALLEJO DAVID ALEJANDRO	N	15	1	50	M	C	I	1,001E+12	763,91	23,27	24/4/2026	3/6/2026	3/6/2026	40	40	0	0	0	23,27	0	0	0	0	0	0	0	0	0	0	0	763,91
SR00535	31/5/2026	R	1,72453E+12	MENESES VALLEJO DAVID ALEJANDRO	N	15	1	50	M	C	I	1,001E+12	8599,63	8599,63	24/4/2026	3/6/2026	3/6/2026	40	40	0	0	0	8599,63	0	0	0	0	0	0	0	0	0	0	0	8599,63
SR00535	31/5/2026	R	1,72453E+12	MENESES VALLEJO DAVID ALEJANDRO	N	15	1	50	M	C	I	1,001E+12	1483,24	1476,54	21/5/2026	30/6/2026	30/6/2026	40	40	0	0	0	1476,54	0	0	0	0	0	0	0	0	0	0	0	1483,24
SR00535	31/5/2026	R	1,72453E+12	MENESES VALLEJO DAVID ALEJANDRO	N	15	1	50	M	C	I	1,001E+12	2165,2	633,71	24/4/2026	3/6/2026	3/6/2026	40	40	0	0	0	633,71	0	0	0	0	0	0	0	0	0	0	0	2165,2
SR00535	31/5/2026	R	1,72453E+12	MENESES VALLEJO DAVID ALEJANDRO	N	15	1	50	M	C	I	1,001E+12	3234,12	3217,1	8/5/2026	17/6/2026	17/6/2026	40	40	0	0	0	3217,1	0	0	0	0	0	0	0	0	0	0	0	3234,12
SR00535	31/5/2026	R	1,72453E+12	MENESES VALLEJO DAVID ALEJANDRO	N	15	1	50	M	C	I	1,001E+12	425,18	419,04	15/4/2026	25/5/2026	25/5/2026	40	40	6	419,04	0	0	0	0	0	0	419,04	0	0	0	0	0	0	425,18
SR00535	31/5/2026	R	1,72453E+12	MENESES VALLEJO DAVID ALEJANDRO	N	15	1	50	M	C	I	1,001E+12	11660,53	11310,03	14/5/2026	23/6/2026	23/6/2026	40	40	0	0	0	11310,03	0	0	0	0	0	0	0	0	0	0	0	11660,53
SR00535	31/5/2026	R	1,72453E+12	MENESES VALLEJO DAVID ALEJANDRO	N	15	1	50	M	C	I	1,001E+12	3257,1	3140,8	14/5/2026	23/6/2026	23/6/2026	40	40	0	0	0	3140,8	0	0	0	0	0	0	0	0	0	0	0	3257,1
SR00535	31/5/2026	R	1,72453E+12	MENESES VALLEJO DAVID ALEJANDRO	N	15	1	50	M	C	I	1,001E+12	148,9	148,9	24/4/2026	3/6/2026	3/6/2026	40	40	0	0	0	148,9	0	0	0	0	0	0	0	0	0	0	0	148,9
SR00535	31/5/2026	R	1,72453E+12	MENESES VALLEJO DAVID ALEJANDRO	N	15	1	50	M	C	I	1,001E+12	7171,14	1817,6	15/4/2026	25/5/2026	25/5/2026	40	40	6	1817,6	0	0	0	0	0	0	1817,6	0	0	0	0	0	0	7171,14
SR00535	31/5/2026	R	1,90444E+11	METALAUSTROFERRETERIA CIA, LTDA,	J	1	1	50				3,001E+12	1565,24	1544,82	20/5/2026	4/6/2026	4/6/2026	15	15	0	0	0	1544,82	0	0	0	0	0	0	0	0	0	0	0	1565,24
SR00535	31/5/2026	R	1,90444E+11	METALAUSTROFERRETERIA CIA, LTDA,	J	1	1	50				3,001E+12	311,04	306,98	29/5/2026	13/6/2026	13/6/2026	15	15	0	0	0	306,98	0	0	0	0	0	0	0	0	0	0	0	311,04
SR00535	31/5/2026	R	1,90444E+11	METALAUSTROFERRETERIA CIA, LTDA,	J	1	1	50				3,001E+12	466,56	460,47	27/5/2026	11/6/2026	11/6/2026	15	15	0	0	0	460,47	0	0	0	0	0	0	0	0	0	0	0	466,56
SR00535	31/5/2026	R	1,90444E+11	METALAUSTROFERRETERIA CIA, LTDA,	J	1	1	50				3,001E+12	8759,12	8644,87	27/5/2026	11/6/2026	11/6/2026	15	15	0	0	0	8644,87	0	0	0	0	0	0	0	0	0	0	0	8759,12
SR00535	31/5/2026	R	9,90372E+11	METALES INYECTADOS  METAIN S,A,	J	9	1	12				2,001E+12	750,97	741,17	15/5/2026	14/6/2026	14/6/2026	30	30	0	0	0	741,17	0	0	0	0	0	0	0	0	0	0	0	750,97
SR00535	31/5/2026	R	9,90372E+11	METALES INYECTADOS  METAIN S,A,	J	9	1	12				2,001E+12	356,04	351,4	28/5/2026	27/6/2026	27/6/2026	30	30	0	0	0	351,4	0	0	0	0	0	0	0	0	0	0	0	356,04
SR00535	31/5/2026	R	9,90372E+11	METALES INYECTADOS  METAIN S,A,	J	9	1	12				2,001E+12	627,9	619,71	18/5/2026	17/6/2026	17/6/2026	30	30	0	0	0	619,71	0	0	0	0	0	0	0	0	0	0	0	627,9
SR00535	31/5/2026	R	1,39176E+12	METALHIERRO S,A,	J	13	8	4				2,001E+12	1944,09	1918,73	24/3/2026	2/6/2026	2/6/2026	70	70	0	0	0	1918,73	0	0	0	0	0	0	0	0	0	0	0	1944,09
SR00535	31/5/2026	R	1,39176E+12	METALHIERRO S,A,	J	13	8	4				2,001E+12	176,03	173,73	17/4/2026	26/6/2026	26/6/2026	70	70	0	0	0	173,73	0	0	0	0	0	0	0	0	0	0	0	176,03
SR00535	31/5/2026	R	1,39176E+12	METALHIERRO S,A,	J	13	8	4				2,001E+12	2092,98	2065,68	7/4/2026	16/6/2026	16/6/2026	70	70	0	0	0	2065,68	0	0	0	0	0	0	0	0	0	0	0	2092,98
SR00535	31/5/2026	R	1,39176E+12	METALHIERRO S,A,	J	13	8	4				2,001E+12	492,95	486,52	12/5/2026	21/7/2026	21/7/2026	70	70	0	0	0	0	486,52	0	0	0	0	0	0	0	0	0	0	492,95
SR00535	31/5/2026	R	1,39176E+12	METALHIERRO S,A,	J	13	8	4				2,001E+12	473,41	467,23	8/5/2026	17/7/2026	17/7/2026	70	70	0	0	0	0	467,23	0	0	0	0	0	0	0	0	0	0	473,41
SR00535	31/5/2026	R	1,39176E+12	METALHIERRO S,A,	J	13	8	4				2,001E+12	1760,52	1737,56	12/5/2026	21/7/2026	21/7/2026	70	70	0	0	0	0	1737,56	0	0	0	0	0	0	0	0	0	0	1760,52
SR00535	31/5/2026	R	1,39176E+12	METALHIERRO S,A,	J	13	8	4				2,001E+12	894,82	883,15	8/5/2026	17/7/2026	17/7/2026	70	70	0	0	0	0	883,15	0	0	0	0	0	0	0	0	0	0	894,82
SR00535	31/5/2026	R	1,39176E+12	METALHIERRO S,A,	J	13	8	4				2,001E+12	1282,6	1265,87	12/5/2026	21/7/2026	21/7/2026	70	70	0	0	0	0	1265,87	0	0	0	0	0	0	0	0	0	0	1282,6
SR00535	31/5/2026	R	1,39176E+12	METALHIERRO S,A,	J	13	8	4				2,001E+12	1174,1	366,83	25/3/2026	3/6/2026	3/6/2026	70	70	0	0	0	366,83	0	0	0	0	0	0	0	0	0	0	0	1174,1
SR00535	31/5/2026	R	1,39176E+12	METALHIERRO S,A,	J	13	8	4				2,001E+12	509,86	476,84	11/5/2026	20/7/2026	20/7/2026	70	70	0	0	0	0	476,84	0	0	0	0	0	0	0	0	0	0	509,86
SR00535	31/5/2026	R	1,39176E+12	METALHIERRO S,A,	J	13	8	4				2,001E+12	230,78	227,77	4/3/2026	17/6/2026	17/6/2026	105	105	0	0	0	227,77	0	0	0	0	0	0	0	0	0	0	0	230,78
SR00535	31/5/2026	R	1,39176E+12	METALHIERRO S,A,	J	13	8	4				2,001E+12	976,25	963,52	24/4/2026	3/7/2026	3/7/2026	70	70	0	0	0	0	963,52	0	0	0	0	0	0	0	0	0	0	976,25
SR00535	31/5/2026	R	1,39176E+12	METALHIERRO S,A,	J	13	8	4				2,001E+12	1635,07	1613,74	7/4/2026	16/6/2026	16/6/2026	70	70	0	0	0	1613,74	0	0	0	0	0	0	0	0	0	0	0	1635,07
SR00535	31/5/2026	R	1,39176E+12	METALHIERRO S,A,	J	13	8	4				2,001E+12	3823,88	3774	21/5/2026	30/7/2026	30/7/2026	70	70	0	0	0	0	3774	0	0	0	0	0	0	0	0	0	0	3823,88
SR00535	31/5/2026	R	1,39176E+12	METALHIERRO S,A,	J	13	8	4				2,001E+12	133,92	132,17	6/5/2026	15/7/2026	15/7/2026	70	70	0	0	0	0	132,17	0	0	0	0	0	0	0	0	0	0	133,92
SR00535	31/5/2026	R	1,39176E+12	METALHIERRO S,A,	J	13	8	4				2,001E+12	2221,89	2192,91	21/5/2026	30/7/2026	30/7/2026	70	70	0	0	0	0	2192,91	0	0	0	0	0	0	0	0	0	0	2221,89
SR00535	31/5/2026	R	1,39176E+12	METALHIERRO S,A,	J	13	8	4				2,001E+12	3102,1	2901,2	12/5/2026	21/7/2026	21/7/2026	70	70	0	0	0	0	2901,2	0	0	0	0	0	0	0	0	0	0	3102,1
SR00535	31/5/2026	R	1,39176E+12	METALHIERRO S,A,	J	13	8	4				1,001E+12	443,16	437,38	17/5/2026	26/7/2026	26/7/2026	70	70	0	0	0	0	437,38	0	0	0	0	0	0	0	0	0	0	443,16
SR00535	31/5/2026	R	1,39176E+12	METALHIERRO S,A,	J	13	8	4				2,001E+12	3554,44	3508,08	11/5/2026	20/7/2026	20/7/2026	70	70	0	0	0	0	3508,08	0	0	0	0	0	0	0	0	0	0	3554,44
SR00535	31/5/2026	R	1,39176E+12	METALHIERRO S,A,	J	13	8	4				2,001E+12	899,06	887,33	7/4/2026	21/7/2026	21/7/2026	105	105	0	0	0	0	887,33	0	0	0	0	0	0	0	0	0	0	899,06
SR00535	31/5/2026	R	1,39176E+12	METALHIERRO S,A,	J	13	8	4				2,001E+12	774,63	764,53	21/4/2026	30/6/2026	30/6/2026	70	70	0	0	0	764,53	0	0	0	0	0	0	0	0	0	0	0	774,63
SR00535	31/5/2026	R	1,39176E+12	METALHIERRO S,A,	J	13	8	4				2,001E+12	1607	1586,04	27/4/2026	6/7/2026	6/7/2026	70	70	0	0	0	0	1586,04	0	0	0	0	0	0	0	0	0	0	1607
SR00535	31/5/2026	R	1,39176E+12	METALHIERRO S,A,	J	13	8	4				2,001E+12	1082,48	1068,36	7/4/2026	16/6/2026	16/6/2026	70	70	0	0	0	1068,36	0	0	0	0	0	0	0	0	0	0	0	1082,48
SR00535	31/5/2026	R	1,39176E+12	METALHIERRO S,A,	J	13	8	4				2,001E+12	94,29	93,06	16/4/2026	25/6/2026	25/6/2026	70	70	0	0	0	93,06	0	0	0	0	0	0	0	0	0	0	0	94,29
SR00535	31/5/2026	R	1,39176E+12	METALHIERRO S,A,	J	13	8	4				2,001E+12	1189,66	1112,61	7/5/2026	16/7/2026	16/7/2026	70	70	0	0	0	0	1112,61	0	0	0	0	0	0	0	0	0	0	1189,66
SR00535	31/5/2026	R	1,39176E+12	METALHIERRO S,A,	J	13	8	4				2,001E+12	424,43	418,89	7/4/2026	16/6/2026	16/6/2026	70	70	0	0	0	418,89	0	0	0	0	0	0	0	0	0	0	0	424,43
SR00535	31/5/2026	R	1,39176E+12	METALHIERRO S,A,	J	13	8	4				2,001E+12	1720,57	1698,13	24/3/2026	2/6/2026	2/6/2026	70	70	0	0	0	1698,13	0	0	0	0	0	0	0	0	0	0	0	1720,57
SR00535	31/5/2026	R	1,39176E+12	METALHIERRO S,A,	J	13	8	4				2,001E+12	188,58	186,12	16/4/2026	30/7/2026	30/7/2026	105	105	0	0	0	0	186,12	0	0	0	0	0	0	0	0	0	0	188,58
SR00535	31/5/2026	R	1,39176E+12	METALHIERRO S,A,	J	13	8	4				2,001E+12	6157,1	6076,79	20/4/2026	29/6/2026	29/6/2026	70	70	0	0	0	6076,79	0	0	0	0	0	0	0	0	0	0	0	6157,1
SR00535	31/5/2026	R	1,39176E+12	METALHIERRO S,A,	J	13	8	4				2,001E+12	83,27	82,18	20/4/2026	29/6/2026	29/6/2026	70	70	0	0	0	82,18	0	0	0	0	0	0	0	0	0	0	0	83,27
SR00535	31/5/2026	R	1,39176E+12	METALHIERRO S,A,	J	13	8	4				2,001E+12	267,59	250,27	12/5/2026	21/7/2026	21/7/2026	70	70	0	0	0	0	250,27	0	0	0	0	0	0	0	0	0	0	267,59
SR00535	31/5/2026	R	1,39176E+12	METALHIERRO S,A,	J	13	8	4				2,001E+12	142,53	140,67	15/3/2026	28/6/2026	28/6/2026	105	105	0	0	0	140,67	0	0	0	0	0	0	0	0	0	0	0	142,53
SR00535	31/5/2026	R	1,39176E+12	METALHIERRO S,A,	J	13	8	4				2,001E+12	2549,29	2384,19	11/5/2026	20/7/2026	20/7/2026	70	70	0	0	0	0	2384,19	0	0	0	0	0	0	0	0	0	0	2549,29
SR00535	31/5/2026	R	1,39176E+12	METALHIERRO S,A,	J	13	8	4				2,001E+12	618	609,94	7/4/2026	16/6/2026	16/6/2026	70	70	0	0	0	609,94	0	0	0	0	0	0	0	0	0	0	0	618
SR00535	31/5/2026	R	1,39176E+12	METALHIERRO S,A,	J	13	8	4				2,001E+12	2295,68	2265,74	12/5/2026	21/7/2026	21/7/2026	70	70	0	0	0	0	2265,74	0	0	0	0	0	0	0	0	0	0	2295,68
SR00535	31/5/2026	R	1,39176E+12	METALHIERRO S,A,	J	13	8	4				2,001E+12	2546,25	2513,04	8/4/2026	17/6/2026	17/6/2026	70	70	0	0	0	2513,04	0	0	0	0	0	0	0	0	0	0	0	2546,25
SR00535	31/5/2026	R	1,39176E+12	METALHIERRO S,A,	J	13	8	4				2,001E+12	523,32	516,49	16/4/2026	30/7/2026	30/7/2026	105	105	0	0	0	0	516,49	0	0	0	0	0	0	0	0	0	0	523,32
SR00535	31/5/2026	R	1,39176E+12	METALHIERRO S,A,	J	13	8	4				2,001E+12	176,03	173,73	16/4/2026	30/7/2026	30/7/2026	105	105	0	0	0	0	173,73	0	0	0	0	0	0	0	0	0	0	176,03
SR00535	31/5/2026	R	1,39176E+12	METALHIERRO S,A,	J	13	8	4				2,001E+12	264,04	260,6	16/4/2026	25/6/2026	25/6/2026	70	70	0	0	0	260,6	0	0	0	0	0	0	0	0	0	0	0	264,04
SR00535	31/5/2026	R	1,39176E+12	METALHIERRO S,A,	J	13	8	4				2,001E+12	176,03	173,73	23/4/2026	2/7/2026	2/7/2026	70	70	0	0	0	0	173,73	0	0	0	0	0	0	0	0	0	0	176,03
SR00535	31/5/2026	R	1,39176E+12	METALHIERRO S,A,	J	13	8	4				2,001E+12	5777,95	305,28	8/4/2026	17/6/2026	17/6/2026	70	70	0	0	0	305,28	0	0	0	0	0	0	0	0	0	0	0	5777,95
SR00535	31/5/2026	R	1,39176E+12	METALHIERRO S,A,	J	13	8	4				2,001E+12	2678,33	2643,39	14/5/2026	23/7/2026	23/7/2026	70	70	0	0	0	0	2643,39	0	0	0	0	0	0	0	0	0	0	2678,33
SR00535	31/5/2026	R	1,39176E+12	METALHIERRO S,A,	J	13	8	4				2,001E+12	3633,48	3586,09	8/4/2026	17/6/2026	17/6/2026	70	70	0	0	0	3586,09	0	0	0	0	0	0	0	0	0	0	0	3633,48
SR00535	31/5/2026	R	1,39176E+12	METALHIERRO S,A,	J	13	8	4				2,001E+12	144,83	142,94	30/3/2026	8/6/2026	8/6/2026	70	70	0	0	0	142,94	0	0	0	0	0	0	0	0	0	0	0	144,83
SR00535	31/5/2026	R	1,39176E+12	METALHIERRO S,A,	J	13	8	4				2,001E+12	886,33	874,77	8/4/2026	17/6/2026	17/6/2026	70	70	0	0	0	874,77	0	0	0	0	0	0	0	0	0	0	0	886,33
SR00535	31/5/2026	R	1,39176E+12	METALHIERRO S,A,	J	13	8	4				2,001E+12	781,07	770,88	24/4/2026	3/7/2026	3/7/2026	70	70	0	0	0	0	770,88	0	0	0	0	0	0	0	0	0	0	781,07
SR00535	31/5/2026	R	1,39176E+12	METALHIERRO S,A,	J	13	8	4				2,001E+12	3316,06	3272,81	23/3/2026	1/6/2026	1/6/2026	70	70	0	0	0	3272,81	0	0	0	0	0	0	0	0	0	0	0	3316,06
SR00535	31/5/2026	R	1,39176E+12	METALHIERRO S,A,	J	13	8	4				2,001E+12	181,04	178,68	7/4/2026	21/7/2026	21/7/2026	105	105	0	0	0	0	178,68	0	0	0	0	0	0	0	0	0	0	181,04
SR00535	31/5/2026	R	1,39176E+12	METALHIERRO S,A,	J	13	8	4				2,001E+12	362,09	357,37	23/4/2026	2/7/2026	2/7/2026	70	70	0	0	0	0	357,37	0	0	0	0	0	0	0	0	0	0	362,09
SR00535	31/5/2026	R	1,39176E+12	METALHIERRO S,A,	J	13	8	4				2,001E+12	585,74	578,1	8/5/2026	17/7/2026	17/7/2026	70	70	0	0	0	0	578,1	0	0	0	0	0	0	0	0	0	0	585,74
SR00535	31/5/2026	R	1,39176E+12	METALHIERRO S,A,	J	13	8	4				2,001E+12	181,68	179,31	8/4/2026	17/6/2026	17/6/2026	70	70	0	0	0	179,31	0	0	0	0	0	0	0	0	0	0	0	181,68
SR00535	31/5/2026	R	1,39176E+12	METALHIERRO S,A,	J	13	8	4				2,001E+12	1816,75	1793,05	17/4/2026	26/6/2026	26/6/2026	70	70	0	0	0	1793,05	0	0	0	0	0	0	0	0	0	0	0	1816,75
SR00535	31/5/2026	R	1,39176E+12	METALHIERRO S,A,	J	13	8	4				2,001E+12	8169,22	8062,66	9/4/2026	23/7/2026	23/7/2026	105	105	0	0	0	0	8062,66	0	0	0	0	0	0	0	0	0	0	8169,22
SR00535	31/5/2026	R	1,39176E+12	METALHIERRO S,A,	J	13	8	4				1,001E+12	905,22	893,41	17/5/2026	26/7/2026	26/7/2026	70	70	0	0	0	0	893,41	0	0	0	0	0	0	0	0	0	0	905,22
SR00535	31/5/2026	R	1,39176E+12	METALHIERRO S,A,	J	13	8	4				2,001E+12	177,26	174,95	13/5/2026	22/7/2026	22/7/2026	70	70	0	0	0	0	174,95	0	0	0	0	0	0	0	0	0	0	177,26
SR00535	31/5/2026	R	1,39176E+12	METALHIERRO S,A,	J	13	8	4				2,001E+12	886,33	874,77	8/4/2026	17/6/2026	17/6/2026	70	70	0	0	0	874,77	0	0	0	0	0	0	0	0	0	0	0	886,33
SR00535	31/5/2026	R	1,39176E+12	METALHIERRO S,A,	J	13	8	4				2,001E+12	3633,48	3586,09	23/3/2026	1/6/2026	1/6/2026	70	70	0	0	0	3586,09	0	0	0	0	0	0	0	0	0	0	0	3633,48
SR00535	31/5/2026	R	1,39176E+12	METALHIERRO S,A,	J	13	8	4				1,001E+12	11335,08	11187,23	17/5/2026	26/7/2026	26/7/2026	70	70	0	0	0	0	11187,23	0	0	0	0	0	0	0	0	0	0	11335,08
SR00535	31/5/2026	R	1,39176E+12	METALHIERRO S,A,	J	13	8	4				2,001E+12	976,25	963,52	12/5/2026	21/7/2026	21/7/2026	70	70	0	0	0	0	963,52	0	0	0	0	0	0	0	0	0	0	976,25
SR00535	31/5/2026	R	1,39176E+12	METALHIERRO S,A,	J	13	8	4				2,001E+12	660,74	652,12	11/3/2026	24/6/2026	24/6/2026	105	105	0	0	0	652,12	0	0	0	0	0	0	0	0	0	0	0	660,74
SR00535	31/5/2026	R	1,39176E+12	METALHIERRO S,A,	J	13	8	4				2,001E+12	1964,66	1939,03	14/5/2026	23/7/2026	23/7/2026	70	70	0	0	0	0	1939,03	0	0	0	0	0	0	0	0	0	0	1964,66
SR00535	31/5/2026	R	1,39176E+12	METALHIERRO S,A,	J	13	8	4				2,001E+12	285,06	281,34	20/3/2026	3/7/2026	3/7/2026	105	105	0	0	0	0	281,34	0	0	0	0	0	0	0	0	0	0	285,06
SR00535	31/5/2026	R	1,39176E+12	METALHIERRO S,A,	J	13	8	4				2,001E+12	352,23	347,64	6/5/2026	15/7/2026	15/7/2026	70	70	0	0	0	0	347,64	0	0	0	0	0	0	0	0	0	0	352,23
SR00535	31/5/2026	R	1,39176E+12	METALHIERRO S,A,	J	13	8	4				2,001E+12	1339,16	1321,69	27/4/2026	10/8/2026	10/8/2026	105	105	0	0	0	0	1321,69	0	0	0	0	0	0	0	0	0	0	1339,16
SR00535	31/5/2026	R	1,39176E+12	METALHIERRO S,A,	J	13	8	4				2,001E+12	669,19	660,46	8/5/2026	17/7/2026	17/7/2026	70	70	0	0	0	0	660,46	0	0	0	0	0	0	0	0	0	0	669,19
SR00535	31/5/2026	R	1,39176E+12	METALHIERRO S,A,	J	13	8	4				2,001E+12	1056,31	1042,53	4/5/2026	17/8/2026	17/8/2026	105	105	0	0	0	0	1042,53	0	0	0	0	0	0	0	0	0	0	1056,31
SR00535	31/5/2026	R	1,39176E+12	METALHIERRO S,A,	J	13	8	4				2,001E+12	176,05	173,75	30/3/2026	8/6/2026	8/6/2026	70	70	0	0	0	173,75	0	0	0	0	0	0	0	0	0	0	0	176,05
SR00535	31/5/2026	R	1,39176E+12	METALHIERRO S,A,	J	13	8	4				2,001E+12	140,84	139	5/3/2026	18/6/2026	18/6/2026	105	105	0	0	0	139	0	0	0	0	0	0	0	0	0	0	0	140,84
SR00535	31/5/2026	R	1,39176E+12	METALHIERRO S,A,	J	13	8	4				2,001E+12	362,09	357,37	24/3/2026	7/7/2026	7/7/2026	105	105	0	0	0	0	357,37	0	0	0	0	0	0	0	0	0	0	362,09
SR00535	31/5/2026	R	1,39176E+12	METALHIERRO S,A,	J	13	8	4				2,001E+12	553,23	546,01	24/3/2026	2/6/2026	2/6/2026	70	70	0	0	0	546,01	0	0	0	0	0	0	0	0	0	0	0	553,23
SR00535	31/5/2026	R	1,39176E+12	METALHIERRO S,A,	J	13	8	4				2,001E+12	278,75	275,11	30/3/2026	8/6/2026	8/6/2026	70	70	0	0	0	275,11	0	0	0	0	0	0	0	0	0	0	0	278,75
SR00535	31/5/2026	R	5,91764E+11	MIAVE S,A,S	J	5	5	53				1,001E+12	5438,95	5438,95	6/5/2026	15/6/2026	15/6/2026	40	40	0	0	0	5438,95	0	0	0	0	0	0	0	0	0	0	0	5438,95
SR00535	31/5/2026	R	5,91764E+11	MIAVE S,A,S	J	5	5	53				1,001E+12	6067,38	5451,9	27/4/2026	6/6/2026	6/6/2026	40	40	0	0	0	5451,9	0	0	0	0	0	0	0	0	0	0	0	6067,38
SR00535	31/5/2026	R	5,91764E+11	MIAVE S,A,S	J	5	5	53				1,001E+12	369,15	369,15	12/5/2026	21/6/2026	21/6/2026	40	40	0	0	0	369,15	0	0	0	0	0	0	0	0	0	0	0	369,15
SR00535	31/5/2026	R	1,71178E+12	MINO DIAZ MARCELO BENJAMIN	N	17	1	17	M	S	I	1,001E+12	84,26	84,26	4/3/2026	13/4/2026	13/4/2026	40	40	48	84,26	0	0	0	0	0	0	0	84,26	0	0	0	0	0	84,26
SR00535	31/5/2026	R	9,92473E+11	MINUTOCORP SA	J	9	6	2				2,001E+12	4054,83	4001,94	2/4/2026	1/6/2026	1/6/2026	60	60	0	0	0	4001,94	0	0	0	0	0	0	0	0	0	0	0	4054,83
SR00535	31/5/2026	R	9,92473E+11	MINUTOCORP SA	J	9	6	2				2,001E+12	4578,04	4518,33	20/3/2026	19/5/2026	19/5/2026	60	60	12	4518,33	0	0	0	0	0	0	4518,33	0	0	0	0	0	0	4578,04
SR00535	31/5/2026	R	9,92473E+11	MINUTOCORP SA	J	9	6	2				2,001E+12	364,95	360,19	23/4/2026	22/6/2026	22/6/2026	60	60	0	0	0	360,19	0	0	0	0	0	0	0	0	0	0	0	364,95
SR00535	31/5/2026	R	1,40073E+12	MONTENEGRO MERCHAN EDWIN BYRON	N	14	11	50	M	C	I	1,001E+12	2421,87	2376,18	27/5/2026	6/7/2026	6/7/2026	40	40	0	0	0	0	2376,18	0	0	0	0	0	0	0	0	0	0	2421,87
SR00535	31/5/2026	R	1,40073E+12	MONTENEGRO MERCHAN EDWIN BYRON	N	14	11	50	M	C	I	1,001E+12	1835,95	1812,71	27/5/2026	6/7/2026	6/7/2026	40	40	0	0	0	0	1812,71	0	0	0	0	0	0	0	0	0	0	1835,95
SR00535	31/5/2026	C	102684024	MORA HUIRACOCHA NORMA ANGELICA	N	1	1	3	F	C	I	3,001E+12	536,36	471,31	9/4/2026	19/5/2026	19/5/2026	40	40	12	471,31	0	0	0	0	0	0	471,31	0	0	0	0	0	0	536,36
SR00535	31/5/2026	C	102684024	MORA HUIRACOCHA NORMA ANGELICA	N	1	1	3	F	C	I	3,001E+12	166,76	166,76	4/5/2026	13/6/2026	13/6/2026	40	40	0	0	0	166,76	0	0	0	0	0	0	0	0	0	0	0	166,76
SR00535	31/5/2026	C	102684024	MORA HUIRACOCHA NORMA ANGELICA	N	1	1	3	F	C	I	3,001E+12	816,67	816,67	21/4/2026	31/5/2026	31/5/2026	40	40	0	0	0	816,67	0	0	0	0	0	0	0	0	0	0	0	816,67
SR00535	31/5/2026	C	1717886426	MORA MARIA MARGARITA	N	17	1	2	F	V	I	1,001E+12	4803,41	4740,76	15/4/2026	25/5/2026	25/5/2026	40	40	6	4740,76	0	0	0	0	0	0	4740,76	0	0	0	0	0	0	4803,41
SR00535	31/5/2026	C	1717886426	MORA MARIA MARGARITA	N	17	1	2	F	V	I	1,001E+12	11161,73	11016,14	14/4/2026	24/5/2026	24/5/2026	40	40	7	11016,14	0	0	0	0	0	0	11016,14	0	0	0	0	0	0	11161,73
SR00535	31/5/2026	C	1717886426	MORA MARIA MARGARITA	N	17	1	2	F	V	I	1,001E+12	1184,42	1168,97	15/4/2026	25/5/2026	25/5/2026	40	40	6	1168,97	0	0	0	0	0	0	1168,97	0	0	0	0	0	0	1184,42
SR00535	31/5/2026	C	1717886426	MORA MARIA MARGARITA	N	17	1	2	F	V	I	1,001E+12	907,78	895,94	16/4/2026	26/5/2026	26/5/2026	40	40	5	895,94	0	0	0	0	0	0	895,94	0	0	0	0	0	0	907,78
SR00535	31/5/2026	C	1717886426	MORA MARIA MARGARITA	N	17	1	2	F	V	I	1,001E+12	2234,06	2204,92	21/5/2026	30/6/2026	30/6/2026	40	40	0	0	0	2204,92	0	0	0	0	0	0	0	0	0	0	0	2234,06
SR00535	31/5/2026	C	1717886426	MORA MARIA MARGARITA	N	17	1	2	F	V	I	1,001E+12	720,44	711,04	26/5/2026	5/7/2026	5/7/2026	40	40	0	0	0	0	711,04	0	0	0	0	0	0	0	0	0	0	720,44
SR00535	31/5/2026	C	1600246621	MORENO MARCO BINICIO	N	16	1	50	M	C	I	1,001E+12	686,84	662,13	21/5/2026	30/6/2026	30/6/2026	40	40	0	0	0	662,13	0	0	0	0	0	0	0	0	0	0	0	686,84
SR00535	31/5/2026	R	9,93019E+11	MULTICENTRO-FERRETERO S,A,	J	9	6	8				2,001E+12	81,96	81,96	22/4/2026	1/6/2026	1/6/2026	40	40	0	0	0	81,96	0	0	0	0	0	0	0	0	0	0	0	81,96
SR00535	31/5/2026	R	9,93019E+11	MULTICENTRO-FERRETERO S,A,	J	9	6	8				2,001E+12	406,67	406,67	16/4/2026	26/5/2026	26/5/2026	40	40	5	406,67	0	0	0	0	0	0	406,67	0	0	0	0	0	0	406,67
SR00535	31/5/2026	R	1,0918E+12	MULTIFERRETERIA S,C,C,	J	10	2	2				1,001E+12	2099,21	2099,21	6/5/2026	15/6/2026	15/6/2026	40	40	0	0	0	2099,21	0	0	0	0	0	0	0	0	0	0	0	2099,21
SR00535	31/5/2026	R	9,16824E+11	NAVAS CARBO JOSE MANUEL	N	9	4	50	M	C	I	2,001E+12	392,93	392,93	28/5/2026	7/7/2026	7/7/2026	40	40	0	0	0	0	392,93	0	0	0	0	0	0	0	0	0	0	392,93
SR00535	31/5/2026	R	9,16824E+11	NAVAS CARBO JOSE MANUEL	N	9	4	50	M	C	I	2,001E+12	702,72	702,72	28/5/2026	7/7/2026	7/7/2026	40	40	0	0	0	0	702,72	0	0	0	0	0	0	0	0	0	0	702,72
SR00535	31/5/2026	R	1,31656E+12	NEVAREZ BRAVO LEIDY ELIZABETH	N	9	7	50	F	C	I	PROVISION 126869	1189,74	1189,74	30/11/2023	6/7/2023	6/7/2023	45	45	1060	1189,74	0	0	0	0	0	0	0	0	0	0	1189,74	1189,74	0	1189,74
SR00535	31/5/2026	R	9,91346E+11	NORFAC S,A,	J	9	1	15				2,001E+12	2273,69	2273,69	27/4/2026	27/5/2026	27/5/2026	30	30	4	2273,69	0	0	0	0	0	0	2273,69	0	0	0	0	0	0	2273,69
SR00535	31/5/2026	R	9,91346E+11	NORFAC S,A,	J	9	1	15				2,001E+12	213,49	213,49	19/5/2026	18/6/2026	18/6/2026	30	30	0	0	0	213,49	0	0	0	0	0	0	0	0	0	0	0	213,49
SR00535	31/5/2026	R	9,91346E+11	NORFAC S,A,	J	9	1	15				2,001E+12	1811,25	1811,25	28/4/2026	28/5/2026	28/5/2026	30	30	3	1811,25	0	0	0	0	0	0	1811,25	0	0	0	0	0	0	1811,25
SR00535	31/5/2026	R	9,91346E+11	NORFAC S,A,	J	9	1	15				2,001E+12	1998,55	1998,55	24/4/2026	24/5/2026	24/5/2026	30	30	7	1998,55	0	0	0	0	0	0	1998,55	0	0	0	0	0	0	1998,55
SR00535	31/5/2026	R	9,91346E+11	NORFAC S,A,	J	9	1	15				2,001E+12	4223,03	4223,03	29/5/2026	28/6/2026	28/6/2026	30	30	0	0	0	4223,03	0	0	0	0	0	0	0	0	0	0	0	4223,03
SR00535	31/5/2026	R	9,91346E+11	NORFAC S,A,	J	9	1	15				2,001E+12	2061,71	2061,71	28/5/2026	27/6/2026	27/6/2026	30	30	0	0	0	2061,71	0	0	0	0	0	0	0	0	0	0	0	2061,71
SR00535	31/5/2026	C	703031799	OCHOA NAVARRO CARLOS ALBERTO	N	9	11	50	M	C	I	3,001E+12	735,13	735,13	22/4/2026	1/6/2026	1/6/2026	40	40	0	0	0	735,13	0	0	0	0	0	0	0	0	0	0	0	735,13
SR00535	31/5/2026	C	703031799	OCHOA NAVARRO CARLOS ALBERTO	N	9	11	50	M	C	I	3,001E+12	958,76	958,76	27/3/2026	6/5/2026	6/5/2026	40	40	25	958,76	0	0	0	0	0	0	958,76	0	0	0	0	0	0	958,76
SR00535	31/5/2026	R	1,3917E+12	OEE DISTRIBUCIONES S,A,	J	13	21	50				2,001E+12	844,4	750,82	4/5/2026	3/6/2026	3/6/2026	30	30	0	0	0	750,82	0	0	0	0	0	0	0	0	0	0	0	844,4
SR00535	31/5/2026	R	1,71393E+12	ORTEGA CANDO ROLANDO GUSTAVO	N	17	1	69	M	C	I	1,001E+12	1657,98	1657,98	8/5/2026	22/6/2026	22/6/2026	45	45	0	0	0	1657,98	0	0	0	0	0	0	0	0	0	0	0	1657,98
SR00535	31/5/2026	C	300370780	ORTEGA NEIRA LUIS ALBERTO	N	1	1	50	M	C	I	3,001E+12	764,44	719,44	20/5/2026	29/6/2026	29/6/2026	40	40	0	0	0	719,44	0	0	0	0	0	0	0	0	0	0	0	764,44
SR00535	31/5/2026	C	102489218	ORTIZ ORTIZ LUIS RAMIRO	N	1	1	5	M	S	I	2,001E+12	7778,89	3978,89	22/4/2026	22/5/2026	22/5/2026	30	30	9	3978,89	0	0	0	0	0	0	3978,89	0	0	0	0	0	0	7778,89
SR00535	31/5/2026	C	102489218	ORTIZ ORTIZ LUIS RAMIRO	N	1	1	5	M	S	I	3,001E+12	1334	1334	27/5/2026	26/6/2026	26/6/2026	30	30	0	0	0	1334	0	0	0	0	0	0	0	0	0	0	0	1334
SR00535	31/5/2026	C	103479093	PACHO VELECELA VICTOR OSWALDO	N	1	1	65	M	C	I	3,001E+12	268	268	8/5/2026	17/6/2026	17/6/2026	40	40	0	0	0	268	0	0	0	0	0	0	0	0	0	0	0	268
SR00535	31/5/2026	C	103479093	PACHO VELECELA VICTOR OSWALDO	N	1	1	65	M	C	I	3,001E+12	524,34	504,96	13/5/2026	22/6/2026	22/6/2026	40	40	0	0	0	504,96	0	0	0	0	0	0	0	0	0	0	0	524,34
SR00535	31/5/2026	C	103479093	PACHO VELECELA VICTOR OSWALDO	N	1	1	65	M	C	I	3,001E+12	1013,28	1013,28	5/5/2026	14/6/2026	14/6/2026	40	40	0	0	0	1013,28	0	0	0	0	0	0	0	0	0	0	0	1013,28
SR00535	31/5/2026	C	103479093	PACHO VELECELA VICTOR OSWALDO	N	1	1	65	M	C	I	3,001E+12	1972,91	1972,91	16/4/2026	26/5/2026	26/5/2026	40	40	5	1972,91	0	0	0	0	0	0	1972,91	0	0	0	0	0	0	1972,91
SR00535	31/5/2026	C	103479093	PACHO VELECELA VICTOR OSWALDO	N	1	1	65	M	C	I	3,001E+12	107,27	107,27	29/4/2026	8/6/2026	8/6/2026	40	40	0	0	0	107,27	0	0	0	0	0	0	0	0	0	0	0	107,27
SR00535	31/5/2026	C	103479093	PACHO VELECELA VICTOR OSWALDO	N	1	1	65	M	C	I	3,001E+12	1076,91	1076,91	29/4/2026	8/6/2026	8/6/2026	40	40	0	0	0	1076,91	0	0	0	0	0	0	0	0	0	0	0	1076,91
SR00535	31/5/2026	C	103479093	PACHO VELECELA VICTOR OSWALDO	N	1	1	65	M	C	I	3,001E+12	171,79	171,79	13/5/2026	22/6/2026	22/6/2026	40	40	0	0	0	171,79	0	0	0	0	0	0	0	0	0	0	0	171,79
SR00535	31/5/2026	C	103479093	PACHO VELECELA VICTOR OSWALDO	N	1	1	65	M	C	I	3,001E+12	1098,67	1098,67	5/5/2026	14/6/2026	14/6/2026	40	40	0	0	0	1098,67	0	0	0	0	0	0	0	0	0	0	0	1098,67
SR00535	31/5/2026	C	103479093	PACHO VELECELA VICTOR OSWALDO	N	1	1	65	M	C	I	3,001E+12	111,79	111,79	5/5/2026	14/6/2026	14/6/2026	40	40	0	0	0	111,79	0	0	0	0	0	0	0	0	0	0	0	111,79
SR00535	31/5/2026	C	103479093	PACHO VELECELA VICTOR OSWALDO	N	1	1	65	M	C	I	3,001E+12	660,76	660,76	22/4/2026	1/6/2026	1/6/2026	40	40	0	0	0	660,76	0	0	0	0	0	0	0	0	0	0	0	660,76
SR00535	31/5/2026	C	103479093	PACHO VELECELA VICTOR OSWALDO	N	1	1	65	M	C	I	3,001E+12	891,62	891,62	15/5/2026	24/6/2026	24/6/2026	40	40	0	0	0	891,62	0	0	0	0	0	0	0	0	0	0	0	891,62
SR00535	31/5/2026	C	103479093	PACHO VELECELA VICTOR OSWALDO	N	1	1	65	M	C	I	3,001E+12	214,25	214,25	21/4/2026	31/5/2026	31/5/2026	40	40	0	0	0	214,25	0	0	0	0	0	0	0	0	0	0	0	214,25
SR00535	31/5/2026	C	103479093	PACHO VELECELA VICTOR OSWALDO	N	1	1	65	M	C	I	3,001E+12	304,99	304,99	5/5/2026	14/6/2026	14/6/2026	40	40	0	0	0	304,99	0	0	0	0	0	0	0	0	0	0	0	304,99
SR00535	31/5/2026	C	103479093	PACHO VELECELA VICTOR OSWALDO	N	1	1	65	M	C	I	3,001E+12	272,14	272,14	19/5/2026	28/6/2026	28/6/2026	40	40	0	0	0	272,14	0	0	0	0	0	0	0	0	0	0	0	272,14
SR00535	31/5/2026	C	103479093	PACHO VELECELA VICTOR OSWALDO	N	1	1	65	M	C	I	3,001E+12	467,39	467,39	28/4/2026	7/6/2026	7/6/2026	40	40	0	0	0	467,39	0	0	0	0	0	0	0	0	0	0	0	467,39
SR00535	31/5/2026	C	103479093	PACHO VELECELA VICTOR OSWALDO	N	1	1	65	M	C	I	3,001E+12	208,1	208,1	13/5/2026	22/6/2026	22/6/2026	40	40	0	0	0	208,1	0	0	0	0	0	0	0	0	0	0	0	208,1
SR00535	31/5/2026	C	103479093	PACHO VELECELA VICTOR OSWALDO	N	1	1	65	M	C	I	3,001E+12	436,83	436,83	28/5/2026	7/7/2026	7/7/2026	40	40	0	0	0	0	436,83	0	0	0	0	0	0	0	0	0	0	436,83
SR00535	31/5/2026	C	103479093	PACHO VELECELA VICTOR OSWALDO	N	1	1	65	M	C	I	3,001E+12	785,6	744,97	26/5/2026	5/7/2026	5/7/2026	40	40	0	0	0	0	744,97	0	0	0	0	0	0	0	0	0	0	785,6
SR00535	31/5/2026	C	103479093	PACHO VELECELA VICTOR OSWALDO	N	1	1	65	M	C	I	3,001E+12	969,89	969,89	28/4/2026	7/6/2026	7/6/2026	40	40	0	0	0	969,89	0	0	0	0	0	0	0	0	0	0	0	969,89
SR00535	31/5/2026	C	103479093	PACHO VELECELA VICTOR OSWALDO	N	1	1	65	M	C	I	3,001E+12	273,32	3,3	7/4/2026	17/5/2026	17/5/2026	40	40	14	3,3	0	0	0	0	0	0	3,3	0	0	0	0	0	0	273,32
SR00535	31/5/2026	C	103479093	PACHO VELECELA VICTOR OSWALDO	N	1	1	65	M	C	I	3,001E+12	330,1	330,1	13/5/2026	22/6/2026	22/6/2026	40	40	0	0	0	330,1	0	0	0	0	0	0	0	0	0	0	0	330,1
SR00535	31/5/2026	C	103479093	PACHO VELECELA VICTOR OSWALDO	N	1	1	65	M	C	I	3,001E+12	913,66	882,15	15/5/2026	24/6/2026	24/6/2026	40	40	0	0	0	882,15	0	0	0	0	0	0	0	0	0	0	0	913,66
SR00535	31/5/2026	C	103479093	PACHO VELECELA VICTOR OSWALDO	N	1	1	65	M	C	I	3,001E+12	612,5	612,5	15/5/2026	24/6/2026	24/6/2026	40	40	0	0	0	612,5	0	0	0	0	0	0	0	0	0	0	0	612,5
SR00535	31/5/2026	C	103479093	PACHO VELECELA VICTOR OSWALDO	N	1	1	65	M	C	I	3,001E+12	285,06	285,06	15/5/2026	24/6/2026	24/6/2026	40	40	0	0	0	285,06	0	0	0	0	0	0	0	0	0	0	0	285,06
SR00535	31/5/2026	C	103479093	PACHO VELECELA VICTOR OSWALDO	N	1	1	65	M	C	I	3,001E+12	1352,6	1352,6	20/4/2026	30/5/2026	30/5/2026	40	40	1	1352,6	0	0	0	0	0	0	1352,6	0	0	0	0	0	0	1352,6
SR00535	31/5/2026	C	103479093	PACHO VELECELA VICTOR OSWALDO	N	1	1	65	M	C	I	3,001E+12	1702,79	1614,72	27/5/2026	6/7/2026	6/7/2026	40	40	0	0	0	0	1614,72	0	0	0	0	0	0	0	0	0	0	1702,79
SR00535	31/5/2026	C	103479093	PACHO VELECELA VICTOR OSWALDO	N	1	1	65	M	C	I	3,001E+12	1062,96	1062,96	13/5/2026	22/6/2026	22/6/2026	40	40	0	0	0	1062,96	0	0	0	0	0	0	0	0	0	0	0	1062,96
SR00535	31/5/2026	C	103479093	PACHO VELECELA VICTOR OSWALDO	N	1	1	65	M	C	I	3,001E+12	2298,24	2298,24	28/5/2026	7/7/2026	7/7/2026	40	40	0	0	0	0	2298,24	0	0	0	0	0	0	0	0	0	0	2298,24
SR00535	31/5/2026	C	103479093	PACHO VELECELA VICTOR OSWALDO	N	1	1	65	M	C	I	3,001E+12	275,16	255,78	22/4/2026	1/6/2026	1/6/2026	40	40	0	0	0	255,78	0	0	0	0	0	0	0	0	0	0	0	275,16
SR00535	31/5/2026	C	103479093	PACHO VELECELA VICTOR OSWALDO	N	1	1	65	M	C	I	3,001E+12	486,24	486,24	8/5/2026	17/6/2026	17/6/2026	40	40	0	0	0	486,24	0	0	0	0	0	0	0	0	0	0	0	486,24
SR00535	31/5/2026	C	103479093	PACHO VELECELA VICTOR OSWALDO	N	1	1	65	M	C	I	3,001E+12	1975,4	1923,9	7/4/2026	17/5/2026	17/5/2026	40	40	14	1923,9	0	0	0	0	0	0	1923,9	0	0	0	0	0	0	1975,4
SR00535	31/5/2026	C	103479093	PACHO VELECELA VICTOR OSWALDO	N	1	1	65	M	C	I	3,001E+12	727,59	727,59	18/5/2026	27/6/2026	27/6/2026	40	40	0	0	0	727,59	0	0	0	0	0	0	0	0	0	0	0	727,59
SR00535	31/5/2026	C	103479093	PACHO VELECELA VICTOR OSWALDO	N	1	1	65	M	C	I	3,001E+12	891,62	891,62	22/4/2026	1/6/2026	1/6/2026	40	40	0	0	0	891,62	0	0	0	0	0	0	0	0	0	0	0	891,62
SR00535	31/5/2026	C	500446083	PALACIOS PUCO ABEL FAUSTO	N	17	1	11	M	C	I	1,001E+12	2011,09	1780,36	26/5/2026	5/7/2026	5/7/2026	40	40	0	0	0	0	1780,36	0	0	0	0	0	0	0	0	0	0	2011,09
SR00535	31/5/2026	R	1,50066E+12	PALOMEQUE CAIZA LUIS FERNANDO	N	15	4	50	M	S	I	1,001E+12	1479,03	1479,03	8/5/2026	17/6/2026	17/6/2026	40	40	0	0	0	1479,03	0	0	0	0	0	0	0	0	0	0	0	1479,03
SR00535	31/5/2026	R	1,50066E+12	PALOMEQUE CAIZA LUIS FERNANDO	N	15	4	50	M	S	I	1,001E+12	494,41	494,41	14/5/2026	23/6/2026	23/6/2026	40	40	0	0	0	494,41	0	0	0	0	0	0	0	0	0	0	0	494,41
SR00535	31/5/2026	C	1103557250	PANAMITO BUSTAMANTE OMAR LEONARDO	N	11	13	50	M	C	I	3,001E+12	1248,77	1209,8	27/4/2026	6/6/2026	6/6/2026	40	40	0	0	0	1209,8	0	0	0	0	0	0	0	0	0	0	0	1248,77
SR00535	31/5/2026	C	1103557250	PANAMITO BUSTAMANTE OMAR LEONARDO	N	11	13	50	M	C	I	3,001E+12	1818,17	1818,17	30/5/2026	9/7/2026	9/7/2026	40	40	0	0	0	0	1818,17	0	0	0	0	0	0	0	0	0	0	1818,17
SR00535	31/5/2026	C	1103557250	PANAMITO BUSTAMANTE OMAR LEONARDO	N	11	13	50	M	C	I	3,001E+12	954,44	838,36	28/5/2026	7/7/2026	7/7/2026	40	40	0	0	0	0	838,36	0	0	0	0	0	0	0	0	0	0	954,44
SR00535	31/5/2026	R	5,0183E+11	PANCHI MARTINEZ EDWIN WUILVANER	N	5	1	5	M	C	I	1,001E+12	1089,33	1089,33	6/5/2026	15/6/2026	15/6/2026	40	40	0	0	0	1089,33	0	0	0	0	0	0	0	0	0	0	0	1089,33
SR00535	31/5/2026	R	5,91709E+11	PANELES Y CONSTRUCCIONES PANECONS	J	17	1	23				1,001E+12	6216,99	6135,9	15/4/2026	30/5/2026	30/5/2026	45	45	1	6135,9	0	0	0	0	0	0	6135,9	0	0	0	0	0	0	6216,99
SR00535	31/5/2026	R	5,91709E+11	PANELES Y CONSTRUCCIONES PANECONS	J	17	1	23				1,001E+12	12414,15	12252,23	27/5/2026	11/7/2026	11/7/2026	45	45	0	0	0	0	12252,23	0	0	0	0	0	0	0	0	0	0	12414,15
SR00535	31/5/2026	R	5,91709E+11	PANELES Y CONSTRUCCIONES PANECONS	J	17	1	23				1,001E+12	4160,32	4106,05	27/5/2026	11/7/2026	11/7/2026	45	45	0	0	0	0	4106,05	0	0	0	0	0	0	0	0	0	0	4160,32
SR00535	31/5/2026	R	5,91709E+11	PANELES Y CONSTRUCCIONES PANECONS	J	17	1	23				1,001E+12	12349,03	12187,96	4/5/2026	18/6/2026	18/6/2026	45	45	0	0	0	12187,96	0	0	0	0	0	0	0	0	0	0	0	12349,03
SR00535	31/5/2026	R	5,91709E+11	PANELES Y CONSTRUCCIONES PANECONS	J	17	1	23				1,001E+12	1014,3	1001,07	27/5/2026	11/7/2026	11/7/2026	45	45	0	0	0	0	1001,07	0	0	0	0	0	0	0	0	0	0	1014,3
SR00535	31/5/2026	R	5,91709E+11	PANELES Y CONSTRUCCIONES PANECONS	J	17	1	23				1,001E+12	4072,41	4019,29	17/5/2026	1/7/2026	1/7/2026	45	45	0	0	0	0	4019,29	0	0	0	0	0	0	0	0	0	0	4072,41
SR00535	31/5/2026	R	5,91709E+11	PANELES Y CONSTRUCCIONES PANECONS	J	17	1	23				1,001E+12	3047,97	3008,21	4/5/2026	18/6/2026	18/6/2026	45	45	0	0	0	3008,21	0	0	0	0	0	0	0	0	0	0	0	3047,97
SR00535	31/5/2026	R	9,90017E+11	PAPELERA NACIONAL S,A	J	9	23	50				2,001E+12	2103,95	2076,51	27/5/2026	26/6/2026	26/6/2026	30	30	0	0	0	2076,51	0	0	0	0	0	0	0	0	0	0	0	2103,95
SR00535	31/5/2026	R	9,90179E+11	PAPELESA C, LTDA,	J	9	1	12				2,001E+12	222,4	219,5	14/5/2026	13/6/2026	13/6/2026	30	30	0	0	0	219,5	0	0	0	0	0	0	0	0	0	0	0	222,4
SR00535	31/5/2026	R	9,91297E+11	PASBARO S,A,	J	9	1	50				PROVISION 125035	9464,29	9464,29	30/4/2026	11/8/2025	11/8/2025	45	45	293	9464,29	0	0	0	0	0	0	0	0	0	9464,29	0	9464,29	0	9464,29
SR00535	31/5/2026	R	1,10335E+12	PAUTA PULLAGUARI EDGAR FABIAN	N	11	1	2	M	C	I	3,001E+12	4021,91	3659,29	14/5/2026	23/6/2026	23/6/2026	40	40	0	0	0	3659,29	0	0	0	0	0	0	0	0	0	0	0	4021,91
SR00535	31/5/2026	R	1,10335E+12	PAUTA PULLAGUARI EDGAR FABIAN	N	11	1	2	M	C	I	3,001E+12	4301,99	3878,85	20/5/2026	29/6/2026	29/6/2026	40	40	0	0	0	3878,85	0	0	0	0	0	0	0	0	0	0	0	4301,99
SR00535	31/5/2026	C	102390887	PENA LEDESMA PABLO FERNANDO	N	3	1	2	M	D	I	1,001E+12	7179,59	7179,59	8/5/2026	7/6/2026	7/6/2026	30	30	0	0	0	7179,59	0	0	0	0	0	0	0	0	0	0	0	7179,59
SR00535	31/5/2026	C	102390887	PENA LEDESMA PABLO FERNANDO	N	3	1	2	M	D	I	1,001E+12	7460,49	7460,49	27/5/2026	26/6/2026	26/6/2026	30	30	0	0	0	7460,49	0	0	0	0	0	0	0	0	0	0	0	7460,49
SR00535	31/5/2026	C	102390887	PENA LEDESMA PABLO FERNANDO	N	3	1	2	M	D	I	1,001E+12	7239,89	7239,89	14/5/2026	13/6/2026	13/6/2026	30	30	0	0	0	7239,89	0	0	0	0	0	0	0	0	0	0	0	7239,89
SR00535	31/5/2026	R	9,93383E+11	PLUSINVESTMENTS S,A,	J	9	1	12				2,001E+12	9060,44	9060,44	16/4/2026	15/6/2026	15/6/2026	60	60	0	0	0	9060,44	0	0	0	0	0	0	0	0	0	0	0	9060,44
SR00535	31/5/2026	R	9,93383E+11	PLUSINVESTMENTS S,A,	J	9	1	12				1,001E+12	6565,24	6518,66	27/4/2026	26/6/2026	26/6/2026	60	60	0	0	0	6518,66	0	0	0	0	0	0	0	0	0	0	0	6565,24
SR00535	31/5/2026	R	9,93383E+11	PLUSINVESTMENTS S,A,	J	9	1	12				2,001E+12	16628,59	14401,52	22/4/2026	21/6/2026	21/6/2026	60	60	0	0	0	14401,52	0	0	0	0	0	0	0	0	0	0	0	16628,59
SR00535	31/5/2026	R	9,93383E+11	PLUSINVESTMENTS S,A,	J	9	1	12				2,001E+12	14300,77	13000,14	27/4/2026	26/6/2026	26/6/2026	60	60	0	0	0	13000,14	0	0	0	0	0	0	0	0	0	0	0	14300,77
SR00535	31/5/2026	R	9,93383E+11	PLUSINVESTMENTS S,A,	J	9	1	12				1,001E+12	10156,03	9148,88	21/4/2026	20/6/2026	20/6/2026	60	60	0	0	0	9148,88	0	0	0	0	0	0	0	0	0	0	0	10156,03
SR00535	31/5/2026	R	9,93383E+11	PLUSINVESTMENTS S,A,	J	9	1	12				2,001E+12	904,37	904,37	20/5/2026	19/7/2026	19/7/2026	60	60	0	0	0	0	904,37	0	0	0	0	0	0	0	0	0	0	904,37
SR00535	31/5/2026	R	9,93383E+11	PLUSINVESTMENTS S,A,	J	9	1	12				2,001E+12	8855,46	7669,45	23/4/2026	22/6/2026	22/6/2026	60	60	0	0	0	7669,45	0	0	0	0	0	0	0	0	0	0	0	8855,46
SR00535	31/5/2026	R	9,93383E+11	PLUSINVESTMENTS S,A,	J	9	1	12				2,001E+12	10774,14	9331,15	9/4/2026	8/6/2026	8/6/2026	60	60	0	0	0	9331,15	0	0	0	0	0	0	0	0	0	0	0	10774,14
SR00535	31/5/2026	R	9,93383E+11	PLUSINVESTMENTS S,A,	J	9	1	12				2,001E+12	14787,25	13061,36	9/4/2026	8/6/2026	8/6/2026	60	60	0	0	0	13061,36	0	0	0	0	0	0	0	0	0	0	0	14787,25
SR00535	31/5/2026	R	9,93383E+11	PLUSINVESTMENTS S,A,	J	9	1	12				2,001E+12	15116,45	13289,67	27/4/2026	26/6/2026	26/6/2026	60	60	0	0	0	13289,67	0	0	0	0	0	0	0	0	0	0	0	15116,45
SR00535	31/5/2026	R	9,93383E+11	PLUSINVESTMENTS S,A,	J	9	1	12				2,001E+12	13283,19	11504,17	16/4/2026	15/6/2026	15/6/2026	60	60	0	0	0	11504,17	0	0	0	0	0	0	0	0	0	0	0	13283,19
SR00535	31/5/2026	R	9,93383E+11	PLUSINVESTMENTS S,A,	J	9	1	12				2,001E+12	7362,09	6487,18	23/4/2026	22/6/2026	22/6/2026	60	60	0	0	0	6487,18	0	0	0	0	0	0	0	0	0	0	0	7362,09
SR00535	31/5/2026	R	9,93383E+11	PLUSINVESTMENTS S,A,	J	9	1	12				2,001E+12	10823,34	9373,76	9/4/2026	8/6/2026	8/6/2026	60	60	0	0	0	9373,76	0	0	0	0	0	0	0	0	0	0	0	10823,34
SR00535	31/5/2026	R	9,93383E+11	PLUSINVESTMENTS S,A,	J	9	1	12				2,001E+12	8048,96	7992,03	28/4/2026	27/6/2026	27/6/2026	60	60	0	0	0	7992,03	0	0	0	0	0	0	0	0	0	0	0	8048,96
SR00535	31/5/2026	R	9,93383E+11	PLUSINVESTMENTS S,A,	J	9	1	12				2,001E+12	11123,19	11123,19	15/4/2026	14/6/2026	14/6/2026	60	60	0	0	0	11123,19	0	0	0	0	0	0	0	0	0	0	0	11123,19
SR00535	31/5/2026	R	9,93383E+11	PLUSINVESTMENTS S,A,	J	9	1	12				2,001E+12	6817,38	6128,64	21/4/2026	20/6/2026	20/6/2026	60	60	0	0	0	6128,64	0	0	0	0	0	0	0	0	0	0	0	6817,38
SR00535	31/5/2026	R	9,93383E+11	PLUSINVESTMENTS S,A,	J	9	1	12				2,001E+12	13601,76	11836,49	8/4/2026	7/6/2026	7/6/2026	60	60	0	0	0	11836,49	0	0	0	0	0	0	0	0	0	0	0	13601,76
SR00535	31/5/2026	R	9,93383E+11	PLUSINVESTMENTS S,A,	J	9	1	12				2,001E+12	9059,01	8024,18	22/4/2026	21/6/2026	21/6/2026	60	60	0	0	0	8024,18	0	0	0	0	0	0	0	0	0	0	0	9059,01
SR00535	31/5/2026	R	9,93383E+11	PLUSINVESTMENTS S,A,	J	9	1	12				2,001E+12	9015,16	7869,97	22/4/2026	21/6/2026	21/6/2026	60	60	0	0	0	7869,97	0	0	0	0	0	0	0	0	0	0	0	9015,16
SR00535	31/5/2026	R	9,93383E+11	PLUSINVESTMENTS S,A,	J	9	1	12				2,001E+12	1493,81	1493,81	18/4/2026	17/6/2026	17/6/2026	60	60	0	0	0	1493,81	0	0	0	0	0	0	0	0	0	0	0	1493,81
SR00535	31/5/2026	R	9,93383E+11	PLUSINVESTMENTS S,A,	J	9	1	12				2,001E+12	19291,15	19291,15	9/4/2026	8/6/2026	8/6/2026	60	60	0	0	0	19291,15	0	0	0	0	0	0	0	0	0	0	0	19291,15
SR00535	31/5/2026	R	9,93383E+11	PLUSINVESTMENTS S,A,	J	9	1	12				2,001E+12	5550,91	4920	23/4/2026	22/6/2026	22/6/2026	60	60	0	0	0	4920	0	0	0	0	0	0	0	0	0	0	0	5550,91
SR00535	31/5/2026	R	9,93383E+11	PLUSINVESTMENTS S,A,	J	9	1	12				2,001E+12	3652,36	3626,77	28/4/2026	27/6/2026	27/6/2026	60	60	0	0	0	3626,77	0	0	0	0	0	0	0	0	0	0	0	3652,36
SR00535	31/5/2026	R	9,93383E+11	PLUSINVESTMENTS S,A,	J	9	1	12				2,001E+12	6716,33	6716,33	27/4/2026	26/6/2026	26/6/2026	60	60	0	0	0	6716,33	0	0	0	0	0	0	0	0	0	0	0	6716,33
SR00535	31/5/2026	R	9,93383E+11	PLUSINVESTMENTS S,A,	J	9	1	12				2,001E+12	15883,46	13936,26	16/4/2026	15/6/2026	15/6/2026	60	60	0	0	0	13936,26	0	0	0	0	0	0	0	0	0	0	0	15883,46
SR00535	31/5/2026	R	9,93383E+11	PLUSINVESTMENTS S,A,	J	9	1	12				2,001E+12	10567,21	9299,16	16/4/2026	15/6/2026	15/6/2026	60	60	0	0	0	9299,16	0	0	0	0	0	0	0	0	0	0	0	10567,21
SR00535	31/5/2026	R	9,93383E+11	PLUSINVESTMENTS S,A,	J	9	1	12				1,001E+12	6684,03	6608,7	28/4/2026	27/6/2026	27/6/2026	60	60	0	0	0	6608,7	0	0	0	0	0	0	0	0	0	0	0	6684,03
SR00535	31/5/2026	R	9,93383E+11	PLUSINVESTMENTS S,A,	J	9	1	12				2,001E+12	5609,26	5609,26	27/4/2026	26/6/2026	26/6/2026	60	60	0	0	0	5609,26	0	0	0	0	0	0	0	0	0	0	0	5609,26
SR00535	31/5/2026	R	9,93383E+11	PLUSINVESTMENTS S,A,	J	9	1	12				2,001E+12	3958,35	3958,35	29/4/2026	28/6/2026	28/6/2026	60	60	0	0	0	3958,35	0	0	0	0	0	0	0	0	0	0	0	3958,35
SR00535	31/5/2026	R	9,93383E+11	PLUSINVESTMENTS S,A,	J	9	1	12				2,001E+12	1206,29	1065,54	21/4/2026	20/6/2026	20/6/2026	60	60	0	0	0	1065,54	0	0	0	0	0	0	0	0	0	0	0	1206,29
SR00535	31/5/2026	R	9,93383E+11	PLUSINVESTMENTS S,A,	J	9	1	12				2,001E+12	13831,95	12001,63	23/4/2026	22/6/2026	22/6/2026	60	60	0	0	0	12001,63	0	0	0	0	0	0	0	0	0	0	0	13831,95
SR00535	31/5/2026	R	9,93383E+11	PLUSINVESTMENTS S,A,	J	9	1	12				2,001E+12	16235,01	14060,66	27/4/2026	26/6/2026	26/6/2026	60	60	0	0	0	14060,66	0	0	0	0	0	0	0	0	0	0	0	16235,01
SR00535	31/5/2026	R	9,93383E+11	PLUSINVESTMENTS S,A,	J	9	1	12				2,001E+12	13529,18	11717,22	16/4/2026	15/6/2026	15/6/2026	60	60	0	0	0	11717,22	0	0	0	0	0	0	0	0	0	0	0	13529,18
SR00535	31/5/2026	R	9,93188E+11	POLYKRET CONSTRUCCIONES POLYKRETCON	J	9	1	50				2,001E+12	27556,88	23356,88	28/5/2026	28/5/2026	28/5/2026	0	0	3	23356,88	0	0	0	0	0	0	23356,88	0	0	0	0	0	0	27556,88
SR00535	31/5/2026	C	1802517688	POZO VILLAFUERTE EDISON ROBERTO	N	18	7	50	M	C	I	1,001E+12	5041,57	4931,91	28/5/2026	7/7/2026	7/7/2026	40	40	0	0	0	0	4931,91	0	0	0	0	0	0	0	0	0	0	5041,57
SR00535	31/5/2026	C	1802517688	POZO VILLAFUERTE EDISON ROBERTO	N	18	7	50	M	C	I	1,001E+12	221,71	218,82	13/5/2026	22/6/2026	22/6/2026	40	40	0	0	0	218,82	0	0	0	0	0	0	0	0	0	0	0	221,71
SR00535	31/5/2026	C	1802517688	POZO VILLAFUERTE EDISON ROBERTO	N	18	7	50	M	C	I	1,001E+12	5268,91	5200,18	15/5/2026	24/6/2026	24/6/2026	40	40	0	0	0	5200,18	0	0	0	0	0	0	0	0	0	0	0	5268,91
SR00535	31/5/2026	R	9,92272E+11	PRISVALAND S,A,	J	9	1	12				2,001E+12	2003,3	2003,3	27/4/2026	11/6/2026	11/6/2026	45	45	0	0	0	2003,3	0	0	0	0	0	0	0	0	0	0	0	2003,3
SR00535	31/5/2026	R	9,92272E+11	PRISVALAND S,A,	J	9	1	12				2,001E+12	348,54	348,54	6/4/2026	21/5/2026	21/5/2026	45	45	10	348,54	0	0	0	0	0	0	348,54	0	0	0	0	0	0	348,54
SR00535	31/5/2026	R	9,92272E+11	PRISVALAND S,A,	J	9	1	12				2,001E+12	503,42	503,42	20/4/2026	4/6/2026	4/6/2026	45	45	0	0	0	503,42	0	0	0	0	0	0	0	0	0	0	0	503,42
SR00535	31/5/2026	R	9,92272E+11	PRISVALAND S,A,	J	9	1	12				2,001E+12	126,04	126,04	27/4/2026	11/6/2026	11/6/2026	45	45	0	0	0	126,04	0	0	0	0	0	0	0	0	0	0	0	126,04
SR00535	31/5/2026	R	9,92272E+11	PRISVALAND S,A,	J	9	1	12				2,001E+12	3004,95	3004,95	11/5/2026	25/6/2026	25/6/2026	45	45	0	0	0	3004,95	0	0	0	0	0	0	0	0	0	0	0	3004,95
SR00535	31/5/2026	R	9,92272E+11	PRISVALAND S,A,	J	9	1	12				2,001E+12	212,59	212,59	13/5/2026	27/6/2026	27/6/2026	45	45	0	0	0	212,59	0	0	0	0	0	0	0	0	0	0	0	212,59
SR00535	31/5/2026	R	9,92272E+11	PRISVALAND S,A,	J	9	1	12				2,001E+12	551,67	551,67	26/5/2026	10/7/2026	10/7/2026	45	45	0	0	0	0	551,67	0	0	0	0	0	0	0	0	0	0	551,67
SR00535	31/5/2026	R	9,92272E+11	PRISVALAND S,A,	J	9	1	12				2,001E+12	634,8	634,8	14/5/2026	28/6/2026	28/6/2026	45	45	0	0	0	634,8	0	0	0	0	0	0	0	0	0	0	0	634,8
SR00535	31/5/2026	R	9,92272E+11	PRISVALAND S,A,	J	9	1	12				2,001E+12	2343,84	2343,84	26/5/2026	10/7/2026	10/7/2026	45	45	0	0	0	0	2343,84	0	0	0	0	0	0	0	0	0	0	2343,84
SR00535	31/5/2026	R	9,92272E+11	PRISVALAND S,A,	J	9	1	12				2,001E+12	182,78	182,78	11/5/2026	25/6/2026	25/6/2026	45	45	0	0	0	182,78	0	0	0	0	0	0	0	0	0	0	0	182,78
SR00535	31/5/2026	R	9,92272E+11	PRISVALAND S,A,	J	9	1	12				2,001E+12	1171,44	1171,44	6/4/2026	21/5/2026	21/5/2026	45	45	10	1171,44	0	0	0	0	0	0	1171,44	0	0	0	0	0	0	1171,44
SR00535	31/5/2026	R	9,92272E+11	PRISVALAND S,A,	J	9	1	12				2,001E+12	499,91	499,91	26/5/2026	10/7/2026	10/7/2026	45	45	0	0	0	0	499,91	0	0	0	0	0	0	0	0	0	0	499,91
SR00535	31/5/2026	R	9,92272E+11	PRISVALAND S,A,	J	9	1	12				2,001E+12	471,34	471,34	15/4/2026	30/5/2026	30/5/2026	45	45	1	471,34	0	0	0	0	0	0	471,34	0	0	0	0	0	0	471,34
SR00535	31/5/2026	R	9,92272E+11	PRISVALAND S,A,	J	9	1	12				2,001E+12	3519,21	3519,21	7/4/2026	22/5/2026	22/5/2026	45	45	9	3519,21	0	0	0	0	0	0	3519,21	0	0	0	0	0	0	3519,21
SR00535	31/5/2026	R	9,92272E+11	PRISVALAND S,A,	J	9	1	12				2,001E+12	1405,25	1405,25	15/4/2026	30/5/2026	30/5/2026	45	45	1	1405,25	0	0	0	0	0	0	1405,25	0	0	0	0	0	0	1405,25
SR00535	31/5/2026	R	9,92272E+11	PRISVALAND S,A,	J	9	1	12				2,001E+12	1961,14	1961,14	16/4/2026	31/5/2026	31/5/2026	45	45	0	0	0	1961,14	0	0	0	0	0	0	0	0	0	0	0	1961,14
SR00535	31/5/2026	R	9,92272E+11	PRISVALAND S,A,	J	9	1	12				2,001E+12	5797,16	5797,16	17/4/2026	1/6/2026	1/6/2026	45	45	0	0	0	5797,16	0	0	0	0	0	0	0	0	0	0	0	5797,16
SR00535	31/5/2026	R	9,92272E+11	PRISVALAND S,A,	J	9	1	12				2,001E+12	3990,82	3990,82	29/5/2026	13/7/2026	13/7/2026	45	45	0	0	0	0	3990,82	0	0	0	0	0	0	0	0	0	0	3990,82
SR00535	31/5/2026	R	9,92272E+11	PRISVALAND S,A,	J	9	1	12				2,001E+12	3383,06	3383,06	21/5/2026	5/7/2026	5/7/2026	45	45	0	0	0	0	3383,06	0	0	0	0	0	0	0	0	0	0	3383,06
SR00535	31/5/2026	R	9,92272E+11	PRISVALAND S,A,	J	9	1	12				2,001E+12	751,48	751,48	13/5/2026	27/6/2026	27/6/2026	45	45	0	0	0	751,48	0	0	0	0	0	0	0	0	0	0	0	751,48
SR00535	31/5/2026	R	9,92272E+11	PRISVALAND S,A,	J	9	1	12				2,001E+12	3991,85	3991,85	22/4/2026	6/6/2026	6/6/2026	45	45	0	0	0	3991,85	0	0	0	0	0	0	0	0	0	0	0	3991,85
SR00535	31/5/2026	R	9,92272E+11	PRISVALAND S,A,	J	9	1	12				2,001E+12	189,06	189,06	7/5/2026	21/6/2026	21/6/2026	45	45	0	0	0	189,06	0	0	0	0	0	0	0	0	0	0	0	189,06
SR00535	31/5/2026	R	9,92272E+11	PRISVALAND S,A,	J	9	1	12				2,001E+12	275,83	275,83	8/5/2026	22/6/2026	22/6/2026	45	45	0	0	0	275,83	0	0	0	0	0	0	0	0	0	0	0	275,83
SR00535	31/5/2026	R	9,92272E+11	PRISVALAND S,A,	J	9	1	12				2,001E+12	1454,34	1454,34	6/4/2026	21/5/2026	21/5/2026	45	45	10	1454,34	0	0	0	0	0	0	1454,34	0	0	0	0	0	0	1454,34
SR00535	31/5/2026	R	9,92272E+11	PRISVALAND S,A,	J	9	1	12				2,001E+12	956,96	956,96	18/5/2026	2/7/2026	2/7/2026	45	45	0	0	0	0	956,96	0	0	0	0	0	0	0	0	0	0	956,96
SR00535	31/5/2026	R	9,92272E+11	PRISVALAND S,A,	J	9	1	12				2,001E+12	387,24	387,24	7/5/2026	21/6/2026	21/6/2026	45	45	0	0	0	387,24	0	0	0	0	0	0	0	0	0	0	0	387,24
SR00535	31/5/2026	R	1,7921E+12	PROCESADORA VYM S,A,	J	17	1	2				1,001E+12	1495,52	1495,52	4/5/2026	3/6/2026	3/6/2026	30	30	0	0	0	1495,52	0	0	0	0	0	0	0	0	0	0	0	1495,52
SR00535	31/5/2026	R	9,90008E+11	PRODUCTOS METALURGICOS S,A,	J	9	1	12				2,001E+12	901,57	889,81	14/4/2026	3/6/2026	3/6/2026	50	50	0	0	0	889,81	0	0	0	0	0	0	0	0	0	0	0	901,57
SR00535	31/5/2026	R	9,90008E+11	PRODUCTOS METALURGICOS S,A,	J	9	1	12				2,001E+12	90,18	89	20/5/2026	9/7/2026	9/7/2026	50	50	0	0	0	0	89	0	0	0	0	0	0	0	0	0	0	90,18
SR00535	31/5/2026	R	9,90008E+11	PRODUCTOS METALURGICOS S,A,	J	9	1	12				2,001E+12	263,89	260,45	13/5/2026	2/7/2026	2/7/2026	50	50	0	0	0	0	260,45	0	0	0	0	0	0	0	0	0	0	263,89
SR00535	31/5/2026	R	9,90008E+11	PRODUCTOS METALURGICOS S,A,	J	9	1	12				2,001E+12	36013,52	35543,78	14/4/2026	3/6/2026	3/6/2026	50	50	0	0	0	35543,78	0	0	0	0	0	0	0	0	0	0	0	36013,52
SR00535	31/5/2026	R	9,90008E+11	PRODUCTOS METALURGICOS S,A,	J	9	1	12				2,001E+12	7015,13	6923,63	13/5/2026	2/7/2026	2/7/2026	50	50	0	0	0	0	6923,63	0	0	0	0	0	0	0	0	0	0	7015,13
SR00535	31/5/2026	R	9,90008E+11	PRODUCTOS METALURGICOS S,A,	J	9	1	12				2,001E+12	5835,81	5759,69	13/5/2026	2/7/2026	2/7/2026	50	50	0	0	0	0	5759,69	0	0	0	0	0	0	0	0	0	0	5835,81
SR00535	31/5/2026	R	9,90008E+11	PRODUCTOS METALURGICOS S,A,	J	9	1	12				2,001E+12	17732,31	17501,02	22/4/2026	11/6/2026	11/6/2026	50	50	0	0	0	17501,02	0	0	0	0	0	0	0	0	0	0	0	17732,31
SR00535	31/5/2026	R	9,90008E+11	PRODUCTOS METALURGICOS S,A,	J	9	1	12				2,001E+12	2060,96	2034,08	20/5/2026	9/7/2026	9/7/2026	50	50	0	0	0	0	2034,08	0	0	0	0	0	0	0	0	0	0	2060,96
SR00535	31/5/2026	R	9,90008E+11	PRODUCTOS METALURGICOS S,A,	J	9	1	12				2,001E+12	1760,54	1737,58	13/5/2026	2/7/2026	2/7/2026	50	50	0	0	0	0	1737,58	0	0	0	0	0	0	0	0	0	0	1760,54
SR00535	31/5/2026	R	9,90008E+11	PRODUCTOS METALURGICOS S,A,	J	9	1	12				2,001E+12	11626,16	11474,51	22/4/2026	11/6/2026	11/6/2026	50	50	0	0	0	11474,51	0	0	0	0	0	0	0	0	0	0	0	11626,16
SR00535	31/5/2026	R	9,90008E+11	PRODUCTOS METALURGICOS S,A,	J	9	1	12				2,001E+12	290,54	275,57	14/4/2026	3/6/2026	3/6/2026	50	50	0	0	0	275,57	0	0	0	0	0	0	0	0	0	0	0	290,54
SR00535	31/5/2026	R	9,90008E+11	PRODUCTOS METALURGICOS S,A,	J	9	1	12				2,001E+12	20662,97	20393,45	13/5/2026	2/7/2026	2/7/2026	50	50	0	0	0	0	20393,45	0	0	0	0	0	0	0	0	0	0	20662,97
SR00535	31/5/2026	R	9,90008E+11	PRODUCTOS METALURGICOS S,A,	J	9	1	12				2,001E+12	5618,92	5545,63	13/5/2026	2/7/2026	2/7/2026	50	50	0	0	0	0	5545,63	0	0	0	0	0	0	0	0	0	0	5618,92
SR00535	31/5/2026	R	9,90008E+11	PRODUCTOS METALURGICOS S,A,	J	9	1	12				2,001E+12	37717,63	37135,48	13/5/2026	2/7/2026	2/7/2026	50	50	0	0	0	0	37135,48	0	0	0	0	0	0	0	0	0	0	37717,63
SR00535	31/5/2026	R	1,7901E+12	PRODUCTOS PARAISO DEL ECUADOR S,A,	J	17	3	56				1,001E+12	19137,5	18887,88	23/4/2026	22/6/2026	22/6/2026	60	60	0	0	0	18887,88	0	0	0	0	0	0	0	0	0	0	0	19137,5
SR00535	31/5/2026	R	1,79181E+12	PROFERMACO CIA,LTDA,	J	17	1	55				1,001E+12	3215,65	3173,71	7/5/2026	26/6/2026	26/6/2026	50	50	0	0	0	3173,71	0	0	0	0	0	0	0	0	0	0	0	3215,65
SR00535	31/5/2026	R	1,79181E+12	PROFERMACO CIA,LTDA,	J	17	1	55				2,001E+12	2216,33	2187,42	15/4/2026	4/6/2026	4/6/2026	50	50	0	0	0	2187,42	0	0	0	0	0	0	0	0	0	0	0	2216,33
SR00535	31/5/2026	R	1,79181E+12	PROFERMACO CIA,LTDA,	J	17	1	55				1,001E+12	12140,26	11981,91	28/5/2026	17/7/2026	17/7/2026	50	50	0	0	0	0	11981,91	0	0	0	0	0	0	0	0	0	0	12140,26
SR00535	31/5/2026	R	1,79181E+12	PROFERMACO CIA,LTDA,	J	17	1	55				1,001E+12	570,33	562,89	23/4/2026	12/6/2026	12/6/2026	50	50	0	0	0	562,89	0	0	0	0	0	0	0	0	0	0	0	570,33
SR00535	31/5/2026	R	1,79181E+12	PROFERMACO CIA,LTDA,	J	17	1	55				1,001E+12	796,81	786,42	11/5/2026	30/6/2026	30/6/2026	50	50	0	0	0	786,42	0	0	0	0	0	0	0	0	0	0	0	796,81
SR00535	31/5/2026	R	1,79181E+12	PROFERMACO CIA,LTDA,	J	17	1	55				1,001E+12	2920,84	32,42	20/2/2026	11/4/2026	11/4/2026	50	50	50	32,42	0	0	0	0	0	0	0	32,42	0	0	0	0	0	2920,84
SR00535	31/5/2026	R	1,79181E+12	PROFERMACO CIA,LTDA,	J	17	1	55				1,001E+12	9098,12	8979,45	29/5/2026	18/7/2026	18/7/2026	50	50	0	0	0	0	8979,45	0	0	0	0	0	0	0	0	0	0	9098,12
SR00535	31/5/2026	R	1,79181E+12	PROFERMACO CIA,LTDA,	J	17	1	55				1,001E+12	1056,91	1043,12	6/5/2026	25/6/2026	25/6/2026	50	50	0	0	0	1043,12	0	0	0	0	0	0	0	0	0	0	0	1056,91
SR00535	31/5/2026	R	1,79181E+12	PROFERMACO CIA,LTDA,	J	17	1	55				1,001E+12	380,72	375,75	13/5/2026	2/7/2026	2/7/2026	50	50	0	0	0	0	375,75	0	0	0	0	0	0	0	0	0	0	380,72
SR00535	31/5/2026	R	1,79181E+12	PROFERMACO CIA,LTDA,	J	17	1	55				1,001E+12	754,93	745,08	13/5/2026	2/7/2026	2/7/2026	50	50	0	0	0	0	745,08	0	0	0	0	0	0	0	0	0	0	754,93
SR00535	31/5/2026	R	1,79181E+12	PROFERMACO CIA,LTDA,	J	17	1	55				1,001E+12	622,08	613,97	27/5/2026	16/7/2026	16/7/2026	50	50	0	0	0	0	613,97	0	0	0	0	0	0	0	0	0	0	622,08
SR00535	31/5/2026	R	1,79181E+12	PROFERMACO CIA,LTDA,	J	17	1	55				1,001E+12	9447,41	9192,47	21/4/2026	10/6/2026	10/6/2026	50	50	0	0	0	9192,47	0	0	0	0	0	0	0	0	0	0	0	9447,41
SR00535	31/5/2026	R	1,79181E+12	PROFERMACO CIA,LTDA,	J	17	1	55				1,001E+12	3745,29	3696,44	20/5/2026	9/7/2026	9/7/2026	50	50	0	0	0	0	3696,44	0	0	0	0	0	0	0	0	0	0	3745,29
SR00535	31/5/2026	R	1,79181E+12	PROFERMACO CIA,LTDA,	J	17	1	55				1,001E+12	25681,01	25346,04	28/5/2026	17/7/2026	17/7/2026	50	50	0	0	0	0	25346,04	0	0	0	0	0	0	0	0	0	0	25681,01
SR00535	31/5/2026	R	1,79181E+12	PROFERMACO CIA,LTDA,	J	17	1	55				1,001E+12	503,29	496,72	11/5/2026	30/6/2026	30/6/2026	50	50	0	0	0	496,72	0	0	0	0	0	0	0	0	0	0	0	503,29
SR00535	31/5/2026	R	1,79181E+12	PROFERMACO CIA,LTDA,	J	17	1	55				1,001E+12	800,12	789,68	14/4/2026	3/6/2026	3/6/2026	50	50	0	0	0	789,68	0	0	0	0	0	0	0	0	0	0	0	800,12
SR00535	31/5/2026	R	1,79181E+12	PROFERMACO CIA,LTDA,	J	17	1	55				1,001E+12	182,99	180,6	4/5/2026	23/6/2026	23/6/2026	50	50	0	0	0	180,6	0	0	0	0	0	0	0	0	0	0	0	182,99
SR00535	31/5/2026	R	1,79181E+12	PROFERMACO CIA,LTDA,	J	17	1	55				1,001E+12	4105,19	4051,64	7/5/2026	26/6/2026	26/6/2026	50	50	0	0	0	4051,64	0	0	0	0	0	0	0	0	0	0	0	4105,19
SR00535	31/5/2026	R	1,79181E+12	PROFERMACO CIA,LTDA,	J	17	1	55				1,001E+12	1772,64	1749,52	20/5/2026	9/7/2026	9/7/2026	50	50	0	0	0	0	1749,52	0	0	0	0	0	0	0	0	0	0	1772,64
SR00535	31/5/2026	R	1,79181E+12	PROFERMACO CIA,LTDA,	J	17	1	55				1,001E+12	2768,1	2731,99	21/5/2026	10/7/2026	10/7/2026	50	50	0	0	0	0	2731,99	0	0	0	0	0	0	0	0	0	0	2768,1
SR00535	31/5/2026	R	1,79181E+12	PROFERMACO CIA,LTDA,	J	17	1	55				1,001E+12	5034,64	4968,97	15/4/2026	4/6/2026	4/6/2026	50	50	0	0	0	4968,97	0	0	0	0	0	0	0	0	0	0	0	5034,64
SR00535	31/5/2026	R	1,79181E+12	PROFERMACO CIA,LTDA,	J	17	1	55				1,001E+12	10065,82	9934,53	25/5/2026	14/7/2026	14/7/2026	50	50	0	0	0	0	9934,53	0	0	0	0	0	0	0	0	0	0	10065,82
SR00535	31/5/2026	R	1,79181E+12	PROFERMACO CIA,LTDA,	J	17	1	55				1,001E+12	673,47	664,69	20/4/2026	9/6/2026	9/6/2026	50	50	0	0	0	664,69	0	0	0	0	0	0	0	0	0	0	0	673,47
SR00535	31/5/2026	R	1,79181E+12	PROFERMACO CIA,LTDA,	J	17	1	55				1,001E+12	93,09	91,88	7/5/2026	26/6/2026	26/6/2026	50	50	0	0	0	91,88	0	0	0	0	0	0	0	0	0	0	0	93,09
SR00535	31/5/2026	R	1,79181E+12	PROFERMACO CIA,LTDA,	J	17	1	55				1,001E+12	4249,88	4194,45	27/4/2026	16/6/2026	16/6/2026	50	50	0	0	0	4194,45	0	0	0	0	0	0	0	0	0	0	0	4249,88
SR00535	31/5/2026	R	1,79181E+12	PROFERMACO CIA,LTDA,	J	17	1	55				1,001E+12	1572,18	1551,67	27/4/2026	16/6/2026	16/6/2026	50	50	0	0	0	1551,67	0	0	0	0	0	0	0	0	0	0	0	1572,18
SR00535	31/5/2026	R	1,79181E+12	PROFERMACO CIA,LTDA,	J	17	1	55				1,001E+12	79,91	78,87	20/4/2026	9/6/2026	9/6/2026	50	50	0	0	0	78,87	0	0	0	0	0	0	0	0	0	0	0	79,91
SR00535	31/5/2026	R	1,79181E+12	PROFERMACO CIA,LTDA,	J	17	1	55				2,001E+12	2849,76	2849,76	29/5/2026	18/7/2026	18/7/2026	50	50	0	0	0	0	2849,76	0	0	0	0	0	0	0	0	0	0	2849,76
SR00535	31/5/2026	R	1,79181E+12	PROFERMACO CIA,LTDA,	J	17	1	55				1,001E+12	304,85	300,87	14/5/2026	3/7/2026	3/7/2026	50	50	0	0	0	0	300,87	0	0	0	0	0	0	0	0	0	0	304,85
SR00535	31/5/2026	R	1,79181E+12	PROFERMACO CIA,LTDA,	J	17	1	55				1,001E+12	157,22	155,17	21/4/2026	10/6/2026	10/6/2026	50	50	0	0	0	155,17	0	0	0	0	0	0	0	0	0	0	0	157,22
SR00535	31/5/2026	R	1,79181E+12	PROFERMACO CIA,LTDA,	J	17	1	55				1,001E+12	3948,92	3897,41	21/5/2026	10/7/2026	10/7/2026	50	50	0	0	0	0	3897,41	0	0	0	0	0	0	0	0	0	0	3948,92
SR00535	31/5/2026	R	1,79181E+12	PROFERMACO CIA,LTDA,	J	17	1	55				1,001E+12	21691,46	21408,53	23/4/2026	12/6/2026	12/6/2026	50	50	0	0	0	21408,53	0	0	0	0	0	0	0	0	0	0	0	21691,46
SR00535	31/5/2026	R	1,79181E+12	PROFERMACO CIA,LTDA,	J	17	1	55				1,002E+12	575	560	2/4/2026	22/5/2026	22/5/2026	50	50	9	560	0	0	0	0	0	0	560	0	0	0	0	0	0	575
SR00535	31/5/2026	R	1,79181E+12	PROFERMACO CIA,LTDA,	J	17	1	55				1,001E+12	563,71	556,36	14/4/2026	3/6/2026	3/6/2026	50	50	0	0	0	556,36	0	0	0	0	0	0	0	0	0	0	0	563,71
SR00535	31/5/2026	R	1,79181E+12	PROFERMACO CIA,LTDA,	J	17	1	55				1,001E+12	2375,8	2344,81	27/4/2026	16/6/2026	16/6/2026	50	50	0	0	0	2344,81	0	0	0	0	0	0	0	0	0	0	0	2375,8
SR00535	31/5/2026	R	1,79181E+12	PROFERMACO CIA,LTDA,	J	17	1	55				1,001E+12	2013,17	1986,91	21/5/2026	10/7/2026	10/7/2026	50	50	0	0	0	0	1986,91	0	0	0	0	0	0	0	0	0	0	2013,17
SR00535	31/5/2026	R	1,79181E+12	PROFERMACO CIA,LTDA,	J	17	1	55				1,001E+12	7651,88	7552,07	21/4/2026	10/6/2026	10/6/2026	50	50	0	0	0	7552,07	0	0	0	0	0	0	0	0	0	0	0	7651,88
SR00535	31/5/2026	R	1,79181E+12	PROFERMACO CIA,LTDA,	J	17	1	55				1,001E+12	3913,22	3862,18	28/5/2026	17/7/2026	17/7/2026	50	50	0	0	0	0	3862,18	0	0	0	0	0	0	0	0	0	0	3913,22
SR00535	31/5/2026	R	1,79181E+12	PROFERMACO CIA,LTDA,	J	17	1	55				1,001E+12	334,4	330,04	25/5/2026	14/7/2026	14/7/2026	50	50	0	0	0	0	330,04	0	0	0	0	0	0	0	0	0	0	334,4
SR00535	31/5/2026	R	1,79181E+12	PROFERMACO CIA,LTDA,	J	17	1	55				1,001E+12	1606,64	1585,68	25/5/2026	14/7/2026	14/7/2026	50	50	0	0	0	0	1585,68	0	0	0	0	0	0	0	0	0	0	1606,64
SR00535	31/5/2026	R	1,79181E+12	PROFERMACO CIA,LTDA,	J	17	1	55				1,001E+12	14845,89	171,89	27/1/2026	18/3/2026	18/3/2026	50	50	74	171,89	0	0	0	0	0	0	0	171,89	0	0	0	0	0	14845,89
SR00535	31/5/2026	R	1,79181E+12	PROFERMACO CIA,LTDA,	J	17	1	55				1,001E+12	17357,46	17131,06	28/5/2026	17/7/2026	17/7/2026	50	50	0	0	0	0	17131,06	0	0	0	0	0	0	0	0	0	0	17357,46
SR00535	31/5/2026	R	1,79181E+12	PROFERMACO CIA,LTDA,	J	17	1	55				1,001E+12	948,38	940,74	7/5/2026	26/6/2026	26/6/2026	50	50	0	0	0	940,74	0	0	0	0	0	0	0	0	0	0	0	948,38
SR00535	31/5/2026	R	1,79181E+12	PROFERMACO CIA,LTDA,	J	17	1	55				1,001E+12	1152,92	1137,88	22/4/2026	11/6/2026	11/6/2026	50	50	0	0	0	1137,88	0	0	0	0	0	0	0	0	0	0	0	1152,92
SR00535	31/5/2026	R	1,79181E+12	PROFERMACO CIA,LTDA,	J	17	1	55				1,001E+12	7162,61	7069,18	19/5/2026	8/7/2026	8/7/2026	50	50	0	0	0	0	7069,18	0	0	0	0	0	0	0	0	0	0	7162,61
SR00535	31/5/2026	R	1,79181E+12	PROFERMACO CIA,LTDA,	J	17	1	55				1,001E+12	702,41	693,25	29/4/2026	18/6/2026	18/6/2026	50	50	0	0	0	693,25	0	0	0	0	0	0	0	0	0	0	0	702,41
SR00535	31/5/2026	R	1,79181E+12	PROFERMACO CIA,LTDA,	J	17	1	55				1,001E+12	2396,05	2364,8	28/4/2026	17/6/2026	17/6/2026	50	50	0	0	0	2364,8	0	0	0	0	0	0	0	0	0	0	0	2396,05
SR00535	31/5/2026	R	1,79181E+12	PROFERMACO CIA,LTDA,	J	17	1	55				1,001E+12	176,76	174,45	19/5/2026	8/7/2026	8/7/2026	50	50	0	0	0	0	174,45	0	0	0	0	0	0	0	0	0	0	176,76
SR00535	31/5/2026	R	1,79181E+12	PROFERMACO CIA,LTDA,	J	17	1	55				1,001E+12	2487,16	2384,48	20/4/2026	9/6/2026	9/6/2026	50	50	0	0	0	2384,48	0	0	0	0	0	0	0	0	0	0	0	2487,16
SR00535	31/5/2026	R	1,79181E+12	PROFERMACO CIA,LTDA,	J	17	1	55				1,001E+12	2208,3	2179,5	14/4/2026	3/6/2026	3/6/2026	50	50	0	0	0	2179,5	0	0	0	0	0	0	0	0	0	0	0	2208,3
SR00535	31/5/2026	R	1,79181E+12	PROFERMACO CIA,LTDA,	J	17	1	55				1,001E+12	16652,08	16434,88	28/4/2026	17/6/2026	17/6/2026	50	50	0	0	0	16434,88	0	0	0	0	0	0	0	0	0	0	0	16652,08
SR00535	31/5/2026	R	1,79181E+12	PROFERMACO CIA,LTDA,	J	17	1	55				1,001E+12	238,61	235,5	14/5/2026	3/7/2026	3/7/2026	50	50	0	0	0	0	235,5	0	0	0	0	0	0	0	0	0	0	238,61
SR00535	31/5/2026	R	1,79181E+12	PROFERMACO CIA,LTDA,	J	17	1	55				1,001E+12	676,17	667,35	20/4/2026	9/6/2026	9/6/2026	50	50	0	0	0	667,35	0	0	0	0	0	0	0	0	0	0	0	676,17
SR00535	31/5/2026	R	1,79181E+12	PROFERMACO CIA,LTDA,	J	17	1	55				1,001E+12	5025,35	4959,8	20/5/2026	9/7/2026	9/7/2026	50	50	0	0	0	0	4959,8	0	0	0	0	0	0	0	0	0	0	5025,35
SR00535	31/5/2026	R	1,79181E+12	PROFERMACO CIA,LTDA,	J	17	1	55				1,001E+12	1403,24	1384,94	19/5/2026	8/7/2026	8/7/2026	50	50	0	0	0	0	1384,94	0	0	0	0	0	0	0	0	0	0	1403,24
SR00535	31/5/2026	R	1,79181E+12	PROFERMACO CIA,LTDA,	J	17	1	55				1,002E+12	575	560	16/3/2026	5/5/2026	5/5/2026	50	50	26	560	0	0	0	0	0	0	560	0	0	0	0	0	0	575
SR00535	31/5/2026	R	1,79181E+12	PROFERMACO CIA,LTDA,	J	17	1	55				1,001E+12	16819,88	16424,87	20/4/2026	9/6/2026	9/6/2026	50	50	0	0	0	16424,87	0	0	0	0	0	0	0	0	0	0	0	16819,88
SR00535	31/5/2026	R	1,79181E+12	PROFERMACO CIA,LTDA,	J	17	1	55				1,001E+12	1084,48	1070,33	19/5/2026	8/7/2026	8/7/2026	50	50	0	0	0	0	1070,33	0	0	0	0	0	0	0	0	0	0	1084,48
SR00535	31/5/2026	R	1,79181E+12	PROFERMACO CIA,LTDA,	J	17	1	55				1,001E+12	15790,5	15321,12	11/5/2026	30/6/2026	30/6/2026	50	50	0	0	0	15321,12	0	0	0	0	0	0	0	0	0	0	0	15790,5
SR00535	31/5/2026	R	1,79181E+12	PROFERMACO CIA,LTDA,	J	17	1	55				1,001E+12	5496,1	5424,41	20/5/2026	9/7/2026	9/7/2026	50	50	0	0	0	0	5424,41	0	0	0	0	0	0	0	0	0	0	5496,1
SR00535	31/5/2026	R	1,79181E+12	PROFERMACO CIA,LTDA,	J	17	1	55				1,001E+12	1772,64	1749,52	28/5/2026	17/7/2026	17/7/2026	50	50	0	0	0	0	1749,52	0	0	0	0	0	0	0	0	0	0	1772,64
SR00535	31/5/2026	R	1,79181E+12	PROFERMACO CIA,LTDA,	J	17	1	55				1,001E+12	407,49	402,17	21/5/2026	10/7/2026	10/7/2026	50	50	0	0	0	0	402,17	0	0	0	0	0	0	0	0	0	0	407,49
SR00535	31/5/2026	R	1,79181E+12	PROFERMACO CIA,LTDA,	J	17	1	55				1,001E+12	4510,08	4451,25	14/5/2026	3/7/2026	3/7/2026	50	50	0	0	0	0	4451,25	0	0	0	0	0	0	0	0	0	0	4510,08
SR00535	31/5/2026	R	1,79181E+12	PROFERMACO CIA,LTDA,	J	17	1	55				1,001E+12	22120,35	21831,82	24/4/2026	13/6/2026	13/6/2026	50	50	0	0	0	21831,82	0	0	0	0	0	0	0	0	0	0	0	22120,35
SR00535	31/5/2026	R	1,79181E+12	PROFERMACO CIA,LTDA,	J	17	1	55				1,001E+12	535,12	528,14	14/4/2026	3/6/2026	3/6/2026	50	50	0	0	0	528,14	0	0	0	0	0	0	0	0	0	0	0	535,12
SR00535	31/5/2026	R	1,79181E+12	PROFERMACO CIA,LTDA,	J	17	1	55				1,001E+12	1048,12	1034,45	29/4/2026	18/6/2026	18/6/2026	50	50	0	0	0	1034,45	0	0	0	0	0	0	0	0	0	0	0	1048,12
SR00535	31/5/2026	R	1,79181E+12	PROFERMACO CIA,LTDA,	J	17	1	55				1,001E+12	449,37	443,51	19/5/2026	8/7/2026	8/7/2026	50	50	0	0	0	0	443,51	0	0	0	0	0	0	0	0	0	0	449,37
SR00535	31/5/2026	R	1,79181E+12	PROFERMACO CIA,LTDA,	J	17	1	55				1,001E+12	3450,64	3189,96	16/4/2026	5/6/2026	5/6/2026	50	50	0	0	0	3189,96	0	0	0	0	0	0	0	0	0	0	0	3450,64
SR00535	31/5/2026	R	1,79181E+12	PROFERMACO CIA,LTDA,	J	17	1	55				1,001E+12	807,58	797,05	8/5/2026	27/6/2026	27/6/2026	50	50	0	0	0	797,05	0	0	0	0	0	0	0	0	0	0	0	807,58
SR00535	31/5/2026	R	1,79181E+12	PROFERMACO CIA,LTDA,	J	17	1	55				1,001E+12	990,43	977,51	29/5/2026	18/7/2026	18/7/2026	50	50	0	0	0	0	977,51	0	0	0	0	0	0	0	0	0	0	990,43
SR00535	31/5/2026	R	1,79181E+12	PROFERMACO CIA,LTDA,	J	17	1	55				1,001E+12	14607,06	14416,53	23/4/2026	12/6/2026	12/6/2026	50	50	0	0	0	14416,53	0	0	0	0	0	0	0	0	0	0	0	14607,06
SR00535	31/5/2026	R	1,79181E+12	PROFERMACO CIA,LTDA,	J	17	1	55				1,001E+12	6871,54	6658,99	17/4/2026	6/6/2026	6/6/2026	50	50	0	0	0	6658,99	0	0	0	0	0	0	0	0	0	0	0	6871,54
SR00535	31/5/2026	R	1,79181E+12	PROFERMACO CIA,LTDA,	J	17	1	55				1,001E+12	331,45	327,13	13/5/2026	2/7/2026	2/7/2026	50	50	0	0	0	0	327,13	0	0	0	0	0	0	0	0	0	0	331,45
SR00535	31/5/2026	R	1,79181E+12	PROFERMACO CIA,LTDA,	J	17	1	55				1,001E+12	9908,31	9779,07	24/4/2026	13/6/2026	13/6/2026	50	50	0	0	0	9779,07	0	0	0	0	0	0	0	0	0	0	0	9908,31
SR00535	31/5/2026	R	1,79181E+12	PROFERMACO CIA,LTDA,	J	17	1	55				1,001E+12	6786,47	6592,59	17/4/2026	6/6/2026	6/6/2026	50	50	0	0	0	6592,59	0	0	0	0	0	0	0	0	0	0	0	6786,47
SR00535	31/5/2026	R	1,79181E+12	PROFERMACO CIA,LTDA,	J	17	1	55				1,001E+12	7010,87	6919,42	6/5/2026	25/6/2026	25/6/2026	50	50	0	0	0	6919,42	0	0	0	0	0	0	0	0	0	0	0	7010,87
SR00535	31/5/2026	R	1,79181E+12	PROFERMACO CIA,LTDA,	J	17	1	55				1,001E+12	2304,82	2259,79	13/5/2026	2/7/2026	2/7/2026	50	50	0	0	0	0	2259,79	0	0	0	0	0	0	0	0	0	0	2304,82
SR00535	31/5/2026	R	1,79181E+12	PROFERMACO CIA,LTDA,	J	17	1	55				1,001E+12	18202,69	48,62	24/2/2026	15/4/2026	15/4/2026	50	50	46	48,62	0	0	0	0	0	0	0	48,62	0	0	0	0	0	18202,69
SR00535	31/5/2026	R	1,79181E+12	PROFERMACO CIA,LTDA,	J	17	1	55				1,001E+12	4781,26	4718,9	19/5/2026	8/7/2026	8/7/2026	50	50	0	0	0	0	4718,9	0	0	0	0	0	0	0	0	0	0	4781,26
SR00535	31/5/2026	R	1,79181E+12	PROFERMACO CIA,LTDA,	J	17	1	55				1,001E+12	1506,75	1487,1	11/5/2026	30/6/2026	30/6/2026	50	50	0	0	0	1487,1	0	0	0	0	0	0	0	0	0	0	0	1506,75
SR00535	31/5/2026	R	1,79181E+12	PROFERMACO CIA,LTDA,	J	17	1	55				1,001E+12	2137,78	2109,9	11/5/2026	30/6/2026	30/6/2026	50	50	0	0	0	2109,9	0	0	0	0	0	0	0	0	0	0	0	2137,78
SR00535	31/5/2026	R	1,79181E+12	PROFERMACO CIA,LTDA,	J	17	1	55				1,001E+12	1244,16	1227,93	27/5/2026	16/7/2026	16/7/2026	50	50	0	0	0	0	1227,93	0	0	0	0	0	0	0	0	0	0	1244,16
SR00535	31/5/2026	R	1,79181E+12	PROFERMACO CIA,LTDA,	J	17	1	55				1,001E+12	201,32	198,69	23/4/2026	12/6/2026	12/6/2026	50	50	0	0	0	198,69	0	0	0	0	0	0	0	0	0	0	0	201,32
SR00535	31/5/2026	R	1,79181E+12	PROFERMACO CIA,LTDA,	J	17	1	55				1,001E+12	1767,63	1744,57	19/5/2026	8/7/2026	8/7/2026	50	50	0	0	0	0	1744,57	0	0	0	0	0	0	0	0	0	0	1767,63
SR00535	31/5/2026	R	1,79181E+12	PROFERMACO CIA,LTDA,	J	17	1	55				1,001E+12	1272,95	1256,35	6/5/2026	25/6/2026	25/6/2026	50	50	0	0	0	1256,35	0	0	0	0	0	0	0	0	0	0	0	1272,95
SR00535	31/5/2026	R	1,79181E+12	PROFERMACO CIA,LTDA,	J	17	1	55				1,001E+12	914,94	903,01	28/4/2026	17/6/2026	17/6/2026	50	50	0	0	0	903,01	0	0	0	0	0	0	0	0	0	0	0	914,94
SR00535	31/5/2026	R	1,79181E+12	PROFERMACO CIA,LTDA,	J	17	1	55				1,001E+12	1332,05	1314,67	7/5/2026	26/6/2026	26/6/2026	50	50	0	0	0	1314,67	0	0	0	0	0	0	0	0	0	0	0	1332,05
SR00535	31/5/2026	R	1,79181E+12	PROFERMACO CIA,LTDA,	J	17	1	55				1,001E+12	4611,82	4551,67	4/5/2026	23/6/2026	23/6/2026	50	50	0	0	0	4551,67	0	0	0	0	0	0	0	0	0	0	0	4611,82
SR00535	31/5/2026	R	1,79181E+12	PROFERMACO CIA,LTDA,	J	17	1	55				1,001E+12	21518,49	21237,81	23/4/2026	12/6/2026	12/6/2026	50	50	0	0	0	21237,81	0	0	0	0	0	0	0	0	0	0	0	21518,49
SR00535	31/5/2026	R	1,79181E+12	PROFERMACO CIA,LTDA,	J	17	1	55				1,001E+12	5941,75	5767,66	20/4/2026	9/6/2026	9/6/2026	50	50	0	0	0	5767,66	0	0	0	0	0	0	0	0	0	0	0	5941,75
SR00535	31/5/2026	R	1,79181E+12	PROFERMACO CIA,LTDA,	J	17	1	55				1,001E+12	1772,64	1645,25	25/5/2026	14/7/2026	14/7/2026	50	50	0	0	0	0	1645,25	0	0	0	0	0	0	0	0	0	0	1772,64
SR00535	31/5/2026	R	1,79181E+12	PROFERMACO CIA,LTDA,	J	17	1	55				1,001E+12	20568,54	293,13	8/1/2026	27/2/2026	27/2/2026	50	50	93	293,13	0	0	0	0	0	0	0	0	293,13	0	0	0	0	20568,54
SR00535	31/5/2026	R	1,79181E+12	PROFERMACO CIA,LTDA,	J	17	1	55				1,001E+12	326,73	322,47	4/5/2026	23/6/2026	23/6/2026	50	50	0	0	0	322,47	0	0	0	0	0	0	0	0	0	0	0	326,73
SR00535	31/5/2026	R	1,79181E+12	PROFERMACO CIA,LTDA,	J	17	1	55				1,001E+12	1506,75	1487,1	25/5/2026	14/7/2026	14/7/2026	50	50	0	0	0	0	1487,1	0	0	0	0	0	0	0	0	0	0	1506,75
SR00535	31/5/2026	R	1,79181E+12	PROFERMACO CIA,LTDA,	J	17	1	55				1,001E+12	1053,78	1040,03	21/5/2026	10/7/2026	10/7/2026	50	50	0	0	0	0	1040,03	0	0	0	0	0	0	0	0	0	0	1053,78
SR00535	31/5/2026	R	1,79181E+12	PROFERMACO CIA,LTDA,	J	17	1	55				1,001E+12	297,34	293,46	7/5/2026	26/6/2026	26/6/2026	50	50	0	0	0	293,46	0	0	0	0	0	0	0	0	0	0	0	297,34
SR00535	31/5/2026	R	1,79181E+12	PROFERMACO CIA,LTDA,	J	17	1	55				1,001E+12	7292,71	7197,59	8/5/2026	27/6/2026	27/6/2026	50	50	0	0	0	7197,59	0	0	0	0	0	0	0	0	0	0	0	7292,71
SR00535	31/5/2026	R	1,79181E+12	PROFERMACO CIA,LTDA,	J	17	1	55				1,001E+12	79,91	78,87	20/4/2026	9/6/2026	9/6/2026	50	50	0	0	0	78,87	0	0	0	0	0	0	0	0	0	0	0	79,91
SR00535	31/5/2026	R	1,79181E+12	PROFERMACO CIA,LTDA,	J	17	1	55				1,001E+12	14608,43	14417,88	23/4/2026	12/6/2026	12/6/2026	50	50	0	0	0	14417,88	0	0	0	0	0	0	0	0	0	0	0	14608,43
SR00535	31/5/2026	R	1,79181E+12	PROFERMACO CIA,LTDA,	J	17	1	55				1,001E+12	3110,41	3069,84	6/5/2026	25/6/2026	25/6/2026	50	50	0	0	0	3069,84	0	0	0	0	0	0	0	0	0	0	0	3110,41
SR00535	31/5/2026	R	1,79181E+12	PROFERMACO CIA,LTDA,	J	17	1	55				1,001E+12	4081,7	4028,46	6/5/2026	25/6/2026	25/6/2026	50	50	0	0	0	4028,46	0	0	0	0	0	0	0	0	0	0	0	4081,7
SR00535	31/5/2026	R	1,79181E+12	PROFERMACO CIA,LTDA,	J	17	1	55				1,001E+12	295,73	291,87	19/5/2026	8/7/2026	8/7/2026	50	50	0	0	0	0	291,87	0	0	0	0	0	0	0	0	0	0	295,73
SR00535	31/5/2026	R	1,89178E+12	PROHICO & CIA	J	18	1	52				1,001E+12	2514,89	2514,89	6/5/2026	15/6/2026	15/6/2026	40	40	0	0	0	2514,89	0	0	0	0	0	0	0	0	0	0	0	2514,89
SR00535	31/5/2026	R	1,89178E+12	PROHICO & CIA	J	18	1	52				1,001E+12	443,16	443,16	25/5/2026	4/7/2026	4/7/2026	40	40	0	0	0	0	443,16	0	0	0	0	0	0	0	0	0	0	443,16
SR00535	31/5/2026	R	1,89178E+12	PROHICO & CIA	J	18	1	52				1,001E+12	1057,3	1057,3	21/5/2026	30/6/2026	30/6/2026	40	40	0	0	0	1057,3	0	0	0	0	0	0	0	0	0	0	0	1057,3
SR00535	31/5/2026	R	1,89178E+12	PROHICO & CIA	J	18	1	52				1,001E+12	410,07	410,07	13/4/2026	23/5/2026	23/5/2026	40	40	8	410,07	0	0	0	0	0	0	410,07	0	0	0	0	0	0	410,07
SR00535	31/5/2026	R	1,89178E+12	PROHICO & CIA	J	18	1	52				1,001E+12	8911,74	8911,74	5/5/2026	14/6/2026	14/6/2026	40	40	0	0	0	8911,74	0	0	0	0	0	0	0	0	0	0	0	8911,74
SR00535	31/5/2026	R	1,89178E+12	PROHICO & CIA	J	18	1	52				1,001E+12	2644,55	2644,55	11/5/2026	20/6/2026	20/6/2026	40	40	0	0	0	2644,55	0	0	0	0	0	0	0	0	0	0	0	2644,55
SR00535	31/5/2026	R	1,89178E+12	PROHICO & CIA	J	18	1	52				1,001E+12	383,63	383,63	6/5/2026	15/6/2026	15/6/2026	40	40	0	0	0	383,63	0	0	0	0	0	0	0	0	0	0	0	383,63
SR00535	31/5/2026	R	1,89178E+12	PROHICO & CIA	J	18	1	52				1,001E+12	5944,7	5944,7	17/4/2026	27/5/2026	27/5/2026	40	40	4	5944,7	0	0	0	0	0	0	5944,7	0	0	0	0	0	0	5944,7
SR00535	31/5/2026	R	1,89178E+12	PROHICO & CIA	J	18	1	52				1,001E+12	3886,74	2332,45	27/3/2026	6/5/2026	6/5/2026	40	40	25	2332,45	0	0	0	0	0	0	2332,45	0	0	0	0	0	0	3886,74
SR00535	31/5/2026	R	1,89178E+12	PROHICO & CIA	J	18	1	52				1,001E+12	503,29	503,29	3/5/2026	12/6/2026	12/6/2026	40	40	0	0	0	503,29	0	0	0	0	0	0	0	0	0	0	0	503,29
SR00535	31/5/2026	R	1,89178E+12	PROHICO & CIA	J	18	1	52				1,001E+12	886,33	886,33	25/5/2026	4/7/2026	4/7/2026	40	40	0	0	0	0	886,33	0	0	0	0	0	0	0	0	0	0	886,33
SR00535	31/5/2026	R	1,89178E+12	PROHICO & CIA	J	18	1	52				1,001E+12	3521,5	3503,17	28/5/2026	7/7/2026	7/7/2026	40	40	0	0	0	0	3503,17	0	0	0	0	0	0	0	0	0	0	3521,5
SR00535	31/5/2026	R	1,79288E+12	PROMACONS COMPANIA CUENTAS	J	12	7	50				2,001E+12	2658,71	1329,35	23/4/2026	2/6/2026	2/6/2026	40	40	0	0	0	1329,35	0	0	0	0	0	0	0	0	0	0	0	2658,71
SR00535	31/5/2026	R	1,79288E+12	PROMACONS COMPANIA CUENTAS	J	12	7	50				2,001E+12	257,63	257,63	29/4/2026	8/6/2026	8/6/2026	40	40	0	0	0	257,63	0	0	0	0	0	0	0	0	0	0	0	257,63
SR00535	31/5/2026	R	1,79288E+12	PROMACONS COMPANIA CUENTAS	J	12	7	50				2,001E+12	206,1	206,1	29/4/2026	8/6/2026	8/6/2026	40	40	0	0	0	206,1	0	0	0	0	0	0	0	0	0	0	0	206,1
SR00535	31/5/2026	R	1,79288E+12	PROMACONS COMPANIA CUENTAS	J	12	7	50				2,001E+12	309,17	309,17	7/5/2026	16/6/2026	16/6/2026	40	40	0	0	0	309,17	0	0	0	0	0	0	0	0	0	0	0	309,17
SR00535	31/5/2026	R	1,29179E+12	PROMACONS S,C	J	12	13	50				2,001E+12	595,21	595,21	20/5/2026	29/6/2026	29/6/2026	40	40	0	0	0	595,21	0	0	0	0	0	0	0	0	0	0	0	595,21
SR00535	31/5/2026	R	1,29179E+12	PROMACONSTRUCTION S,A,S,	J	24	2	50				2,001E+12	1015,73	946,88	11/5/2026	20/6/2026	20/6/2026	40	40	0	0	0	946,88	0	0	0	0	0	0	0	0	0	0	0	1015,73
SR00535	31/5/2026	R	1,29179E+12	PROMACONSTRUCTION S,A,S,	J	24	2	50				2,001E+12	2469,64	1193,66	29/4/2026	8/6/2026	8/6/2026	40	40	0	0	0	1193,66	0	0	0	0	0	0	0	0	0	0	0	2469,64
SR00535	31/5/2026	R	1,29179E+12	PROMACONSTRUCTION S,A,S,	J	24	2	50				2,001E+12	1484,14	1381,79	21/5/2026	30/6/2026	30/6/2026	40	40	0	0	0	1381,79	0	0	0	0	0	0	0	0	0	0	0	1484,14
SR00535	31/5/2026	R	1,29179E+12	PROMACONSTRUCTION S,A,S,	J	24	2	50				2,001E+12	2811,55	2620,97	7/5/2026	16/6/2026	16/6/2026	40	40	0	0	0	2620,97	0	0	0	0	0	0	0	0	0	0	0	2811,55
SR00535	31/5/2026	R	1,29179E+12	PROMACONSTRUCTION S,A,S,	J	24	2	50				2,001E+12	2248,87	2093,78	20/5/2026	29/6/2026	29/6/2026	40	40	0	0	0	2093,78	0	0	0	0	0	0	0	0	0	0	0	2248,87
SR00535	31/5/2026	R	1,29179E+12	PROMACONSTRUCTION S,A,S,	J	24	2	50				2,001E+12	1396,78	1302,09	11/5/2026	20/6/2026	20/6/2026	40	40	0	0	0	1302,09	0	0	0	0	0	0	0	0	0	0	0	1396,78
SR00535	31/5/2026	R	6,91785E+11	PROVEEDORA DE ACEROS PROACEROS S,A	J	6	1	55				1,001E+12	3364,83	3364,83	22/4/2026	1/6/2026	1/6/2026	40	40	0	0	0	3364,83	0	0	0	0	0	0	0	0	0	0	0	3364,83
SR00535	31/5/2026	R	6,91785E+11	PROVEEDORA DE ACEROS PROACEROS S,A	J	6	1	55				1,001E+12	1137,18	1137,18	22/4/2026	1/6/2026	1/6/2026	40	40	0	0	0	1137,18	0	0	0	0	0	0	0	0	0	0	0	1137,18
SR00535	31/5/2026	R	1,79228E+12	PUERTACERO FACTORY INDUSTRIAL	J	17	1	11				1,001E+12	3226,5	3226,5	12/5/2026	11/6/2026	11/6/2026	30	30	0	0	0	3226,5	0	0	0	0	0	0	0	0	0	0	0	3226,5
SR00535	31/5/2026	R	1,79228E+12	PUERTACERO FACTORY INDUSTRIAL	J	17	1	11				1,001E+12	2623,1	2623,1	4/5/2026	3/6/2026	3/6/2026	30	30	0	0	0	2623,1	0	0	0	0	0	0	0	0	0	0	0	2623,1
SR00535	31/5/2026	R	1,79228E+12	PUERTACERO FACTORY INDUSTRIAL	J	17	1	11				1,001E+12	1249,76	1249,76	14/5/2026	13/6/2026	13/6/2026	30	30	0	0	0	1249,76	0	0	0	0	0	0	0	0	0	0	0	1249,76
SR00535	31/5/2026	R	1,79228E+12	PUERTACERO FACTORY INDUSTRIAL	J	17	1	11				1,001E+12	2285,11	2285,11	18/5/2026	17/6/2026	17/6/2026	30	30	0	0	0	2285,11	0	0	0	0	0	0	0	0	0	0	0	2285,11
SR00535	31/5/2026	R	1,79228E+12	PUERTACERO FACTORY INDUSTRIAL	J	17	1	11				1,001E+12	847,17	847,17	19/5/2026	18/6/2026	18/6/2026	30	30	0	0	0	847,17	0	0	0	0	0	0	0	0	0	0	0	847,17
SR00535	31/5/2026	R	1,79228E+12	PUERTACERO FACTORY INDUSTRIAL	J	17	1	11				1,001E+12	9531,91	9531,91	20/5/2026	19/6/2026	19/6/2026	30	30	0	0	0	9531,91	0	0	0	0	0	0	0	0	0	0	0	9531,91
SR00535	31/5/2026	R	1,79259E+12	QALTROM S,A	J	17	1	50				1,001E+12	1839,08	1839,08	15/5/2026	14/6/2026	14/6/2026	30	30	0	0	0	1839,08	0	0	0	0	0	0	0	0	0	0	0	1839,08
SR00535	31/5/2026	C	1900473404	QUEZADA CARCHI RENE DAVID	N	19	5	50	M	C	I	3,001E+12	2118,39	1970,83	7/5/2026	16/6/2026	16/6/2026	40	40	0	0	0	1970,83	0	0	0	0	0	0	0	0	0	0	0	2118,39
SR00535	31/5/2026	C	1900473404	QUEZADA CARCHI RENE DAVID	N	19	5	50	M	C	I	3,001E+12	6018,17	106,48	19/3/2026	28/4/2026	28/4/2026	40	40	33	106,48	0	0	0	0	0	0	0	106,48	0	0	0	0	0	6018,17
SR00535	31/5/2026	C	1900473404	QUEZADA CARCHI RENE DAVID	N	19	5	50	M	C	I	3,001E+12	6568,11	5579,74	27/4/2026	6/6/2026	6/6/2026	40	40	0	0	0	5579,74	0	0	0	0	0	0	0	0	0	0	0	6568,11
SR00535	31/5/2026	C	1900473404	QUEZADA CARCHI RENE DAVID	N	19	5	50	M	C	I	3,001E+12	933,82	921,64	18/5/2026	27/6/2026	27/6/2026	40	40	0	0	0	921,64	0	0	0	0	0	0	0	0	0	0	0	933,82
SR00535	31/5/2026	C	1900473404	QUEZADA CARCHI RENE DAVID	N	19	5	50	M	C	I	3,001E+12	11531,5	262,08	14/3/2026	23/4/2026	23/4/2026	40	40	38	262,08	0	0	0	0	0	0	0	262,08	0	0	0	0	0	11531,5
SR00535	31/5/2026	C	1900473404	QUEZADA CARCHI RENE DAVID	N	19	5	50	M	C	I	3,001E+12	6249,36	5415,36	20/5/2026	29/6/2026	29/6/2026	40	40	0	0	0	5415,36	0	0	0	0	0	0	0	0	0	0	0	6249,36
SR00535	31/5/2026	C	1900473404	QUEZADA CARCHI RENE DAVID	N	19	5	50	M	C	I	3,001E+12	1731,76	39,36	17/3/2026	26/4/2026	26/4/2026	40	40	35	39,36	0	0	0	0	0	0	0	39,36	0	0	0	0	0	1731,76
SR00535	31/5/2026	C	1900473404	QUEZADA CARCHI RENE DAVID	N	19	5	50	M	C	I	3,001E+12	717,9	638,9	12/5/2026	21/6/2026	21/6/2026	40	40	0	0	0	638,9	0	0	0	0	0	0	0	0	0	0	0	717,9
SR00535	31/5/2026	C	1900473404	QUEZADA CARCHI RENE DAVID	N	19	5	50	M	C	I	3,001E+12	5132,63	112,72	13/3/2026	22/4/2026	22/4/2026	40	40	39	112,72	0	0	0	0	0	0	0	112,72	0	0	0	0	0	5132,63
SR00535	31/5/2026	C	1102847793	QUINONEZ SAAVEDRA MORELIA ALEXANDRA	N	11	2	50	F	C	I	3,001E+12	909,22	825,91	28/5/2026	7/6/2026	7/6/2026	10	10	0	0	0	825,91	0	0	0	0	0	0	0	0	0	0	0	909,22
SR00535	31/5/2026	R	1,7179E+12	QUIROZ VALENCIA LUIS JAVIER	N	17	9	50	M	C	I	1,001E+12	590,55	590,55	27/5/2026	11/7/2026	11/7/2026	45	45	0	0	0	0	590,55	0	0	0	0	0	0	0	0	0	0	590,55
SR00535	31/5/2026	C	101878064	QUITUISACA LOZADA JOSE ADOLFO	N	1	7	50	M	C	I	3,001E+12	2194,8	2092,71	23/4/2026	2/6/2026	2/6/2026	40	40	0	0	0	2092,71	0	0	0	0	0	0	0	0	0	0	0	2194,8
SR00535	31/5/2026	C	101878064	QUITUISACA LOZADA JOSE ADOLFO	N	1	7	50	M	C	I	3,001E+12	1153,19	1099,55	5/5/2026	14/6/2026	14/6/2026	40	40	0	0	0	1099,55	0	0	0	0	0	0	0	0	0	0	0	1153,19
SR00535	31/5/2026	C	101878064	QUITUISACA LOZADA JOSE ADOLFO	N	1	7	50	M	C	I	3,001E+12	1153,19	1099,55	14/5/2026	23/6/2026	23/6/2026	40	40	0	0	0	1099,55	0	0	0	0	0	0	0	0	0	0	0	1153,19
SR00535	31/5/2026	C	101878064	QUITUISACA LOZADA JOSE ADOLFO	N	1	7	50	M	C	I	3,001E+12	2798,8	2601,16	14/5/2026	23/6/2026	23/6/2026	40	40	0	0	0	2601,16	0	0	0	0	0	0	0	0	0	0	0	2798,8
SR00535	31/5/2026	R	1,04362E+11	QUITUIZACA TORRES KLEVER RAMIRO	N	1	3	50	M	C	I	3,001E+12	2402,3	2106,93	21/5/2026	30/6/2026	30/6/2026	40	40	0	0	0	2106,93	0	0	0	0	0	0	0	0	0	0	0	2402,3
SR00535	31/5/2026	R	1,04362E+11	QUITUIZACA TORRES KLEVER RAMIRO	N	1	3	50	M	C	I	3,001E+12	3280,57	3280,57	13/5/2026	22/6/2026	22/6/2026	40	40	0	0	0	3280,57	0	0	0	0	0	0	0	0	0	0	0	3280,57
SR00535	31/5/2026	R	1,04362E+11	QUITUIZACA TORRES KLEVER RAMIRO	N	1	3	50	M	C	I	3,001E+12	430,18	377,87	19/5/2026	28/6/2026	28/6/2026	40	40	0	0	0	377,87	0	0	0	0	0	0	0	0	0	0	0	430,18
SR00535	31/5/2026	R	1,04362E+11	QUITUIZACA TORRES KLEVER RAMIRO	N	1	3	50	M	C	I	3,001E+12	1301,65	1197,72	12/5/2026	21/6/2026	21/6/2026	40	40	0	0	0	1197,72	0	0	0	0	0	0	0	0	0	0	0	1301,65
SR00535	31/5/2026	R	1,04362E+11	QUITUIZACA TORRES KLEVER RAMIRO	N	1	3	50	M	C	I	3,001E+12	3490,71	3061,52	27/5/2026	6/7/2026	6/7/2026	40	40	0	0	0	0	3061,52	0	0	0	0	0	0	0	0	0	0	3490,71
SR00535	31/5/2026	R	1,04362E+11	QUITUIZACA TORRES KLEVER RAMIRO	N	1	3	50	M	C	I	3,001E+12	5314,85	4960,57	8/5/2026	17/6/2026	17/6/2026	40	40	0	0	0	4960,57	0	0	0	0	0	0	0	0	0	0	0	5314,85
SR00535	31/5/2026	R	1,04362E+11	QUITUIZACA TORRES KLEVER RAMIRO	N	1	3	50	M	C	I	3,001E+12	1908,89	1676,73	13/5/2026	22/6/2026	22/6/2026	40	40	0	0	0	1676,73	0	0	0	0	0	0	0	0	0	0	0	1908,89
SR00535	31/5/2026	R	1,04362E+11	QUITUIZACA TORRES KLEVER RAMIRO	N	1	3	50	M	C	I	3,001E+12	3490,71	3032,94	29/5/2026	8/7/2026	8/7/2026	40	40	0	0	0	0	3032,94	0	0	0	0	0	0	0	0	0	0	3490,71
SR00535	31/5/2026	R	1,04362E+11	QUITUIZACA TORRES KLEVER RAMIRO	N	1	3	50	M	C	I	3,001E+12	733,68	654,36	8/5/2026	17/6/2026	17/6/2026	40	40	0	0	0	654,36	0	0	0	0	0	0	0	0	0	0	0	733,68
SR00535	31/5/2026	R	1,02268E+11	RAUL VICENTE SINCHI RODRIGUEZ	N	1	1	67	M	C	I	3,001E+12	508,58	508,58	15/4/2026	25/5/2026	25/5/2026	40	40	6	508,58	0	0	0	0	0	0	508,58	0	0	0	0	0	0	508,58
SR00535	31/5/2026	R	1,02268E+11	RAUL VICENTE SINCHI RODRIGUEZ	N	1	1	67	M	C	I	3,001E+12	944,7	944,7	16/4/2026	26/5/2026	26/5/2026	40	40	5	944,7	0	0	0	0	0	0	944,7	0	0	0	0	0	0	944,7
SR00535	31/5/2026	R	1,02268E+11	RAUL VICENTE SINCHI RODRIGUEZ	N	1	1	67	M	C	I	3,001E+12	171,1	171,08	25/3/2026	4/5/2026	4/5/2026	40	40	27	171,08	0	0	0	0	0	0	171,08	0	0	0	0	0	0	171,1
SR00535	31/5/2026	C	1002024402	RECALDE ANDRADE EDISON ARTURO	N	17	1	50	M	C	I	1,001E+12	11755,88	11602,54	26/5/2026	10/7/2026	10/7/2026	45	45	0	0	0	0	11602,54	0	0	0	0	0	0	0	0	0	0	11755,88
SR00535	31/5/2026	C	1002024402	RECALDE ANDRADE EDISON ARTURO	N	17	1	50	M	C	I	1,001E+12	2410,89	2379,44	11/5/2026	25/6/2026	25/6/2026	45	45	0	0	0	2379,44	0	0	0	0	0	0	0	0	0	0	0	2410,89
SR00535	31/5/2026	C	1002024402	RECALDE ANDRADE EDISON ARTURO	N	17	1	50	M	C	I	1,001E+12	751,41	741,61	20/4/2026	4/6/2026	4/6/2026	45	45	0	0	0	741,61	0	0	0	0	0	0	0	0	0	0	0	751,41
SR00535	31/5/2026	C	1002024402	RECALDE ANDRADE EDISON ARTURO	N	17	1	50	M	C	I	1,001E+12	2126,47	2098,73	27/4/2026	11/6/2026	11/6/2026	45	45	0	0	0	2098,73	0	0	0	0	0	0	0	0	0	0	0	2126,47
SR00535	31/5/2026	C	1002024402	RECALDE ANDRADE EDISON ARTURO	N	17	1	50	M	C	I	1,001E+12	18468,46	18227,57	20/4/2026	4/6/2026	4/6/2026	45	45	0	0	0	18227,57	0	0	0	0	0	0	0	0	0	0	0	18468,46
SR00535	31/5/2026	C	1002024402	RECALDE ANDRADE EDISON ARTURO	N	17	1	50	M	C	I	1,001E+12	2585,66	2551,93	15/5/2026	29/6/2026	29/6/2026	45	45	0	0	0	2551,93	0	0	0	0	0	0	0	0	0	0	0	2585,66
SR00535	31/5/2026	C	1002024402	RECALDE ANDRADE EDISON ARTURO	N	17	1	50	M	C	I	1,001E+12	10445,7	10309,45	26/5/2026	10/7/2026	10/7/2026	45	45	0	0	0	0	10309,45	0	0	0	0	0	0	0	0	0	0	10445,7
SR00535	31/5/2026	C	1002024402	RECALDE ANDRADE EDISON ARTURO	N	17	1	50	M	C	I	1,001E+12	7339,59	7243,86	15/5/2026	29/6/2026	29/6/2026	45	45	0	0	0	7243,86	0	0	0	0	0	0	0	0	0	0	0	7339,59
SR00535	31/5/2026	R	1,71538E+12	REINO CALI MARIO ROBERTO	N	17	1	55	M	C	I	PROVISION F028 259	613,27	613,27	30/11/2025	22/6/2025	22/6/2025	45	45	343	613,27	0	0	0	0	0	0	0	0	0	613,27	0	613,27	0	613,27
SR00535	31/5/2026	R	1,71538E+12	REINO CALI MARIO ROBERTO	N	17	1	55	M	C	I	1,001E+12	2049,89	55,2	18/6/2025	28/7/2025	28/7/2025	40	40	307	55,2	0	0	0	0	0	0	0	0	0	55,2	0	0	0	2049,89
SR00535	31/5/2026	R	7,91752E+11	REIPROACERO S,A,	J	7	4	50				3,001E+12	3343,36	3343,36	29/5/2026	8/7/2026	8/7/2026	40	40	0	0	0	0	3343,36	0	0	0	0	0	0	0	0	0	0	3343,36
SR00535	31/5/2026	R	1,79229E+12	RINOLPAVIMENTA ECUADOR S,A,	J	17	1	12				2,001E+12	2702,58	2667,33	31/3/2026	29/6/2026	29/6/2026	90	90	0	0	0	2667,33	0	0	0	0	0	0	0	0	0	0	0	2702,58
SR00535	31/5/2026	R	1,79229E+12	RINOLPAVIMENTA ECUADOR S,A,	J	17	1	12				2,001E+12	13619,15	13441,52	24/4/2026	23/7/2026	23/7/2026	90	90	0	0	0	0	13441,52	0	0	0	0	0	0	0	0	0	0	13619,15
SR00535	31/5/2026	R	1,79229E+12	RINOLPAVIMENTA ECUADOR S,A,	J	17	1	12				3,001E+12	4400,88	4343,46	14/5/2026	12/8/2026	12/8/2026	90	90	0	0	0	0	4343,46	0	0	0	0	0	0	0	0	0	0	4400,88
SR00535	31/5/2026	R	1,79229E+12	RINOLPAVIMENTA ECUADOR S,A,	J	17	1	12				3,001E+12	673,58	664,79	26/5/2026	24/8/2026	24/8/2026	90	90	0	0	0	0	664,79	0	0	0	0	0	0	0	0	0	0	673,58
SR00535	31/5/2026	C	601130966	RIVERA GUEVARA LEONIDAS OSWALDO	N	9	1	50	M	C	I	2,001E+12	705,56	705,56	29/5/2026	28/6/2026	28/6/2026	30	30	0	0	0	705,56	0	0	0	0	0	0	0	0	0	0	0	705,56
SR00535	31/5/2026	C	601130966	RIVERA GUEVARA LEONIDAS OSWALDO	N	9	1	50	M	C	I	2,001E+12	2824	2824	21/5/2026	20/6/2026	20/6/2026	30	30	0	0	0	2824	0	0	0	0	0	0	0	0	0	0	0	2824
SR00535	31/5/2026	C	601130966	RIVERA GUEVARA LEONIDAS OSWALDO	N	9	1	50	M	C	I	2,001E+12	779,79	779,79	14/5/2026	13/6/2026	13/6/2026	30	30	0	0	0	779,79	0	0	0	0	0	0	0	0	0	0	0	779,79
SR00535	31/5/2026	C	601130966	RIVERA GUEVARA LEONIDAS OSWALDO	N	9	1	50	M	C	I	2,001E+12	2116,68	2116,68	5/5/2026	4/6/2026	4/6/2026	30	30	0	0	0	2116,68	0	0	0	0	0	0	0	0	0	0	0	2116,68
SR00535	31/5/2026	C	601130966	RIVERA GUEVARA LEONIDAS OSWALDO	N	9	1	50	M	C	I	2,001E+12	937,25	937,25	14/5/2026	13/6/2026	13/6/2026	30	30	0	0	0	937,25	0	0	0	0	0	0	0	0	0	0	0	937,25
SR00535	31/5/2026	C	601130966	RIVERA GUEVARA LEONIDAS OSWALDO	N	9	1	50	M	C	I	2,001E+12	1414,64	1414,64	4/5/2026	3/6/2026	3/6/2026	30	30	0	0	0	1414,64	0	0	0	0	0	0	0	0	0	0	0	1414,64
SR00535	31/5/2026	C	601130966	RIVERA GUEVARA LEONIDAS OSWALDO	N	9	1	50	M	C	I	2,001E+12	2820,48	2820,48	18/5/2026	17/6/2026	17/6/2026	30	30	0	0	0	2820,48	0	0	0	0	0	0	0	0	0	0	0	2820,48
SR00535	31/5/2026	R	1,40031E+12	RIVERA OTACOMA BLANCA MARLENE	N	16	1	50	F	C	I	1,001E+12	2316,18	2316,18	21/5/2026	30/6/2026	30/6/2026	40	40	0	0	0	2316,18	0	0	0	0	0	0	0	0	0	0	0	2316,18
SR00535	31/5/2026	R	1,40031E+12	RIVERA OTACOMA BLANCA MARLENE	N	16	1	50	F	C	I	1,001E+12	110,58	110,58	21/5/2026	30/6/2026	30/6/2026	40	40	0	0	0	110,58	0	0	0	0	0	0	0	0	0	0	0	110,58
SR00535	31/5/2026	R	9,92672E+11	ROADCORP SA	J	9	1	50				2,001E+12	1543,99	1543,99	20/4/2026	20/5/2026	20/5/2026	30	30	11	1543,99	0	0	0	0	0	0	1543,99	0	0	0	0	0	0	1543,99
SR00535	31/5/2026	R	3,01852E+11	RODRIGUEZ MENESES RAQUEL ANDREA	N	3	1	2	F	C	I	3,001E+12	486,27	473,13	29/5/2026	8/7/2026	8/7/2026	40	40	0	0	0	0	473,13	0	0	0	0	0	0	0	0	0	0	486,27
SR00535	31/5/2026	R	3,01852E+11	RODRIGUEZ MENESES RAQUEL ANDREA	N	3	1	2	F	C	I	3,001E+12	786,08	701,11	28/4/2026	7/6/2026	7/6/2026	40	40	0	0	0	701,11	0	0	0	0	0	0	0	0	0	0	0	786,08
SR00535	31/5/2026	R	3,01852E+11	RODRIGUEZ MENESES RAQUEL ANDREA	N	3	1	2	F	C	I	3,001E+12	1834,19	1635,92	13/5/2026	22/6/2026	22/6/2026	40	40	0	0	0	1635,92	0	0	0	0	0	0	0	0	0	0	0	1834,19
SR00535	31/5/2026	R	3,01852E+11	RODRIGUEZ MENESES RAQUEL ANDREA	N	3	1	2	F	C	I	3,001E+12	4015,13	3769,37	27/5/2026	6/7/2026	6/7/2026	40	40	0	0	0	0	3769,37	0	0	0	0	0	0	0	0	0	0	4015,13
SR00535	31/5/2026	R	2,19E+12	ROMAN HERMANOS CIA, LTDA,	J	21	1	50				1,001E+12	10144,55	9891,98	19/4/2026	8/6/2026	8/6/2026	50	50	0	0	0	9891,98	0	0	0	0	0	0	0	0	0	0	0	10144,55
SR00535	31/5/2026	R	1,0363E+11	RUBIO CABRERA MARIA FERNANDA	N	1	1	5	F	C	I	3,001E+12	464,03	464,03	27/5/2026	26/6/2026	26/6/2026	30	30	0	0	0	464,03	0	0	0	0	0	0	0	0	0	0	0	464,03
SR00535	31/5/2026	R	1,0363E+11	RUBIO CABRERA MARIA FERNANDA	N	1	1	5	F	C	I	3,001E+12	3032,16	3032,16	20/5/2026	19/6/2026	19/6/2026	30	30	0	0	0	3032,16	0	0	0	0	0	0	0	0	0	0	0	3032,16
SR00535	31/5/2026	R	1,0363E+11	RUBIO CABRERA MARIA FERNANDA	N	1	1	5	F	C	I	3,001E+12	4237,28	4237,28	27/5/2026	26/6/2026	26/6/2026	30	30	0	0	0	4237,28	0	0	0	0	0	0	0	0	0	0	0	4237,28
SR00535	31/5/2026	R	1,0363E+11	RUBIO CABRERA MARIA FERNANDA	N	1	1	5	F	C	I	3,001E+12	3043,16	3043,16	11/5/2026	10/6/2026	10/6/2026	30	30	0	0	0	3043,16	0	0	0	0	0	0	0	0	0	0	0	3043,16
SR00535	31/5/2026	R	1,0363E+11	RUBIO CABRERA MARIA FERNANDA	N	1	1	5	F	C	I	3,001E+12	1118,31	1118,31	17/4/2026	17/5/2026	17/5/2026	30	30	14	1118,31	0	0	0	0	0	0	1118,31	0	0	0	0	0	0	1118,31
SR00535	31/5/2026	R	1,0363E+11	RUBIO CABRERA MARIA FERNANDA	N	1	1	5	F	C	I	3,001E+12	5638,25	5638,25	20/5/2026	19/6/2026	19/6/2026	30	30	0	0	0	5638,25	0	0	0	0	0	0	0	0	0	0	0	5638,25
SR00535	31/5/2026	R	1,80153E+12	SALAZAR ALDAS KLEVER ORLANDO	N	15	1	58	M	C	I	1,001E+12	1292,68	337,55	2/4/2026	12/5/2026	12/5/2026	40	40	19	337,55	0	0	0	0	0	0	337,55	0	0	0	0	0	0	1292,68
SR00535	31/5/2026	R	1,80153E+12	SALAZAR ALDAS KLEVER ORLANDO	N	15	1	58	M	C	I	1,001E+12	5000,27	4000,27	7/5/2026	16/6/2026	16/6/2026	40	40	0	0	0	4000,27	0	0	0	0	0	0	0	0	0	0	0	5000,27
SR00535	31/5/2026	R	2,0038E+11	SALAZAR ZAPATA LUIS ESTUARDO	N	18	1	55	M	D	I	1,001E+12	2662,74	2662,74	21/5/2026	30/6/2026	30/6/2026	40	40	0	0	0	2662,74	0	0	0	0	0	0	0	0	0	0	0	2662,74
SR00535	31/5/2026	R	2,0038E+11	SALAZAR ZAPATA LUIS ESTUARDO	N	18	1	55	M	D	I	1,001E+12	625,83	625,83	21/5/2026	30/6/2026	30/6/2026	40	40	0	0	0	625,83	0	0	0	0	0	0	0	0	0	0	0	625,83
SR00535	31/5/2026	C	700032014	SALINAS PORTILLO JUAN IGNACIO	N	7	6	50	M	C	I	3,001E+12	6332,04	6287,32	26/5/2026	10/7/2026	10/7/2026	45	45	0	0	0	0	6287,32	0	0	0	0	0	0	0	0	0	0	6332,04
SR00535	31/5/2026	C	700032014	SALINAS PORTILLO JUAN IGNACIO	N	7	6	50	M	C	I	3,001E+12	3387,44	3326,6	20/5/2026	4/7/2026	4/7/2026	45	45	0	0	0	0	3326,6	0	0	0	0	0	0	0	0	0	0	3387,44
SR00535	31/5/2026	R	1,061E+11	SANCHEZ COCHANCELA ROMULO EFRAIN	N	1	9	50	M	S	I	3,001E+12	1065,68	969,6	19/5/2026	28/6/2026	28/6/2026	40	40	0	0	0	969,6	0	0	0	0	0	0	0	0	0	0	0	1065,68
SR00535	31/5/2026	R	1,061E+11	SANCHEZ COCHANCELA ROMULO EFRAIN	N	1	9	50	M	S	I	3,001E+12	5458,31	5100,41	5/5/2026	14/6/2026	14/6/2026	40	40	0	0	0	5100,41	0	0	0	0	0	0	0	0	0	0	0	5458,31
SR00535	31/5/2026	R	1,061E+11	SANCHEZ COCHANCELA ROMULO EFRAIN	N	1	9	50	M	S	I	3,001E+12	2131,38	1956,69	12/5/2026	21/6/2026	21/6/2026	40	40	0	0	0	1956,69	0	0	0	0	0	0	0	0	0	0	0	2131,38
SR00535	31/5/2026	R	1,061E+11	SANCHEZ COCHANCELA ROMULO EFRAIN	N	1	9	50	M	S	I	3,001E+12	2258,05	2089,66	12/5/2026	21/6/2026	21/6/2026	40	40	0	0	0	2089,66	0	0	0	0	0	0	0	0	0	0	0	2258,05
SR00535	31/5/2026	C	102402518	SANDOVAL GONZALEZ LAUTARO	N	11	1	4	M	C	I	PROVISION-106419	1416,41	916,41	17/12/2025	16/7/2025	16/7/2025	45	45	319	916,41	0	0	0	0	0	0	0	0	0	916,41	0	916,41	0	1416,41
SR00535	31/5/2026	C	102402518	SANDOVAL GONZALEZ LAUTARO	N	11	1	4	M	C	I	3,001E+12	5197,8	609,35	26/6/2025	5/8/2025	5/8/2025	40	40	299	609,35	0	0	0	0	0	0	0	0	0	609,35	0	0	0	5197,8
SR00535	31/5/2026	C	102402518	SANDOVAL GONZALEZ LAUTARO	N	11	1	4	M	C	I	FEE COFACE	637,39	637,39	30/4/2026	30/4/2026	30/4/2026			30	637,39	0	0	0	0	0	0	637,39	0	0	0	0	0	0	637,39
SR00535	31/5/2026	R	1,10242E+12	SARANGO CORREA ENRRY NIBALDO	N	11	2	1	M	C	I	3,001E+12	7022,15	7022,15	30/5/2026	9/7/2026	9/7/2026	40	40	0	0	0	0	7022,15	0	0	0	0	0	0	0	0	0	0	7022,15
SR00535	31/5/2026	C	102540606	SARMIENTO SARMIENTO JUAN CARLOS	N	1	1	2	M	C	I	3,001E+12	1888,2	1888,2	29/5/2026	8/7/2026	8/7/2026	40	40	0	0	0	0	1888,2	0	0	0	0	0	0	0	0	0	0	1888,2
SR00535	31/5/2026	C	102540606	SARMIENTO SARMIENTO JUAN CARLOS	N	1	1	2	M	C	I	3,001E+12	264,58	264,58	22/4/2026	1/6/2026	1/6/2026	40	40	0	0	0	264,58	0	0	0	0	0	0	0	0	0	0	0	264,58
SR00535	31/5/2026	C	102540606	SARMIENTO SARMIENTO JUAN CARLOS	N	1	1	2	M	C	I	3,001E+12	750,58	750,58	19/5/2026	28/6/2026	28/6/2026	40	40	0	0	0	750,58	0	0	0	0	0	0	0	0	0	0	0	750,58
SR00535	31/5/2026	C	102540606	SARMIENTO SARMIENTO JUAN CARLOS	N	1	1	2	M	C	I	3,001E+12	1987,27	1987,27	13/5/2026	22/6/2026	22/6/2026	40	40	0	0	0	1987,27	0	0	0	0	0	0	0	0	0	0	0	1987,27
SR00535	31/5/2026	C	102540606	SARMIENTO SARMIENTO JUAN CARLOS	N	1	1	2	M	C	I	3,001E+12	1082,63	1082,63	5/5/2026	14/6/2026	14/6/2026	40	40	0	0	0	1082,63	0	0	0	0	0	0	0	0	0	0	0	1082,63
SR00535	31/5/2026	C	102540606	SARMIENTO SARMIENTO JUAN CARLOS	N	1	1	2	M	C	I	3,001E+12	161,51	161,51	11/5/2026	20/6/2026	20/6/2026	40	40	0	0	0	161,51	0	0	0	0	0	0	0	0	0	0	0	161,51
SR00535	31/5/2026	C	102540606	SARMIENTO SARMIENTO JUAN CARLOS	N	1	1	2	M	C	I	3,001E+12	413,85	413,85	5/5/2026	14/6/2026	14/6/2026	40	40	0	0	0	413,85	0	0	0	0	0	0	0	0	0	0	0	413,85
SR00535	31/5/2026	C	102540606	SARMIENTO SARMIENTO JUAN CARLOS	N	1	1	2	M	C	I	3,001E+12	473,12	473,12	29/5/2026	8/7/2026	8/7/2026	40	40	0	0	0	0	473,12	0	0	0	0	0	0	0	0	0	0	473,12
SR00535	31/5/2026	C	102540606	SARMIENTO SARMIENTO JUAN CARLOS	N	1	1	2	M	C	I	3,001E+12	1160,83	1160,83	19/5/2026	28/6/2026	28/6/2026	40	40	0	0	0	1160,83	0	0	0	0	0	0	0	0	0	0	0	1160,83
SR00535	31/5/2026	C	102540606	SARMIENTO SARMIENTO JUAN CARLOS	N	1	1	2	M	C	I	3,001E+12	500,39	500,39	13/5/2026	22/6/2026	22/6/2026	40	40	0	0	0	500,39	0	0	0	0	0	0	0	0	0	0	0	500,39
SR00535	31/5/2026	C	102540606	SARMIENTO SARMIENTO JUAN CARLOS	N	1	1	2	M	C	I	3,001E+12	233,7	233,7	28/4/2026	7/6/2026	7/6/2026	40	40	0	0	0	233,7	0	0	0	0	0	0	0	0	0	0	0	233,7
SR00535	31/5/2026	C	102540606	SARMIENTO SARMIENTO JUAN CARLOS	N	1	1	2	M	C	I	3,001E+12	1349,21	1329,83	13/5/2026	22/6/2026	22/6/2026	40	40	0	0	0	1329,83	0	0	0	0	0	0	0	0	0	0	0	1349,21
SR00535	31/5/2026	C	102540606	SARMIENTO SARMIENTO JUAN CARLOS	N	1	1	2	M	C	I	3,001E+12	2026,54	2026,54	5/5/2026	14/6/2026	14/6/2026	40	40	0	0	0	2026,54	0	0	0	0	0	0	0	0	0	0	0	2026,54
SR00535	31/5/2026	R	1,79173E+12	SEDEMI SERVICIOS DE MECANICA	J	17	5	50				1,001E+12	701,58	692,43	12/5/2026	11/6/2026	11/6/2026	30	30	0	0	0	692,43	0	0	0	0	0	0	0	0	0	0	0	701,58
SR00535	31/5/2026	R	1,79173E+12	SEDEMI SERVICIOS DE MECANICA	J	17	5	50				2,001E+12	11480,25	11330,51	17/4/2026	17/5/2026	17/5/2026	30	30	14	11330,51	0	0	0	0	0	0	11330,51	0	0	0	0	0	0	11480,25
SR00535	31/5/2026	R	1,79173E+12	SEDEMI SERVICIOS DE MECANICA	J	17	5	50				2,001E+12	900,13	888,39	20/5/2026	19/6/2026	19/6/2026	30	30	0	0	0	888,39	0	0	0	0	0	0	0	0	0	0	0	900,13
SR00535	31/5/2026	R	1,79173E+12	SEDEMI SERVICIOS DE MECANICA	J	17	5	50				1,001E+12	1787,93	1764,61	12/5/2026	11/6/2026	11/6/2026	30	30	0	0	0	1764,61	0	0	0	0	0	0	0	0	0	0	0	1787,93
SR00535	31/5/2026	R	1,79173E+12	SEDEMI SERVICIOS DE MECANICA	J	17	5	50				2,001E+12	900,13	888,39	20/5/2026	19/6/2026	19/6/2026	30	30	0	0	0	888,39	0	0	0	0	0	0	0	0	0	0	0	900,13
SR00535	31/5/2026	R	1,79263E+12	SEPISACORP CIA, LTDA,	J	17	1	50				1,001E+12	4000	4000	4/2/2019	9/11/2018	9/11/2018	45	45	2760	4000	0	0	0	0	0	0	0	0	0	0	4000	4000	0	4000
SR00535	31/5/2026	R	1,79263E+12	SEPISACORP CIA, LTDA,	J	17	1	50				2,001E+12	10000	10000	31/5/2019	9/11/2018	9/11/2018	45	45	2760	10000	0	0	0	0	0	0	0	0	0	0	10000	10000	0	10000
SR00535	31/5/2026	R	1,79263E+12	SEPISACORP CIA, LTDA,	J	17	1	50				2,001E+12	5921,48	5921,48	13/6/2019	9/11/2018	9/11/2018	45	45	2760	5921,48	0	0	0	0	0	0	0	0	0	0	5921,48	5921,48	0	5921,48
SR00535	31/5/2026	R	9,93389E+11	SERRAMAX S,A,S,	J	9	10	50				2,001E+12	715,66	438,11	21/4/2026	5/6/2026	5/6/2026	45	45	0	0	0	438,11	0	0	0	0	0	0	0	0	0	0	0	715,66
SR00535	31/5/2026	R	9,93389E+11	SERRAMAX S,A,S,	J	9	10	50				2,001E+12	909,14	909,14	24/4/2026	8/6/2026	8/6/2026	45	45	0	0	0	909,14	0	0	0	0	0	0	0	0	0	0	0	909,14
SR00535	31/5/2026	R	9,93389E+11	SERRAMAX S,A,S,	J	9	10	50				2,001E+12	217,68	217,68	20/5/2026	4/7/2026	4/7/2026	45	45	0	0	0	0	217,68	0	0	0	0	0	0	0	0	0	0	217,68
SR00535	31/5/2026	R	9,93389E+11	SERRAMAX S,A,S,	J	9	10	50				2,001E+12	4544,31	4544,31	28/4/2026	12/6/2026	12/6/2026	45	45	0	0	0	4544,31	0	0	0	0	0	0	0	0	0	0	0	4544,31
SR00535	31/5/2026	R	9,93389E+11	SERRAMAX S,A,S,	J	9	10	50				2,001E+12	7889,62	7889,62	27/4/2026	11/6/2026	11/6/2026	45	45	0	0	0	7889,62	0	0	0	0	0	0	0	0	0	0	0	7889,62
SR00535	31/5/2026	R	9,93389E+11	SERRAMAX S,A,S,	J	9	10	50				2,001E+12	2992,81	2992,81	14/5/2026	28/6/2026	28/6/2026	45	45	0	0	0	2992,81	0	0	0	0	0	0	0	0	0	0	0	2992,81
SR00535	31/5/2026	R	9,93389E+11	SERRAMAX S,A,S,	J	9	10	50				2,001E+12	1030,54	1030,54	6/5/2026	20/6/2026	20/6/2026	45	45	0	0	0	1030,54	0	0	0	0	0	0	0	0	0	0	0	1030,54
SR00535	31/5/2026	R	9,93389E+11	SERRAMAX S,A,S,	J	9	10	50				2,001E+12	1069,94	1069,94	30/4/2026	14/6/2026	14/6/2026	45	45	0	0	0	1069,94	0	0	0	0	0	0	0	0	0	0	0	1069,94
SR00535	31/5/2026	R	9,93389E+11	SERRAMAX S,A,S,	J	9	10	50				2,001E+12	1030,54	1030,54	28/4/2026	12/6/2026	12/6/2026	45	45	0	0	0	1030,54	0	0	0	0	0	0	0	0	0	0	0	1030,54
SR00535	31/5/2026	R	1,79126E+12	SERTECPET S,A,	J	22	1	50				1,001E+12	154,04	154,04	2/4/2026	1/6/2026	1/6/2026	60	60	0	0	0	154,04	0	0	0	0	0	0	0	0	0	0	0	154,04
SR00535	31/5/2026	R	1,79126E+12	SERTECPET S,A,	J	22	1	50				1,001E+12	422,43	416,92	13/5/2026	12/7/2026	12/7/2026	60	60	0	0	0	0	416,92	0	0	0	0	0	0	0	0	0	0	422,43
SR00535	31/5/2026	R	1,79126E+12	SERTECPET S,A,	J	22	1	50				1,001E+12	462,14	462,14	2/4/2026	1/6/2026	1/6/2026	60	60	0	0	0	462,14	0	0	0	0	0	0	0	0	0	0	0	462,14
SR00535	31/5/2026	R	1,79126E+12	SERTECPET S,A,	J	22	1	50				1,001E+12	475,41	469,21	13/5/2026	12/7/2026	12/7/2026	60	60	0	0	0	0	469,21	0	0	0	0	0	0	0	0	0	0	475,41
SR00535	31/5/2026	R	1,79126E+12	SERTECPET S,A,	J	22	1	50				1,001E+12	475,41	469,21	14/4/2026	13/6/2026	13/6/2026	60	60	0	0	0	469,21	0	0	0	0	0	0	0	0	0	0	0	475,41
SR00535	31/5/2026	R	1,79126E+12	SERTECPET S,A,	J	22	1	50				1,001E+12	247,57	244,34	14/5/2026	13/7/2026	13/7/2026	60	60	0	0	0	0	244,34	0	0	0	0	0	0	0	0	0	0	247,57
SR00535	31/5/2026	R	1,79126E+12	SERTECPET S,A,	J	22	1	50				1,001E+12	2475,22	2454,29	1/4/2026	31/5/2026	31/5/2026	60	60	0	0	0	2454,29	0	0	0	0	0	0	0	0	0	0	0	2475,22
SR00535	31/5/2026	R	1,79126E+12	SERTECPET S,A,	J	22	1	50				1,001E+12	1474,13	1454,9	14/4/2026	13/6/2026	13/6/2026	60	60	0	0	0	1454,9	0	0	0	0	0	0	0	0	0	0	0	1474,13
SR00535	31/5/2026	R	1,79126E+12	SERTECPET S,A,	J	22	1	50				1,001E+12	206,31	206,31	27/5/2026	26/7/2026	26/7/2026	60	60	0	0	0	0	206,31	0	0	0	0	0	0	0	0	0	0	206,31
SR00535	31/5/2026	R	1,79126E+12	SERTECPET S,A,	J	22	1	50				1,001E+12	385,11	385,11	2/4/2026	1/6/2026	1/6/2026	60	60	0	0	0	385,11	0	0	0	0	0	0	0	0	0	0	0	385,11
SR00535	31/5/2026	R	1,79126E+12	SERTECPET S,A,	J	22	1	50				1,001E+12	370,12	365,29	13/5/2026	12/7/2026	12/7/2026	60	60	0	0	0	0	365,29	0	0	0	0	0	0	0	0	0	0	370,12
SR00535	31/5/2026	R	1,90447E+11	SERVICIO DE HIERROS HEREAS & HERAS	J	1	1	14				3,001E+12	1323,22	1252,33	29/5/2026	8/7/2026	8/7/2026	40	40	0	0	0	0	1252,33	0	0	0	0	0	0	0	0	0	0	1323,22
SR00535	31/5/2026	R	1,90447E+11	SERVICIO DE HIERROS HEREAS & HERAS	J	1	1	14				3,001E+12	2264,21	2264,21	21/5/2026	30/6/2026	30/6/2026	40	40	0	0	0	2264,21	0	0	0	0	0	0	0	0	0	0	0	2264,21
SR00535	31/5/2026	R	1,90447E+11	SERVICIO DE HIERROS HEREAS & HERAS	J	1	1	14				3,001E+12	4752,1	4670,16	5/5/2026	14/6/2026	14/6/2026	40	40	0	0	0	4670,16	0	0	0	0	0	0	0	0	0	0	0	4752,1
SR00535	31/5/2026	R	1,90447E+11	SERVICIO DE HIERROS HEREAS & HERAS	J	1	1	14				3,001E+12	643,75	643,75	29/5/2026	8/7/2026	8/7/2026	40	40	0	0	0	0	643,75	0	0	0	0	0	0	0	0	0	0	643,75
SR00535	31/5/2026	R	1,90447E+11	SERVICIO DE HIERROS HEREAS & HERAS	J	1	1	14				3,001E+12	593,1	593,1	29/4/2026	8/6/2026	8/6/2026	40	40	0	0	0	593,1	0	0	0	0	0	0	0	0	0	0	0	593,1
SR00535	31/5/2026	R	1,90447E+11	SERVICIO DE HIERROS HEREAS & HERAS	J	1	1	14				3,001E+12	3494,92	3494,92	14/5/2026	23/6/2026	23/6/2026	40	40	0	0	0	3494,92	0	0	0	0	0	0	0	0	0	0	0	3494,92
SR00535	31/5/2026	R	1,90447E+11	SERVICIO DE HIERROS HEREAS & HERAS	J	1	1	14				3,001E+12	653,86	653,86	27/5/2026	6/7/2026	6/7/2026	40	40	0	0	0	0	653,86	0	0	0	0	0	0	0	0	0	0	653,86
SR00535	31/5/2026	R	1,90447E+11	SERVICIO DE HIERROS HEREAS & HERAS	J	1	1	14				3,001E+12	352,82	346,71	5/5/2026	14/6/2026	14/6/2026	40	40	0	0	0	346,71	0	0	0	0	0	0	0	0	0	0	0	352,82
SR00535	31/5/2026	R	1,90447E+11	SERVICIO DE HIERROS HEREAS & HERAS	J	1	1	14				3,001E+12	147,91	147,91	12/5/2026	21/6/2026	21/6/2026	40	40	0	0	0	147,91	0	0	0	0	0	0	0	0	0	0	0	147,91
SR00535	31/5/2026	R	1,90447E+11	SERVICIO DE HIERROS HEREAS & HERAS	J	1	1	14				3,001E+12	1372,65	1372,65	26/5/2026	5/7/2026	5/7/2026	40	40	0	0	0	0	1372,65	0	0	0	0	0	0	0	0	0	0	1372,65
SR00535	31/5/2026	R	1,90447E+11	SERVICIO DE HIERROS HEREAS & HERAS	J	1	1	14				3,001E+12	1716,65	1716,65	28/5/2026	7/7/2026	7/7/2026	40	40	0	0	0	0	1716,65	0	0	0	0	0	0	0	0	0	0	1716,65
SR00535	31/5/2026	R	1,90447E+11	SERVICIO DE HIERROS HEREAS & HERAS	J	1	1	14				3,001E+12	904,3	888,71	7/5/2026	16/6/2026	16/6/2026	40	40	0	0	0	888,71	0	0	0	0	0	0	0	0	0	0	0	904,3
SR00535	31/5/2026	R	1,90447E+11	SERVICIO DE HIERROS HEREAS & HERAS	J	1	1	14				3,001E+12	666,74	666,74	29/4/2026	8/6/2026	8/6/2026	40	40	0	0	0	666,74	0	0	0	0	0	0	0	0	0	0	0	666,74
SR00535	31/5/2026	R	1,90447E+11	SERVICIO DE HIERROS HEREAS & HERAS	J	1	1	14				3,001E+12	2222,44	2222,44	29/4/2026	8/6/2026	8/6/2026	40	40	0	0	0	2222,44	0	0	0	0	0	0	0	0	0	0	0	2222,44
SR00535	31/5/2026	R	1,90447E+11	SERVICIO DE HIERROS HEREAS & HERAS	J	1	1	14				3,001E+12	3259,01	3259,01	27/5/2026	6/7/2026	6/7/2026	40	40	0	0	0	0	3259,01	0	0	0	0	0	0	0	0	0	0	3259,01
SR00535	31/5/2026	R	1,90447E+11	SERVICIO DE HIERROS HEREAS & HERAS	J	1	1	14				3,001E+12	3809,74	3809,74	23/4/2026	2/6/2026	2/6/2026	40	40	0	0	0	3809,74	0	0	0	0	0	0	0	0	0	0	0	3809,74
SR00535	31/5/2026	R	1,90447E+11	SERVICIO DE HIERROS HEREAS & HERAS	J	1	1	14				3,001E+12	2414,61	2414,61	13/5/2026	22/6/2026	22/6/2026	40	40	0	0	0	2414,61	0	0	0	0	0	0	0	0	0	0	0	2414,61
SR00535	31/5/2026	R	1,90447E+11	SERVICIO DE HIERROS HEREAS & HERAS	J	1	1	14				3,001E+12	688,09	688,09	21/5/2026	30/6/2026	30/6/2026	40	40	0	0	0	688,09	0	0	0	0	0	0	0	0	0	0	0	688,09
SR00535	31/5/2026	R	1,79289E+12	SERVICIOS IDEAL AGF INTTEGRA CIA,LT	J	17	3	50				2,001E+12	4533,43	4533,43	21/3/2025	31/5/2025	31/5/2025	60	60	365	4533,43	0	0	0	0	0	0	0	0	0	0	4533,43	0	0	4533,43
SR00535	31/5/2026	R	1,79289E+12	SERVICIOS IDEAL AGF INTTEGRA CIA,LT	J	17	3	50				1,001E+12	21075,36	15806,52	22/4/2025	30/6/2025	30/6/2025	60	60	335	15806,52	0	0	0	0	0	0	0	0	0	15806,52	0	0	0	21075,36
SR00535	31/5/2026	R	1,79289E+12	SERVICIOS IDEAL AGF INTTEGRA CIA,LT	J	17	3	50				1,001E+12	35125,6	27642,32	15/12/2025	28/2/2026	28/2/2026	60	60	92	27642,32	0	0	0	0	0	0	0	0	27642,32	0	0	0	0	35125,6
SR00535	31/5/2026	R	1,79289E+12	SERVICIOS IDEAL AGF INTTEGRA CIA,LT	J	17	3	50				2,001E+12	4629,41	4569,03	22/7/2025	30/9/2025	30/9/2025	60	60	243	4569,03	0	0	0	0	0	0	0	0	0	4569,03	0	0	0	4629,41
SR00535	31/5/2026	R	1,79289E+12	SERVICIOS IDEAL AGF INTTEGRA CIA,LT	J	17	3	50				1,001E+12	1023,67	1023,67	29/5/2025	31/7/2025	31/7/2025	60	60	304	1023,67	0	0	0	0	0	0	0	0	0	1023,67	0	0	0	1023,67
SR00535	31/5/2026	R	1,79289E+12	SERVICIOS IDEAL AGF INTTEGRA CIA,LT	J	17	3	50				2,001E+12	4439,95	4439,95	15/4/2025	30/6/2025	30/6/2025	60	60	335	4439,95	0	0	0	0	0	0	0	0	0	4439,95	0	0	0	4439,95
SR00535	31/5/2026	R	1,79289E+12	SERVICIOS IDEAL AGF INTTEGRA CIA,LT	J	17	3	50				2,001E+12	15385,01	11538,75	28/3/2025	31/5/2025	31/5/2025	60	60	365	11538,75	0	0	0	0	0	0	0	0	0	0	11538,75	0	0	15385,01
SR00535	31/5/2026	R	1,79289E+12	SERVICIOS IDEAL AGF INTTEGRA CIA,LT	J	17	3	50				2,001E+12	1375,95	1358	8/7/2025	30/9/2025	30/9/2025	60	60	243	1358	0	0	0	0	0	0	0	0	0	1358	0	0	0	1375,95
SR00535	31/5/2026	R	1,79289E+12	SERVICIOS IDEAL AGF INTTEGRA CIA,LT	J	17	3	50				1,001E+12	568,38	560,97	9/6/2025	31/8/2025	31/8/2025	60	60	273	560,97	0	0	0	0	0	0	0	0	0	560,97	0	0	0	568,38
SR00535	31/5/2026	R	1,79289E+12	SERVICIOS IDEAL AGF INTTEGRA CIA,LT	J	17	3	50				1,001E+12	35125,6	27642,32	4/12/2025	28/2/2026	28/2/2026	60	60	92	27642,32	0	0	0	0	0	0	0	0	27642,32	0	0	0	0	35125,6
SR00535	31/5/2026	R	1,79289E+12	SERVICIOS IDEAL AGF INTTEGRA CIA,LT	J	17	3	50				1,001E+12	5226,98	5226,98	20/5/2025	31/7/2025	31/7/2025	60	60	304	5226,98	0	0	0	0	0	0	0	0	0	5226,98	0	0	0	5226,98
SR00535	31/5/2026	R	1,79289E+12	SERVICIOS IDEAL AGF INTTEGRA CIA,LT	J	17	3	50				1,001E+12	8957,03	6717,77	23/4/2025	30/6/2025	30/6/2025	60	60	335	6717,77	0	0	0	0	0	0	0	0	0	6717,77	0	0	0	8957,03
SR00535	31/5/2026	R	1,79289E+12	SERVICIOS IDEAL AGF INTTEGRA CIA,LT	J	17	3	50				1,001E+12	1096,73	1021,49	13/5/2026	31/7/2026	31/7/2026	60	60	0	0	0	0	1021,49	0	0	0	0	0	0	0	0	0	0	1096,73
SR00535	31/5/2026	R	1,79289E+12	SERVICIOS IDEAL AGF INTTEGRA CIA,LT	J	17	3	50				1,001E+12	307,95	307,95	29/5/2025	31/7/2025	31/7/2025	60	60	304	307,95	0	0	0	0	0	0	0	0	0	307,95	0	0	0	307,95
SR00535	31/5/2026	R	1,79289E+12	SERVICIOS IDEAL AGF INTTEGRA CIA,LT	J	17	3	50				1,001E+12	1387,11	1387,11	14/3/2025	31/5/2025	31/5/2025	60	60	365	1387,11	0	0	0	0	0	0	0	0	0	0	1387,11	0	0	1387,11
SR00535	31/5/2026	R	1,79289E+12	SERVICIOS IDEAL AGF INTTEGRA CIA,LT	J	17	3	50				2,001E+12	4439,95	4439,95	30/4/2025	30/6/2025	30/6/2025	60	60	335	4439,95	0	0	0	0	0	0	0	0	0	4439,95	0	0	0	4439,95
SR00535	31/5/2026	R	1,79289E+12	SERVICIOS IDEAL AGF INTTEGRA CIA,LT	J	17	3	50				2,001E+12	4486,61	4486,61	11/4/2025	30/6/2025	30/6/2025	60	60	335	4486,61	0	0	0	0	0	0	0	0	0	4486,61	0	0	0	4486,61
SR00535	31/5/2026	R	1,79289E+12	SERVICIOS IDEAL AGF INTTEGRA CIA,LT	J	17	3	50				2,001E+12	4439,95	4439,95	30/4/2025	30/6/2025	30/6/2025	60	60	335	4439,95	0	0	0	0	0	0	0	0	0	4439,95	0	0	0	4439,95
SR00535	31/5/2026	R	1,79289E+12	SERVICIOS IDEAL AGF INTTEGRA CIA,LT	J	17	3	50				2,001E+12	14276,55	14276,55	29/5/2025	31/7/2025	31/7/2025	60	60	304	14276,55	0	0	0	0	0	0	0	0	0	14276,55	0	0	0	14276,55
SR00535	31/5/2026	R	1,79289E+12	SERVICIOS IDEAL AGF INTTEGRA CIA,LT	J	17	3	50				1,001E+12	170477	170477	31/12/2020	1/10/2020	1/10/2020	45	45	2068	170477	0	0	0	0	0	0	0	0	0	0	170477	170477	0	170477
SR00535	31/5/2026	R	1,79289E+12	SERVICIOS IDEAL AGF INTTEGRA CIA,LT	J	17	3	50				1,001E+12	6753,09	6753,09	23/3/2025	31/5/2025	31/5/2025	60	60	365	6753,09	0	0	0	0	0	0	0	0	0	0	6753,09	0	0	6753,09
SR00535	31/5/2026	R	1,79289E+12	SERVICIOS IDEAL AGF INTTEGRA CIA,LT	J	17	3	50				1,001E+12	21075,36	15806,52	23/4/2025	30/6/2025	30/6/2025	60	60	335	15806,52	0	0	0	0	0	0	0	0	0	15806,52	0	0	0	21075,36
SR00535	31/5/2026	R	1,79289E+12	SERVICIOS IDEAL AGF INTTEGRA CIA,LT	J	17	3	50				1,001E+12	4537,47	4537,47	26/3/2025	31/5/2025	31/5/2025	60	60	365	4537,47	0	0	0	0	0	0	0	0	0	0	4537,47	0	0	4537,47
SR00535	31/5/2026	R	1,79289E+12	SERVICIOS IDEAL AGF INTTEGRA CIA,LT	J	17	3	50				1,001E+12	3702,22	3653,93	18/12/2025	28/2/2026	28/2/2026	60	60	92	3653,93	0	0	0	0	0	0	0	0	3653,93	0	0	0	0	3702,22
SR00535	31/5/2026	R	1,79289E+12	SERVICIOS IDEAL AGF INTTEGRA CIA,LT	J	17	3	50				1,001E+12	10537,68	7903,26	26/3/2025	31/5/2025	31/5/2025	60	60	365	7903,26	0	0	0	0	0	0	0	0	0	0	7903,26	0	0	10537,68
SR00535	31/5/2026	R	1,79289E+12	SERVICIOS IDEAL AGF INTTEGRA CIA,LT	J	17	3	50				2,001E+12	307,95	307,95	29/1/2025	31/3/2025	31/3/2025	60	60	426	307,95	0	0	0	0	0	0	0	0	0	0	307,95	0	0	307,95
SR00535	31/5/2026	R	1,79289E+12	SERVICIOS IDEAL AGF INTTEGRA CIA,LT	J	17	3	50				2,001E+12	7524,42	7524,42	29/5/2025	31/7/2025	31/7/2025	60	60	304	7524,42	0	0	0	0	0	0	0	0	0	7524,42	0	0	0	7524,42
SR00535	31/5/2026	R	1,79289E+12	SERVICIOS IDEAL AGF INTTEGRA CIA,LT	J	17	3	50				2,001E+12	2991,13	2991,13	17/3/2025	31/5/2025	31/5/2025	60	60	365	2991,13	0	0	0	0	0	0	0	0	0	0	2991,13	0	0	2991,13
SR00535	31/5/2026	R	1,79289E+12	SERVICIOS IDEAL AGF INTTEGRA CIA,LT	J	17	3	50				2,001E+12	516,33	516,33	30/1/2025	31/3/2025	31/3/2025	60	60	426	516,33	0	0	0	0	0	0	0	0	0	0	516,33	0	0	516,33
SR00535	31/5/2026	R	1,79289E+12	SERVICIOS IDEAL AGF INTTEGRA CIA,LT	J	17	3	50				2,001E+12	4486,69	4486,69	14/3/2025	31/5/2025	31/5/2025	60	60	365	4486,69	0	0	0	0	0	0	0	0	0	0	4486,69	0	0	4486,69
SR00535	31/5/2026	R	1,79289E+12	SERVICIOS IDEAL AGF INTTEGRA CIA,LT	J	17	3	50				1,001E+12	315,27	315,27	21/4/2025	30/6/2025	30/6/2025	60	60	335	315,27	0	0	0	0	0	0	0	0	0	315,27	0	0	0	315,27
SR00535	31/5/2026	R	1,79289E+12	SERVICIOS IDEAL AGF INTTEGRA CIA,LT	J	17	3	50				2,001E+12	329,59	325,29	19/6/2025	31/8/2025	31/8/2025	60	60	273	325,29	0	0	0	0	0	0	0	0	0	325,29	0	0	0	329,59
SR00535	31/5/2026	R	1,79289E+12	SERVICIOS IDEAL AGF INTTEGRA CIA,LT	J	17	3	50				1,001E+12	10783,56	8087,67	12/3/2025	31/5/2025	31/5/2025	60	60	365	8087,67	0	0	0	0	0	0	0	0	0	0	8087,67	0	0	10783,56
SR00535	31/5/2026	R	1,79289E+12	SERVICIOS IDEAL AGF INTTEGRA CIA,LT	J	17	3	50				2,001E+12	5094,35	5094,35	13/1/2025	31/3/2025	31/3/2025	60	60	426	5094,35	0	0	0	0	0	0	0	0	0	0	5094,35	0	0	5094,35
SR00535	31/5/2026	R	1,79289E+12	SERVICIOS IDEAL AGF INTTEGRA CIA,LT	J	17	3	50				1,001E+12	1035,85	1022,34	14/10/2025	31/12/2025	31/12/2025	60	60	151	1022,34	0	0	0	0	0	0	0	0	1022,34	0	0	0	0	1035,85
SR00535	31/5/2026	R	1,79285E+12	SERVICIOS & MATERIALES  DE	J	17	1	70				1,001E+12	6699,79	5430,08	19/5/2026	18/6/2026	18/6/2026	30	30	0	0	0	5430,08	0	0	0	0	0	0	0	0	0	0	0	6699,79
SR00535	31/5/2026	R	1,09174E+12	SOCIEDAD CIVIL Y COMERCIAL BOSNA	J	10	4	2				1,001E+12	1952,23	1926,77	18/5/2026	7/7/2026	7/7/2026	50	50	0	0	0	0	1926,77	0	0	0	0	0	0	0	0	0	0	1952,23
SR00535	31/5/2026	R	1,09174E+12	SOCIEDAD CIVIL Y COMERCIAL BOSNA	J	10	4	2				1,001E+12	280,6	276,94	15/5/2026	4/7/2026	4/7/2026	50	50	0	0	0	0	276,94	0	0	0	0	0	0	0	0	0	0	280,6
SR00535	31/5/2026	R	1,09174E+12	SOCIEDAD CIVIL Y COMERCIAL BOSNA	J	10	4	2				1,001E+12	424,32	418,78	17/4/2026	6/6/2026	6/6/2026	50	50	0	0	0	418,78	0	0	0	0	0	0	0	0	0	0	0	424,32
SR00535	31/5/2026	R	1,09174E+12	SOCIEDAD CIVIL Y COMERCIAL BOSNA	J	10	4	2				1,001E+12	6944,21	6494,47	8/5/2026	27/6/2026	27/6/2026	50	50	0	0	0	6494,47	0	0	0	0	0	0	0	0	0	0	0	6944,21
SR00535	31/5/2026	R	1,09174E+12	SOCIEDAD CIVIL Y COMERCIAL BOSNA	J	10	4	2				1,001E+12	852,75	841,63	17/4/2026	6/6/2026	6/6/2026	50	50	0	0	0	841,63	0	0	0	0	0	0	0	0	0	0	0	852,75
SR00535	31/5/2026	R	1,09174E+12	SOCIEDAD CIVIL Y COMERCIAL BOSNA	J	10	4	2				1,001E+12	2816,86	2780,12	29/5/2026	18/7/2026	18/7/2026	50	50	0	0	0	0	2780,12	0	0	0	0	0	0	0	0	0	0	2816,86
SR00535	31/5/2026	R	1,09174E+12	SOCIEDAD CIVIL Y COMERCIAL BOSNA	J	10	4	2				1,001E+12	890,42	878,81	7/5/2026	26/6/2026	26/6/2026	50	50	0	0	0	878,81	0	0	0	0	0	0	0	0	0	0	0	890,42
SR00535	31/5/2026	R	1,09174E+12	SOCIEDAD CIVIL Y COMERCIAL BOSNA	J	10	4	2				1,001E+12	214,38	211,58	8/4/2026	28/5/2026	28/5/2026	50	50	3	211,58	0	0	0	0	0	0	211,58	0	0	0	0	0	0	214,38
SR00535	31/5/2026	R	1,09174E+12	SOCIEDAD CIVIL Y COMERCIAL BOSNA	J	10	4	2				1,001E+12	1581,6	1560,97	9/4/2026	29/5/2026	29/5/2026	50	50	2	1560,97	0	0	0	0	0	0	1560,97	0	0	0	0	0	0	1581,6
SR00535	31/5/2026	R	1,09174E+12	SOCIEDAD CIVIL Y COMERCIAL BOSNA	J	10	4	2				1,001E+12	97,49	96,22	29/5/2026	18/7/2026	18/7/2026	50	50	0	0	0	0	96,22	0	0	0	0	0	0	0	0	0	0	97,49
SR00535	31/5/2026	R	1,09174E+12	SOCIEDAD CIVIL Y COMERCIAL BOSNA	J	10	4	2				1,001E+12	4512,24	4453,38	29/5/2026	18/7/2026	18/7/2026	50	50	0	0	0	0	4453,38	0	0	0	0	0	0	0	0	0	0	4512,24
SR00535	31/5/2026	R	1,09174E+12	SOCIEDAD CIVIL Y COMERCIAL BOSNA	J	10	4	2				1,001E+12	6686,23	6251,98	8/5/2026	27/6/2026	27/6/2026	50	50	0	0	0	6251,98	0	0	0	0	0	0	0	0	0	0	0	6686,23
SR00535	31/5/2026	R	1,09174E+12	SOCIEDAD CIVIL Y COMERCIAL BOSNA	J	10	4	2				1,001E+12	1592,59	1533,46	18/5/2026	7/7/2026	7/7/2026	50	50	0	0	0	0	1533,46	0	0	0	0	0	0	0	0	0	0	1592,59
SR00535	31/5/2026	R	1,09174E+12	SOCIEDAD CIVIL Y COMERCIAL BOSNA	J	10	4	2				1,001E+12	7361,58	7265,56	18/5/2026	7/7/2026	7/7/2026	50	50	0	0	0	0	7265,56	0	0	0	0	0	0	0	0	0	0	7361,58
SR00535	31/5/2026	R	1,09174E+12	SOCIEDAD CIVIL Y COMERCIAL BOSNA	J	10	4	2				1,001E+12	14183,72	13998,71	27/4/2026	16/6/2026	16/6/2026	50	50	0	0	0	13998,71	0	0	0	0	0	0	0	0	0	0	0	14183,72
SR00535	31/5/2026	R	1,09174E+12	SOCIEDAD CIVIL Y COMERCIAL BOSNA	J	10	4	2				1,001E+12	6324,53	6242,04	17/4/2026	6/6/2026	6/6/2026	50	50	0	0	0	6242,04	0	0	0	0	0	0	0	0	0	0	0	6324,53
SR00535	31/5/2026	R	1,09174E+12	SOCIEDAD CIVIL Y COMERCIAL BOSNA	J	10	4	2				1,001E+12	3410,99	3366,5	15/5/2026	4/7/2026	4/7/2026	50	50	0	0	0	0	3366,5	0	0	0	0	0	0	0	0	0	0	3410,99
SR00535	31/5/2026	R	1,09174E+12	SOCIEDAD CIVIL Y COMERCIAL BOSNA	J	10	4	2				1,001E+12	3300,22	3257,17	29/4/2026	18/6/2026	18/6/2026	50	50	0	0	0	3257,17	0	0	0	0	0	0	0	0	0	0	0	3300,22
SR00535	31/5/2026	R	1,09174E+12	SOCIEDAD CIVIL Y COMERCIAL BOSNA	J	10	4	2				1,001E+12	479,21	472,96	29/5/2026	18/7/2026	18/7/2026	50	50	0	0	0	0	472,96	0	0	0	0	0	0	0	0	0	0	479,21
SR00535	31/5/2026	R	1,09174E+12	SOCIEDAD CIVIL Y COMERCIAL BOSNA	J	10	4	2				1,001E+12	5969,25	5891,39	16/4/2026	5/6/2026	5/6/2026	50	50	0	0	0	5891,39	0	0	0	0	0	0	0	0	0	0	0	5969,25
SR00535	31/5/2026	R	1,09174E+12	SOCIEDAD CIVIL Y COMERCIAL BOSNA	J	10	4	2				1,001E+12	1862,86	1838,56	7/5/2026	26/6/2026	26/6/2026	50	50	0	0	0	1838,56	0	0	0	0	0	0	0	0	0	0	0	1862,86
SR00535	31/5/2026	R	1,09174E+12	SOCIEDAD CIVIL Y COMERCIAL BOSNA	J	10	4	2				1,001E+12	11768,8	11615,29	24/4/2026	13/6/2026	13/6/2026	50	50	0	0	0	11615,29	0	0	0	0	0	0	0	0	0	0	0	11768,8
SR00535	31/5/2026	R	1,09174E+12	SOCIEDAD CIVIL Y COMERCIAL BOSNA	J	10	4	2				1,001E+12	3922,64	3871,47	8/4/2026	28/5/2026	28/5/2026	50	50	3	3871,47	0	0	0	0	0	0	3871,47	0	0	0	0	0	0	3922,64
SR00535	31/5/2026	R	1,09174E+12	SOCIEDAD CIVIL Y COMERCIAL BOSNA	J	10	4	2				1,001E+12	225,39	222,45	16/4/2026	5/6/2026	5/6/2026	50	50	0	0	0	222,45	0	0	0	0	0	0	0	0	0	0	0	225,39
SR00535	31/5/2026	R	1,09174E+12	SOCIEDAD CIVIL Y COMERCIAL BOSNA	J	10	4	2				1,001E+12	7067,21	6975,03	9/4/2026	29/5/2026	29/5/2026	50	50	2	6975,03	0	0	0	0	0	0	6975,03	0	0	0	0	0	0	7067,21
SR00535	31/5/2026	R	1,09174E+12	SOCIEDAD CIVIL Y COMERCIAL BOSNA	J	10	4	2				1,001E+12	4353,97	4297,18	7/4/2026	27/5/2026	27/5/2026	50	50	4	4297,18	0	0	0	0	0	0	4297,18	0	0	0	0	0	0	4353,97
SR00535	31/5/2026	R	1,09174E+12	SOCIEDAD CIVIL Y COMERCIAL BOSNA	J	10	4	2				1,001E+12	1901,99	1778,81	15/5/2026	4/7/2026	4/7/2026	50	50	0	0	0	0	1778,81	0	0	0	0	0	0	0	0	0	0	1901,99
SR00535	31/5/2026	R	1,09174E+12	SOCIEDAD CIVIL Y COMERCIAL BOSNA	J	10	4	2				1,001E+12	966,21	953,61	29/5/2026	18/7/2026	18/7/2026	50	50	0	0	0	0	953,61	0	0	0	0	0	0	0	0	0	0	966,21
SR00535	31/5/2026	R	1,09174E+12	SOCIEDAD CIVIL Y COMERCIAL BOSNA	J	10	4	2				1,001E+12	3401,72	3357,35	17/4/2026	6/6/2026	6/6/2026	50	50	0	0	0	3357,35	0	0	0	0	0	0	0	0	0	0	0	3401,72
SR00535	31/5/2026	R	1,09174E+12	SOCIEDAD CIVIL Y COMERCIAL BOSNA	J	10	4	2				1,001E+12	3820,4	3770,57	29/4/2026	18/6/2026	18/6/2026	50	50	0	0	0	3770,57	0	0	0	0	0	0	0	0	0	0	0	3820,4
SR00535	31/5/2026	R	1,09174E+12	SOCIEDAD CIVIL Y COMERCIAL BOSNA	J	10	4	2				1,001E+12	3838,83	3788,76	9/4/2026	29/5/2026	29/5/2026	50	50	2	3788,76	0	0	0	0	0	0	3788,76	0	0	0	0	0	0	3838,83
SR00535	31/5/2026	R	1,09174E+12	SOCIEDAD CIVIL Y COMERCIAL BOSNA	J	10	4	2				1,001E+12	659,88	635,38	18/5/2026	7/7/2026	7/7/2026	50	50	0	0	0	0	635,38	0	0	0	0	0	0	0	0	0	0	659,88
SR00535	31/5/2026	R	1,09174E+12	SOCIEDAD CIVIL Y COMERCIAL BOSNA	J	10	4	2				1,001E+12	8873,54	8631,09	29/4/2026	18/6/2026	18/6/2026	50	50	0	0	0	8631,09	0	0	0	0	0	0	0	0	0	0	0	8873,54
SR00535	31/5/2026	R	1,09174E+12	SOCIEDAD CIVIL Y COMERCIAL BOSNA	J	10	4	2				1,001E+12	1215,22	1199,37	8/5/2026	27/6/2026	27/6/2026	50	50	0	0	0	1199,37	0	0	0	0	0	0	0	0	0	0	0	1215,22
SR00535	31/5/2026	R	1,09174E+12	SOCIEDAD CIVIL Y COMERCIAL BOSNA	J	10	4	2				1,001E+12	11534,11	11005,98	21/5/2026	10/7/2026	10/7/2026	50	50	0	0	0	0	11005,98	0	0	0	0	0	0	0	0	0	0	11534,11
SR00535	31/5/2026	R	1,09174E+12	SOCIEDAD CIVIL Y COMERCIAL BOSNA	J	10	4	2				1,001E+12	161,51	159,4	7/5/2026	26/6/2026	26/6/2026	50	50	0	0	0	159,4	0	0	0	0	0	0	0	0	0	0	0	161,51
SR00535	31/5/2026	R	1,09174E+12	SOCIEDAD CIVIL Y COMERCIAL BOSNA	J	10	4	2				1,001E+12	4734,7	4672,94	8/4/2026	28/5/2026	28/5/2026	50	50	3	4672,94	0	0	0	0	0	0	4672,94	0	0	0	0	0	0	4734,7
SR00535	31/5/2026	C	908176829	SOTOMAYOR ORTIZ LUIS JAVIER	N	9	6	1	M	C	I	2,001E+12	2194,8	2166,17	8/5/2026	17/6/2026	17/6/2026	40	40	0	0	0	2166,17	0	0	0	0	0	0	0	0	0	0	0	2194,8
SR00535	31/5/2026	C	908176829	SOTOMAYOR ORTIZ LUIS JAVIER	N	9	6	1	M	C	I	2,001E+12	241,53	238,38	29/4/2026	8/6/2026	8/6/2026	40	40	0	0	0	238,38	0	0	0	0	0	0	0	0	0	0	0	241,53
SR00535	31/5/2026	C	908176829	SOTOMAYOR ORTIZ LUIS JAVIER	N	9	6	1	M	C	I	2,001E+12	692,07	683,04	29/4/2026	8/6/2026	8/6/2026	40	40	0	0	0	683,04	0	0	0	0	0	0	0	0	0	0	0	692,07
SR00535	31/5/2026	C	908176829	SOTOMAYOR ORTIZ LUIS JAVIER	N	9	6	1	M	C	I	2,001E+12	217,87	215,03	29/4/2026	8/6/2026	8/6/2026	40	40	0	0	0	215,03	0	0	0	0	0	0	0	0	0	0	0	217,87
SR00535	31/5/2026	C	908176829	SOTOMAYOR ORTIZ LUIS JAVIER	N	9	6	1	M	C	I	2,001E+12	2722,23	2598,93	5/5/2026	14/6/2026	14/6/2026	40	40	0	0	0	2598,93	0	0	0	0	0	0	0	0	0	0	0	2722,23
SR00535	31/5/2026	C	908176829	SOTOMAYOR ORTIZ LUIS JAVIER	N	9	6	1	M	C	I	2,001E+12	245,11	241,91	29/4/2026	8/6/2026	8/6/2026	40	40	0	0	0	241,91	0	0	0	0	0	0	0	0	0	0	0	245,11
SR00535	31/5/2026	R	1,79302E+12	STARTD&C CIA,LTDA,	J	17	1	12				1,001E+12	11980,14	11980,14	30/4/2026	8/11/2025	8/11/2025	45	45	204	11980,14	0	0	0	0	0	0	0	0	0	11980,14	0	11980,14	0	11980,14
SR00535	31/5/2026	R	7,91836E+11	SUCESION INDIVISA ASTUDILLO FEIJOO	J	7	10	2				3,001E+12	5212,23	5153,98	6/5/2026	5/6/2026	5/6/2026	30	30	0	0	0	5153,98	0	0	0	0	0	0	0	0	0	0	0	5212,23
SR00535	31/5/2026	R	7,91836E+11	SUCESION INDIVISA ASTUDILLO FEIJOO	J	7	10	2				3,001E+12	4086,36	4086,36	27/5/2026	26/6/2026	26/6/2026	30	30	0	0	0	4086,36	0	0	0	0	0	0	0	0	0	0	0	4086,36
SR00535	31/5/2026	R	7,91836E+11	SUCESION INDIVISA ASTUDILLO FEIJOO	J	7	10	2				3,001E+12	115,31	115,31	11/5/2026	10/6/2026	10/6/2026	30	30	0	0	0	115,31	0	0	0	0	0	0	0	0	0	0	0	115,31
SR00535	31/5/2026	R	9,93037E+11	SUDAMERICANA DE CONSTRUCCIONES	J	9	1	12				2,001E+12	3743,6	2443,46	24/11/2025	23/1/2026	23/1/2026	60	60	128	2443,46	0	0	0	0	0	0	0	0	2443,46	0	0	0	0	3743,6
SR00535	31/5/2026	R	9,93037E+11	SUDAMERICANA DE CONSTRUCCIONES	J	9	1	12				2,001E+12	5407,42	4741,93	4/12/2025	2/2/2026	2/2/2026	60	60	118	4741,93	0	0	0	0	0	0	0	0	4741,93	0	0	0	0	5407,42
SR00535	31/5/2026	R	1,79321E+12	SUMICABLE-SUMINISTROS INDUSTRIALES	J	17	1	50				1,001E+12	2239,33	2239,33	27/5/2026	26/6/2026	26/6/2026	30	30	0	0	0	2239,33	0	0	0	0	0	0	0	0	0	0	0	2239,33
SR00535	31/5/2026	R	1,79321E+12	SUMICABLE-SUMINISTROS INDUSTRIALES	J	17	1	50				1,001E+12	3229,45	3229,45	15/5/2026	14/6/2026	14/6/2026	30	30	0	0	0	3229,45	0	0	0	0	0	0	0	0	0	0	0	3229,45
SR00535	31/5/2026	R	1,79321E+12	SUMICABLE-SUMINISTROS INDUSTRIALES	J	17	1	50				1,001E+12	1865,44	1865,44	4/5/2026	3/6/2026	3/6/2026	30	30	0	0	0	1865,44	0	0	0	0	0	0	0	0	0	0	0	1865,44
SR00535	31/5/2026	R	1,10347E+12	SUQUILANDA LIMA ANGEL POLIBIO	N	11	11	50	M	C	I	3,001E+12	1137,43	1137,43	30/5/2026	9/7/2026	9/7/2026	40	40	0	0	0	0	1137,43	0	0	0	0	0	0	0	0	0	0	1137,43
SR00535	31/5/2026	R	1,10347E+12	SUQUILANDA LIMA ANGEL POLIBIO	N	11	11	50	M	C	I	3,001E+12	563,66	537,72	12/5/2026	21/6/2026	21/6/2026	40	40	0	0	0	537,72	0	0	0	0	0	0	0	0	0	0	0	563,66
SR00535	31/5/2026	R	1,10347E+12	SUQUILANDA LIMA ANGEL POLIBIO	N	11	11	50	M	C	I	3,001E+12	286,79	255,79	7/5/2026	16/6/2026	16/6/2026	40	40	0	0	0	255,79	0	0	0	0	0	0	0	0	0	0	0	286,79
SR00535	31/5/2026	R	1,10347E+12	SUQUILANDA LIMA ANGEL POLIBIO	N	11	11	50	M	C	I	3,001E+12	1508,51	1426,85	12/5/2026	21/6/2026	21/6/2026	40	40	0	0	0	1426,85	0	0	0	0	0	0	0	0	0	0	0	1508,51
SR00535	31/5/2026	R	1,10347E+12	SUQUILANDA LIMA ANGEL POLIBIO	N	11	11	50	M	C	I	3,001E+12	982,58	925,94	7/5/2026	16/6/2026	16/6/2026	40	40	0	0	0	925,94	0	0	0	0	0	0	0	0	0	0	0	982,58
SR00535	31/5/2026	R	1,90314E+11	TALLERES INDUSTRIALES	J	1	1	50				3,001E+12	1707,06	1707,06	13/5/2026	12/6/2026	12/6/2026	30	30	0	0	0	1707,06	0	0	0	0	0	0	0	0	0	0	0	1707,06
SR00535	31/5/2026	R	1,90314E+11	TALLERES INDUSTRIALES	J	1	1	50				3,001E+12	1365,68	1365,68	6/5/2026	5/6/2026	5/6/2026	30	30	0	0	0	1365,68	0	0	0	0	0	0	0	0	0	0	0	1365,68
SR00535	31/5/2026	R	9,92873E+11	TAREACTIOLY S,A,	J	9	1	12				2,001E+12	3558,58	3156,82	13/2/2026	14/4/2026	14/4/2026	60	60	47	3156,82	0	0	0	0	0	0	0	3156,82	0	0	0	0	0	3558,58
SR00535	31/5/2026	R	9,92873E+11	TAREACTIOLY S,A,	J	9	1	12				2,001E+12	4359,42	3593,29	7/1/2026	8/3/2026	8/3/2026	60	60	84	3593,29	0	0	0	0	0	0	0	3593,29	0	0	0	0	0	4359,42
SR00535	31/5/2026	R	9,92873E+11	TAREACTIOLY S,A,	J	9	1	12				2,001E+12	5157,84	4741,91	2/2/2026	3/4/2026	3/4/2026	60	60	58	4741,91	0	0	0	0	0	0	0	4741,91	0	0	0	0	0	5157,84
SR00535	31/5/2026	R	9,92873E+11	TAREACTIOLY S,A,	J	9	1	12				2,001E+12	5157,84	4741,91	8/1/2026	9/3/2026	9/3/2026	60	60	83	4741,91	0	0	0	0	0	0	0	4741,91	0	0	0	0	0	5157,84
SR00535	31/5/2026	R	7,03861E+11	TEJEDOR ERRAEZ FLORENCIO RENATO	N	9	3	50	M	C	B	3,001E+12	1420,86	1322,88	19/5/2026	3/6/2026	3/6/2026	15	15	0	0	0	1322,88	0	0	0	0	0	0	0	0	0	0	0	1420,86
SR00535	31/5/2026	R	9,9323E+11	TODO-ALAMBRE S,A,	J	9	1	50				2,001E+12	5397,67	490,17	1/5/2025	31/5/2025	31/5/2025	30	30	365	490,17	0	0	0	0	0	0	0	0	0	0	490,17	0	0	5397,67
SR00535	31/5/2026	R	9,9323E+11	TODO-ALAMBRE S,A,	J	9	1	50				PROVISION	8526,15	8526,15	30/10/2025	30/4/2025	30/4/2025	45	45	396	8526,15	0	0	0	0	0	0	0	0	0	0	8526,15	8526,15	0	8526,15
SR00535	31/5/2026	R	1,00491E+11	TORRES CABRERA CESAR AUGUSTO	N	1	1	11	M	C	I	3,001E+12	171,07	171,07	4/5/2026	13/6/2026	13/6/2026	40	40	0	0	0	171,07	0	0	0	0	0	0	0	0	0	0	0	171,07
SR00535	31/5/2026	R	1,00491E+11	TORRES CABRERA CESAR AUGUSTO	N	1	1	11	M	C	I	3,001E+12	1133,07	1133,07	13/5/2026	22/6/2026	22/6/2026	40	40	0	0	0	1133,07	0	0	0	0	0	0	0	0	0	0	0	1133,07
SR00535	31/5/2026	R	1,00491E+11	TORRES CABRERA CESAR AUGUSTO	N	1	1	11	M	C	I	3,001E+12	922	863,87	29/5/2026	8/7/2026	8/7/2026	40	40	0	0	0	0	863,87	0	0	0	0	0	0	0	0	0	0	922
SR00535	31/5/2026	R	1,00491E+11	TORRES CABRERA CESAR AUGUSTO	N	1	1	11	M	C	I	3,001E+12	1562,99	1536,05	6/5/2026	15/6/2026	15/6/2026	40	40	0	0	0	1536,05	0	0	0	0	0	0	0	0	0	0	0	1562,99
SR00535	31/5/2026	R	1,00491E+11	TORRES CABRERA CESAR AUGUSTO	N	1	1	11	M	C	I	3,001E+12	777,6	525,5	27/4/2026	6/6/2026	6/6/2026	40	40	0	0	0	525,5	0	0	0	0	0	0	0	0	0	0	0	777,6
SR00535	31/5/2026	R	1,00491E+11	TORRES CABRERA CESAR AUGUSTO	N	1	1	11	M	C	I	3,001E+12	482,6	482,6	28/5/2026	7/7/2026	7/7/2026	40	40	0	0	0	0	482,6	0	0	0	0	0	0	0	0	0	0	482,6
SR00535	31/5/2026	R	1,00491E+11	TORRES CABRERA CESAR AUGUSTO	N	1	1	11	M	C	I	3,001E+12	537,74	537,74	27/4/2026	6/6/2026	6/6/2026	40	40	0	0	0	537,74	0	0	0	0	0	0	0	0	0	0	0	537,74
SR00535	31/5/2026	R	1,00491E+11	TORRES CABRERA CESAR AUGUSTO	N	1	1	11	M	C	I	3,001E+12	219,13	219,13	20/5/2026	29/6/2026	29/6/2026	40	40	0	0	0	219,13	0	0	0	0	0	0	0	0	0	0	0	219,13
SR00535	31/5/2026	R	9,19584E+11	TORRES KUON YENG BOLIVIA CECILIA	N	24	2	50	F	S	I	2,001E+12	206,1	206,1	18/5/2026	27/6/2026	27/6/2026	40	40	0	0	0	206,1	0	0	0	0	0	0	0	0	0	0	0	206,1
SR00535	31/5/2026	R	9,19584E+11	TORRES KUON YENG BOLIVIA CECILIA	N	24	2	50	F	S	I	2,001E+12	1058,6	1058,6	18/5/2026	27/6/2026	27/6/2026	40	40	0	0	0	1058,6	0	0	0	0	0	0	0	0	0	0	0	1058,6
SR00535	31/5/2026	R	1,40055E+12	TORRES LEON LUZ MARINA	N	14	1	50	F	V	I	1,001E+12	3948,6	3905,95	27/4/2026	6/6/2026	6/6/2026	40	40	0	0	0	3905,95	0	0	0	0	0	0	0	0	0	0	0	3948,6
SR00535	31/5/2026	R	9,92354E+11	TRANSARC S,A,	J	9	1	12				1,001E+12	8569,41	8457,63	13/3/2026	27/5/2026	27/5/2026	75	75	4	8457,63	0	0	0	0	0	0	8457,63	0	0	0	0	0	0	8569,41
SR00535	31/5/2026	R	9,92354E+11	TRANSARC S,A,	J	9	1	12				2,001E+12	599,18	591,36	15/4/2026	29/6/2026	29/6/2026	75	75	0	0	0	591,36	0	0	0	0	0	0	0	0	0	0	0	599,18
SR00535	31/5/2026	R	9,92354E+11	TRANSARC S,A,	J	9	1	12				2,001E+12	3898,75	3847,9	12/5/2026	26/7/2026	26/7/2026	75	75	0	0	0	0	3847,9	0	0	0	0	0	0	0	0	0	0	3898,75
SR00535	31/5/2026	R	9,92354E+11	TRANSARC S,A,	J	9	1	12				2,001E+12	2923,04	2884,91	2/4/2026	16/6/2026	16/6/2026	75	75	0	0	0	2884,91	0	0	0	0	0	0	0	0	0	0	0	2923,04
SR00535	31/5/2026	R	9,92354E+11	TRANSARC S,A,	J	9	1	12				1,001E+12	2039,4	2012,8	16/3/2026	30/5/2026	30/5/2026	75	75	1	2012,8	0	0	0	0	0	0	2012,8	0	0	0	0	0	0	2039,4
SR00535	31/5/2026	R	9,92354E+11	TRANSARC S,A,	J	9	1	12				2,001E+12	6546,27	6460,88	6/4/2026	20/6/2026	20/6/2026	75	75	0	0	0	6460,88	0	0	0	0	0	0	0	0	0	0	0	6546,27
SR00535	31/5/2026	R	9,92354E+11	TRANSARC S,A,	J	9	1	12				2,001E+12	2516,55	2483,73	1/4/2026	15/6/2026	15/6/2026	75	75	0	0	0	2483,73	0	0	0	0	0	0	0	0	0	0	0	2516,55
SR00535	31/5/2026	R	9,92354E+11	TRANSARC S,A,	J	9	1	12				2,001E+12	5136,95	5069,95	19/3/2026	2/6/2026	2/6/2026	75	75	0	0	0	5069,95	0	0	0	0	0	0	0	0	0	0	0	5136,95
SR00535	31/5/2026	R	9,92354E+11	TRANSARC S,A,	J	9	1	12				2,001E+12	7177,71	7084,09	6/4/2026	20/6/2026	20/6/2026	75	75	0	0	0	7084,09	0	0	0	0	0	0	0	0	0	0	0	7177,71
SR00535	31/5/2026	R	9,92354E+11	TRANSARC S,A,	J	9	1	12				1,001E+12	5722,38	5647,74	19/4/2026	3/7/2026	3/7/2026	75	75	0	0	0	0	5647,74	0	0	0	0	0	0	0	0	0	0	5722,38
SR00535	31/5/2026	R	9,92354E+11	TRANSARC S,A,	J	9	1	12				2,001E+12	10657,79	10657,79	26/5/2026	9/8/2026	9/8/2026	75	75	0	0	0	0	10657,79	0	0	0	0	0	0	0	0	0	0	10657,79
SR00535	31/5/2026	R	9,92354E+11	TRANSARC S,A,	J	9	1	12				2,001E+12	4121,46	4121,46	27/5/2026	10/8/2026	10/8/2026	75	75	0	0	0	0	4121,46	0	0	0	0	0	0	0	0	0	0	4121,46
SR00535	31/5/2026	R	9,92354E+11	TRANSARC S,A,	J	9	1	12				1,001E+12	2430,54	2398,84	8/5/2026	22/7/2026	22/7/2026	75	75	0	0	0	0	2398,84	0	0	0	0	0	0	0	0	0	0	2430,54
SR00535	31/5/2026	R	9,92354E+11	TRANSARC S,A,	J	9	1	12				2,001E+12	9871,86	9743,1	27/4/2026	11/7/2026	11/7/2026	75	75	0	0	0	0	9743,1	0	0	0	0	0	0	0	0	0	0	9871,86
SR00535	31/5/2026	R	9,92354E+11	TRANSARC S,A,	J	9	1	12				1,001E+12	9303,35	9182	16/3/2026	30/5/2026	30/5/2026	75	75	1	9182	0	0	0	0	0	0	9182	0	0	0	0	0	0	9303,35
SR00535	31/5/2026	R	9,92354E+11	TRANSARC S,A,	J	9	1	12				2,001E+12	1951,44	1925,99	19/5/2026	2/8/2026	2/8/2026	75	75	0	0	0	0	1925,99	0	0	0	0	0	0	0	0	0	0	1951,44
SR00535	31/5/2026	R	9,92354E+11	TRANSARC S,A,	J	9	1	12				1,001E+12	6424,08	6340,29	12/3/2026	26/5/2026	26/5/2026	75	75	5	6340,29	0	0	0	0	0	0	6340,29	0	0	0	0	0	0	6424,08
SR00535	31/5/2026	R	9,92354E+11	TRANSARC S,A,	J	9	1	12				2,001E+12	2122,05	2094,37	2/4/2026	16/6/2026	16/6/2026	75	75	0	0	0	2094,37	0	0	0	0	0	0	0	0	0	0	0	2122,05
SR00535	31/5/2026	R	9,92354E+11	TRANSARC S,A,	J	9	1	12				2,001E+12	7024,91	6933,28	27/4/2026	11/7/2026	11/7/2026	75	75	0	0	0	0	6933,28	0	0	0	0	0	0	0	0	0	0	7024,91
SR00535	31/5/2026	R	9,92354E+11	TRANSARC S,A,	J	9	1	12				2,001E+12	7285,24	7190,22	17/4/2026	1/7/2026	1/7/2026	75	75	0	0	0	0	7190,22	0	0	0	0	0	0	0	0	0	0	7285,24
SR00535	31/5/2026	R	9,92354E+11	TRANSARC S,A,	J	9	1	12				2,001E+12	2462,39	2430,27	27/4/2026	11/7/2026	11/7/2026	75	75	0	0	0	0	2430,27	0	0	0	0	0	0	0	0	0	0	2462,39
SR00535	31/5/2026	R	9,92354E+11	TRANSARC S,A,	J	9	1	12				2,001E+12	10522,66	10385,41	7/4/2026	21/6/2026	21/6/2026	75	75	0	0	0	10385,41	0	0	0	0	0	0	0	0	0	0	0	10522,66
SR00535	31/5/2026	R	9,92354E+11	TRANSARC S,A,	J	9	1	12				2,001E+12	5292,68	5223,64	11/3/2026	25/5/2026	25/5/2026	75	75	6	5223,64	0	0	0	0	0	0	5223,64	0	0	0	0	0	0	5292,68
SR00535	31/5/2026	R	9,92354E+11	TRANSARC S,A,	J	9	1	12				2,001E+12	9738,07	9611,05	8/5/2026	22/7/2026	22/7/2026	75	75	0	0	0	0	9611,05	0	0	0	0	0	0	0	0	0	0	9738,07
SR00535	31/5/2026	R	9,92354E+11	TRANSARC S,A,	J	9	1	12				2,001E+12	2028,74	2002,28	27/4/2026	11/7/2026	11/7/2026	75	75	0	0	0	0	2002,28	0	0	0	0	0	0	0	0	0	0	2028,74
SR00535	31/5/2026	R	9,92354E+11	TRANSARC S,A,	J	9	1	12				1,001E+12	11910,58	11755,22	18/5/2026	1/8/2026	1/8/2026	75	75	0	0	0	0	11755,22	0	0	0	0	0	0	0	0	0	0	11910,58
SR00535	31/5/2026	R	9,92354E+11	TRANSARC S,A,	J	9	1	12				2,001E+12	5913,4	5836,27	11/3/2026	25/5/2026	25/5/2026	75	75	6	5836,27	0	0	0	0	0	0	5836,27	0	0	0	0	0	0	5913,4
SR00535	31/5/2026	R	9,92354E+11	TRANSARC S,A,	J	9	1	12				2,001E+12	3334,55	3291,06	5/5/2026	19/7/2026	19/7/2026	75	75	0	0	0	0	3291,06	0	0	0	0	0	0	0	0	0	0	3334,55
SR00535	31/5/2026	R	9,92354E+11	TRANSARC S,A,	J	9	1	12				1,001E+12	5850,19	5773,88	18/5/2026	1/8/2026	1/8/2026	75	75	0	0	0	0	5773,88	0	0	0	0	0	0	0	0	0	0	5850,19
SR00535	31/5/2026	R	9,92354E+11	TRANSARC S,A,	J	9	1	12				2,001E+12	11391,33	11242,75	4/5/2026	18/7/2026	18/7/2026	75	75	0	0	0	0	11242,75	0	0	0	0	0	0	0	0	0	0	11391,33
SR00535	31/5/2026	R	9,92354E+11	TRANSARC S,A,	J	9	1	12				2,001E+12	6119,54	6039,72	19/3/2026	2/6/2026	2/6/2026	75	75	0	0	0	6039,72	0	0	0	0	0	0	0	0	0	0	0	6119,54
SR00535	31/5/2026	R	9,92354E+11	TRANSARC S,A,	J	9	1	12				2,001E+12	6078,21	5998,93	15/5/2026	29/7/2026	29/7/2026	75	75	0	0	0	0	5998,93	0	0	0	0	0	0	0	0	0	0	6078,21
SR00535	31/5/2026	R	9,92354E+11	TRANSARC S,A,	J	9	1	12				2,001E+12	4978,94	4914	14/5/2026	28/7/2026	28/7/2026	75	75	0	0	0	0	4914	0	0	0	0	0	0	0	0	0	0	4978,94
SR00535	31/5/2026	R	9,92354E+11	TRANSARC S,A,	J	9	1	12				2,001E+12	3750,9	3701,98	5/5/2026	19/7/2026	19/7/2026	75	75	0	0	0	0	3701,98	0	0	0	0	0	0	0	0	0	0	3750,9
SR00535	31/5/2026	R	9,92354E+11	TRANSARC S,A,	J	9	1	12				2,001E+12	3883,63	3832,97	8/5/2026	22/7/2026	22/7/2026	75	75	0	0	0	0	3832,97	0	0	0	0	0	0	0	0	0	0	3883,63
SR00535	31/5/2026	R	9,92354E+11	TRANSARC S,A,	J	9	1	12				2,001E+12	2052,73	2025,95	8/5/2026	22/7/2026	22/7/2026	75	75	0	0	0	0	2025,95	0	0	0	0	0	0	0	0	0	0	2052,73
SR00535	31/5/2026	R	9,92354E+11	TRANSARC S,A,	J	9	1	12				2,001E+12	2480,1	2447,75	22/4/2026	6/7/2026	6/7/2026	75	75	0	0	0	0	2447,75	0	0	0	0	0	0	0	0	0	0	2480,1
SR00535	31/5/2026	R	9,92354E+11	TRANSARC S,A,	J	9	1	12				2,001E+12	3883,63	3832,97	5/5/2026	19/7/2026	19/7/2026	75	75	0	0	0	0	3832,97	0	0	0	0	0	0	0	0	0	0	3883,63
SR00535	31/5/2026	R	9,92354E+11	TRANSARC S,A,	J	9	1	12				2,001E+12	4033,49	3980,88	15/5/2026	29/7/2026	29/7/2026	75	75	0	0	0	0	3980,88	0	0	0	0	0	0	0	0	0	0	4033,49
SR00535	31/5/2026	R	9,92354E+11	TRANSARC S,A,	J	9	1	12				2,001E+12	1956,76	1931,24	1/4/2026	15/6/2026	15/6/2026	75	75	0	0	0	1931,24	0	0	0	0	0	0	0	0	0	0	0	1956,76
SR00535	31/5/2026	R	9,92354E+11	TRANSARC S,A,	J	9	1	12				2,001E+12	4030,82	3978,24	7/4/2026	21/6/2026	21/6/2026	75	75	0	0	0	3978,24	0	0	0	0	0	0	0	0	0	0	0	4030,82
SR00535	31/5/2026	R	9,92354E+11	TRANSARC S,A,	J	9	1	12				2,001E+12	4060,14	4060,14	27/5/2026	10/8/2026	10/8/2026	75	75	0	0	0	0	4060,14	0	0	0	0	0	0	0	0	0	0	4060,14
SR00535	31/5/2026	R	9,92354E+11	TRANSARC S,A,	J	9	1	12				1,001E+12	12925,31	12756,72	8/5/2026	22/7/2026	22/7/2026	75	75	0	0	0	0	12756,72	0	0	0	0	0	0	0	0	0	0	12925,31
SR00535	31/5/2026	R	9,92354E+11	TRANSARC S,A,	J	9	1	12				1,001E+12	11919,99	11764,51	12/3/2026	26/5/2026	26/5/2026	75	75	5	11764,51	0	0	0	0	0	0	11764,51	0	0	0	0	0	0	11919,99
SR00535	31/5/2026	R	9,92354E+11	TRANSARC S,A,	J	9	1	12				1,001E+12	4037,48	3984,82	19/4/2026	3/7/2026	3/7/2026	75	75	0	0	0	0	3984,82	0	0	0	0	0	0	0	0	0	0	4037,48
SR00535	31/5/2026	R	9,92354E+11	TRANSARC S,A,	J	9	1	12				2,001E+12	2645,61	2611,1	15/4/2026	29/6/2026	29/6/2026	75	75	0	0	0	2611,1	0	0	0	0	0	0	0	0	0	0	0	2645,61
SR00535	31/5/2026	R	9,92354E+11	TRANSARC S,A,	J	9	1	12				2,001E+12	1962,1	1936,51	22/4/2026	6/7/2026	6/7/2026	75	75	0	0	0	0	1936,51	0	0	0	0	0	0	0	0	0	0	1962,1
SR00535	31/5/2026	R	9,92354E+11	TRANSARC S,A,	J	9	1	12				2,001E+12	632,86	624,6	26/3/2026	9/6/2026	9/6/2026	75	75	0	0	0	624,6	0	0	0	0	0	0	0	0	0	0	0	632,86
SR00535	31/5/2026	R	9,92354E+11	TRANSARC S,A,	J	9	1	12				2,001E+12	4073,47	4020,34	6/5/2026	20/7/2026	20/7/2026	75	75	0	0	0	0	4020,34	0	0	0	0	0	0	0	0	0	0	4073,47
SR00535	31/5/2026	R	9,92354E+11	TRANSARC S,A,	J	9	1	12				2,001E+12	73,73	72,77	12/3/2026	26/5/2026	26/5/2026	75	75	5	72,77	0	0	0	0	0	0	72,77	0	0	0	0	0	0	73,73
SR00535	31/5/2026	R	9,92354E+11	TRANSARC S,A,	J	9	1	12				2,001E+12	3937,23	3885,87	14/4/2026	28/6/2026	28/6/2026	75	75	0	0	0	3885,87	0	0	0	0	0	0	0	0	0	0	0	3937,23
SR00535	31/5/2026	R	9,92354E+11	TRANSARC S,A,	J	9	1	12				2,001E+12	5750,83	5675,82	15/4/2026	29/6/2026	29/6/2026	75	75	0	0	0	5675,82	0	0	0	0	0	0	0	0	0	0	0	5750,83
SR00535	31/5/2026	R	9,92354E+11	TRANSARC S,A,	J	9	1	12				2,001E+12	4170,15	4115,76	26/3/2026	9/6/2026	9/6/2026	75	75	0	0	0	4115,76	0	0	0	0	0	0	0	0	0	0	0	4170,15
SR00535	31/5/2026	R	9,92354E+11	TRANSARC S,A,	J	9	1	12				1,001E+12	4069,47	4016,39	19/4/2026	3/7/2026	3/7/2026	75	75	0	0	0	0	4016,39	0	0	0	0	0	0	0	0	0	0	4069,47
SR00535	31/5/2026	R	9,92354E+11	TRANSARC S,A,	J	9	1	12				2,001E+12	1933,9	1908,68	12/5/2026	26/7/2026	26/7/2026	75	75	0	0	0	0	1908,68	0	0	0	0	0	0	0	0	0	0	1933,9
SR00535	31/5/2026	R	9,92354E+11	TRANSARC S,A,	J	9	1	12				2,001E+12	4778,25	4715,93	14/5/2026	28/7/2026	28/7/2026	75	75	0	0	0	0	4715,93	0	0	0	0	0	0	0	0	0	0	4778,25
SR00535	31/5/2026	R	9,92354E+11	TRANSARC S,A,	J	9	1	12				2,001E+12	14326,29	14139,43	19/3/2026	2/6/2026	2/6/2026	75	75	0	0	0	14139,43	0	0	0	0	0	0	0	0	0	0	0	14326,29
SR00535	31/5/2026	R	9,92354E+11	TRANSARC S,A,	J	9	1	12				2,001E+12	1999,44	1973,36	27/4/2026	11/7/2026	11/7/2026	75	75	0	0	0	0	1973,36	0	0	0	0	0	0	0	0	0	0	1999,44
SR00535	31/5/2026	R	9,92354E+11	TRANSARC S,A,	J	9	1	12				2,001E+12	7387,17	7290,82	6/4/2026	20/6/2026	20/6/2026	75	75	0	0	0	7290,82	0	0	0	0	0	0	0	0	0	0	0	7387,17
SR00535	31/5/2026	R	9,92354E+11	TRANSARC S,A,	J	9	1	12				2,001E+12	7340,32	7244,58	9/4/2026	23/6/2026	23/6/2026	75	75	0	0	0	7244,58	0	0	0	0	0	0	0	0	0	0	0	7340,32
SR00535	31/5/2026	R	9,92354E+11	TRANSARC S,A,	J	9	1	12				2,001E+12	7563,11	7464,46	22/4/2026	6/7/2026	6/7/2026	75	75	0	0	0	0	7464,46	0	0	0	0	0	0	0	0	0	0	7563,11
SR00535	31/5/2026	R	9,92354E+11	TRANSARC S,A,	J	9	1	12				2,001E+12	2132,71	2104,89	9/4/2026	23/6/2026	23/6/2026	75	75	0	0	0	2104,89	0	0	0	0	0	0	0	0	0	0	0	2132,71
SR00535	31/5/2026	R	9,92354E+11	TRANSARC S,A,	J	9	1	12				2,001E+12	1986,08	1960,18	13/3/2026	27/5/2026	27/5/2026	75	75	4	1960,18	0	0	0	0	0	0	1960,18	0	0	0	0	0	0	1986,08
SR00535	31/5/2026	R	9,92354E+11	TRANSARC S,A,	J	9	1	12				1,001E+12	11901,03	11745,8	12/4/2026	26/6/2026	26/6/2026	75	75	0	0	0	11745,8	0	0	0	0	0	0	0	0	0	0	0	11901,03
SR00535	31/5/2026	R	9,92354E+11	TRANSARC S,A,	J	9	1	12				2,001E+12	4861,07	4797,67	14/5/2026	28/7/2026	28/7/2026	75	75	0	0	0	0	4797,67	0	0	0	0	0	0	0	0	0	0	4861,07
SR00535	31/5/2026	R	9,92354E+11	TRANSARC S,A,	J	9	1	12				2,001E+12	545,86	538,74	4/5/2026	18/7/2026	18/7/2026	75	75	0	0	0	0	538,74	0	0	0	0	0	0	0	0	0	0	545,86
SR00535	31/5/2026	R	9,92354E+11	TRANSARC S,A,	J	9	1	12				2,001E+12	4081,47	4081,47	27/5/2026	10/8/2026	10/8/2026	75	75	0	0	0	0	4081,47	0	0	0	0	0	0	0	0	0	0	4081,47
SR00535	31/5/2026	R	9,92354E+11	TRANSARC S,A,	J	9	1	12				2,001E+12	1980,75	1954,91	15/5/2026	29/7/2026	29/7/2026	75	75	0	0	0	0	1954,91	0	0	0	0	0	0	0	0	0	0	1980,75
SR00535	31/5/2026	R	9,92354E+11	TRANSARC S,A,	J	9	1	12				2,001E+12	9932,39	9802,84	1/4/2026	15/6/2026	15/6/2026	75	75	0	0	0	9802,84	0	0	0	0	0	0	0	0	0	0	0	9932,39
SR00535	31/5/2026	R	9,92354E+11	TRANSARC S,A,	J	9	1	12				2,001E+12	11147,51	11002,11	21/4/2026	5/7/2026	5/7/2026	75	75	0	0	0	0	11002,11	0	0	0	0	0	0	0	0	0	0	11147,51
SR00535	31/5/2026	R	9,92354E+11	TRANSARC S,A,	J	9	1	12				2,001E+12	6035,57	5956,85	20/5/2026	3/8/2026	3/8/2026	75	75	0	0	0	0	5956,85	0	0	0	0	0	0	0	0	0	0	6035,57
SR00535	31/5/2026	R	9,92354E+11	TRANSARC S,A,	J	9	1	12				2,001E+12	7565,61	7466,93	17/4/2026	1/7/2026	1/7/2026	75	75	0	0	0	0	7466,93	0	0	0	0	0	0	0	0	0	0	7565,61
SR00535	31/5/2026	R	9,92354E+11	TRANSARC S,A,	J	9	1	12				1,001E+12	2026,07	1999,64	19/3/2026	2/6/2026	2/6/2026	75	75	0	0	0	1999,64	0	0	0	0	0	0	0	0	0	0	0	2026,07
SR00535	31/5/2026	R	9,92354E+11	TRANSARC S,A,	J	9	1	12				2,001E+12	2036,73	2010,16	17/4/2026	1/7/2026	1/7/2026	75	75	0	0	0	0	2010,16	0	0	0	0	0	0	0	0	0	0	2036,73
SR00535	31/5/2026	R	1,79257E+12	TRANSPORTE TRANSATLANTIC TRANS	J	17	1	8				1,001E+12	247,65	247,65	29/5/2026	29/5/2026	29/5/2026	0	0	2	247,65	0	0	0	0	0	0	247,65	0	0	0	0	0	0	247,65
SR00535	31/5/2026	R	1,79171E+12	TRUJILLO DUQUE E HIJOS CIA, LTDA,	J	17	1	57				1,001E+12	354,53	349,91	25/5/2026	4/7/2026	4/7/2026	40	40	0	0	0	0	349,91	0	0	0	0	0	0	0	0	0	0	354,53
SR00535	31/5/2026	R	1,79171E+12	TRUJILLO DUQUE E HIJOS CIA, LTDA,	J	17	1	57				1,001E+12	3161,35	3120,12	19/5/2026	28/6/2026	28/6/2026	40	40	0	0	0	3120,12	0	0	0	0	0	0	0	0	0	0	0	3161,35
SR00535	31/5/2026	R	1,79171E+12	TRUJILLO DUQUE E HIJOS CIA, LTDA,	J	17	1	57				1,001E+12	285,17	281,45	21/4/2026	31/5/2026	31/5/2026	40	40	0	0	0	281,45	0	0	0	0	0	0	0	0	0	0	0	285,17
SR00535	31/5/2026	R	1,79171E+12	TRUJILLO DUQUE E HIJOS CIA, LTDA,	J	17	1	57				1,001E+12	277,43	269,9	19/5/2026	28/6/2026	28/6/2026	40	40	0	0	0	269,9	0	0	0	0	0	0	0	0	0	0	0	277,43
SR00535	31/5/2026	R	1,79171E+12	TRUJILLO DUQUE E HIJOS CIA, LTDA,	J	17	1	57				1,001E+12	1928,49	1641,85	26/5/2026	5/7/2026	5/7/2026	40	40	0	0	0	0	1641,85	0	0	0	0	0	0	0	0	0	0	1928,49
SR00535	31/5/2026	R	1,79171E+12	TRUJILLO DUQUE E HIJOS CIA, LTDA,	J	17	1	57				1,001E+12	183,15	180,76	27/5/2026	6/7/2026	6/7/2026	40	40	0	0	0	0	180,76	0	0	0	0	0	0	0	0	0	0	183,15
SR00535	31/5/2026	R	1,79171E+12	TRUJILLO DUQUE E HIJOS CIA, LTDA,	J	17	1	57				1,001E+12	154,86	152,84	18/5/2026	27/6/2026	27/6/2026	40	40	0	0	0	152,84	0	0	0	0	0	0	0	0	0	0	0	154,86
SR00535	31/5/2026	R	1,79171E+12	TRUJILLO DUQUE E HIJOS CIA, LTDA,	J	17	1	57				1,001E+12	189,75	187,27	28/4/2026	7/6/2026	7/6/2026	40	40	0	0	0	187,27	0	0	0	0	0	0	0	0	0	0	0	189,75
SR00535	31/5/2026	R	1,79171E+12	TRUJILLO DUQUE E HIJOS CIA, LTDA,	J	17	1	57				1,001E+12	448,17	442,32	19/5/2026	28/6/2026	28/6/2026	40	40	0	0	0	442,32	0	0	0	0	0	0	0	0	0	0	0	448,17
SR00535	31/5/2026	R	1,79171E+12	TRUJILLO DUQUE E HIJOS CIA, LTDA,	J	17	1	57				1,001E+12	271,3	267,76	29/4/2026	8/6/2026	8/6/2026	40	40	0	0	0	267,76	0	0	0	0	0	0	0	0	0	0	0	271,3
SR00535	31/5/2026	R	1,79171E+12	TRUJILLO DUQUE E HIJOS CIA, LTDA,	J	17	1	57				1,001E+12	3687,1	3528,67	21/5/2026	30/6/2026	30/6/2026	40	40	0	0	0	3528,67	0	0	0	0	0	0	0	0	0	0	0	3687,1
SR00535	31/5/2026	R	1,79171E+12	TRUJILLO DUQUE E HIJOS CIA, LTDA,	J	17	1	57				1,001E+12	183,15	180,76	27/5/2026	6/7/2026	6/7/2026	40	40	0	0	0	0	180,76	0	0	0	0	0	0	0	0	0	0	183,15
SR00535	31/5/2026	R	1,79171E+12	TRUJILLO DUQUE E HIJOS CIA, LTDA,	J	17	1	57				1,001E+12	4955,45	4319,5	21/5/2026	30/6/2026	30/6/2026	40	40	0	0	0	4319,5	0	0	0	0	0	0	0	0	0	0	0	4955,45
SR00535	31/5/2026	R	1,79171E+12	TRUJILLO DUQUE E HIJOS CIA, LTDA,	J	17	1	57				1,001E+12	4792,25	4079,96	21/5/2026	30/6/2026	30/6/2026	40	40	0	0	0	4079,96	0	0	0	0	0	0	0	0	0	0	0	4792,25
SR00535	31/5/2026	R	1,79171E+12	TRUJILLO DUQUE E HIJOS CIA, LTDA,	J	17	1	57				1,001E+12	190,36	187,88	20/5/2026	29/6/2026	29/6/2026	40	40	0	0	0	187,88	0	0	0	0	0	0	0	0	0	0	0	190,36
SR00535	31/5/2026	R	1,79171E+12	TRUJILLO DUQUE E HIJOS CIA, LTDA,	J	17	1	57				1,001E+12	1416,94	1386,9	20/4/2026	30/5/2026	30/5/2026	40	40	1	1386,9	0	0	0	0	0	0	1386,9	0	0	0	0	0	0	1416,94
SR00535	31/5/2026	R	1,79171E+12	TRUJILLO DUQUE E HIJOS CIA, LTDA,	J	17	1	57				1,001E+12	177,26	174,95	18/5/2026	27/6/2026	27/6/2026	40	40	0	0	0	174,95	0	0	0	0	0	0	0	0	0	0	0	177,26
SR00535	31/5/2026	R	1,79171E+12	TRUJILLO DUQUE E HIJOS CIA, LTDA,	J	17	1	57				1,001E+12	814,98	804,35	19/5/2026	28/6/2026	28/6/2026	40	40	0	0	0	804,35	0	0	0	0	0	0	0	0	0	0	0	814,98
SR00535	31/5/2026	R	1,79171E+12	TRUJILLO DUQUE E HIJOS CIA, LTDA,	J	17	1	57				1,001E+12	366,3	361,52	27/5/2026	6/7/2026	6/7/2026	40	40	0	0	0	0	361,52	0	0	0	0	0	0	0	0	0	0	366,3
SR00535	31/5/2026	R	1,79171E+12	TRUJILLO DUQUE E HIJOS CIA, LTDA,	J	17	1	57				1,001E+12	118,78	117,23	25/5/2026	4/7/2026	4/7/2026	40	40	0	0	0	0	117,23	0	0	0	0	0	0	0	0	0	0	118,78
SR00535	31/5/2026	R	1,79171E+12	TRUJILLO DUQUE E HIJOS CIA, LTDA,	J	17	1	57				1,001E+12	1844,13	1758,61	21/5/2026	30/6/2026	30/6/2026	40	40	0	0	0	1758,61	0	0	0	0	0	0	0	0	0	0	0	1844,13
SR00535	31/5/2026	R	1,79171E+12	TRUJILLO DUQUE E HIJOS CIA, LTDA,	J	17	1	57				1,001E+12	183,15	180,76	27/5/2026	6/7/2026	6/7/2026	40	40	0	0	0	0	180,76	0	0	0	0	0	0	0	0	0	0	183,15
SR00535	31/5/2026	R	1,79171E+12	TRUJILLO DUQUE E HIJOS CIA, LTDA,	J	17	1	57				1,001E+12	193,57	191,05	21/5/2026	30/6/2026	30/6/2026	40	40	0	0	0	191,05	0	0	0	0	0	0	0	0	0	0	0	193,57
SR00535	31/5/2026	R	1,79171E+12	TRUJILLO DUQUE E HIJOS CIA, LTDA,	J	17	1	57				1,001E+12	984,85	948,06	21/5/2026	30/6/2026	30/6/2026	40	40	0	0	0	948,06	0	0	0	0	0	0	0	0	0	0	0	984,85
SR00535	31/5/2026	R	1,79171E+12	TRUJILLO DUQUE E HIJOS CIA, LTDA,	J	17	1	57				1,001E+12	3135,31	3094,41	15/5/2026	24/6/2026	24/6/2026	40	40	0	0	0	3094,41	0	0	0	0	0	0	0	0	0	0	0	3135,31
SR00535	31/5/2026	R	1,79171E+12	TRUJILLO DUQUE E HIJOS CIA, LTDA,	J	17	1	57				1,001E+12	7382,15	7078,56	20/4/2026	30/5/2026	30/5/2026	40	40	1	7078,56	0	0	0	0	0	0	7078,56	0	0	0	0	0	0	7382,15
SR00535	31/5/2026	R	1,79171E+12	TRUJILLO DUQUE E HIJOS CIA, LTDA,	J	17	1	57				1,001E+12	364,04	359,29	19/5/2026	28/6/2026	28/6/2026	40	40	0	0	0	359,29	0	0	0	0	0	0	0	0	0	0	0	364,04
SR00535	31/5/2026	R	1,79171E+12	TRUJILLO DUQUE E HIJOS CIA, LTDA,	J	17	1	57				1,001E+12	1289,16	1136,59	26/5/2026	5/7/2026	5/7/2026	40	40	0	0	0	0	1136,59	0	0	0	0	0	0	0	0	0	0	1289,16
SR00535	31/5/2026	R	1,79171E+12	TRUJILLO DUQUE E HIJOS CIA, LTDA,	J	17	1	57				1,001E+12	3184,09	2710,83	27/5/2026	6/7/2026	6/7/2026	40	40	0	0	0	0	2710,83	0	0	0	0	0	0	0	0	0	0	3184,09
SR00535	31/5/2026	R	1,79171E+12	TRUJILLO DUQUE E HIJOS CIA, LTDA,	J	17	1	57				1,001E+12	211,46	208,7	19/5/2026	28/6/2026	28/6/2026	40	40	0	0	0	208,7	0	0	0	0	0	0	0	0	0	0	0	211,46
SR00535	31/5/2026	R	1,79171E+12	TRUJILLO DUQUE E HIJOS CIA, LTDA,	J	17	1	57				1,001E+12	8748,65	7660,79	21/5/2026	30/6/2026	30/6/2026	40	40	0	0	0	7660,79	0	0	0	0	0	0	0	0	0	0	0	8748,65
SR00535	31/5/2026	R	1,79171E+12	TRUJILLO DUQUE E HIJOS CIA, LTDA,	J	17	1	57				1,001E+12	154,86	152,84	21/5/2026	30/6/2026	30/6/2026	40	40	0	0	0	152,84	0	0	0	0	0	0	0	0	0	0	0	154,86
SR00535	31/5/2026	R	1,79171E+12	TRUJILLO DUQUE E HIJOS CIA, LTDA,	J	17	1	57				1,001E+12	435,19	429,51	21/5/2026	30/6/2026	30/6/2026	40	40	0	0	0	429,51	0	0	0	0	0	0	0	0	0	0	0	435,19
SR00535	31/5/2026	R	1,79171E+12	TRUJILLO DUQUE E HIJOS CIA, LTDA,	J	17	1	57				1,001E+12	352,1	336,5	27/5/2026	6/7/2026	6/7/2026	40	40	0	0	0	0	336,5	0	0	0	0	0	0	0	0	0	0	352,1
SR00535	31/5/2026	R	1,79171E+12	TRUJILLO DUQUE E HIJOS CIA, LTDA,	J	17	1	57				1,001E+12	136,09	122,79	20/4/2026	30/5/2026	30/5/2026	40	40	1	122,79	0	0	0	0	0	0	122,79	0	0	0	0	0	0	136,09
SR00535	31/5/2026	R	1,79171E+12	TRUJILLO DUQUE E HIJOS CIA, LTDA,	J	17	1	57				1,001E+12	2721,74	2686,24	15/5/2026	24/6/2026	24/6/2026	40	40	0	0	0	2686,24	0	0	0	0	0	0	0	0	0	0	0	2721,74
SR00535	31/5/2026	R	1,79171E+12	TRUJILLO DUQUE E HIJOS CIA, LTDA,	J	17	1	57				1,001E+12	1788,23	1744,28	11/5/2026	20/6/2026	20/6/2026	40	40	0	0	0	1744,28	0	0	0	0	0	0	0	0	0	0	0	1788,23
SR00535	31/5/2026	R	1,79171E+12	TRUJILLO DUQUE E HIJOS CIA, LTDA,	J	17	1	57				1,001E+12	3741,73	3692,93	15/5/2026	24/6/2026	24/6/2026	40	40	0	0	0	3692,93	0	0	0	0	0	0	0	0	0	0	0	3741,73
SR00535	31/5/2026	R	1,79171E+12	TRUJILLO DUQUE E HIJOS CIA, LTDA,	J	17	1	57				1,001E+12	826,1	815,32	15/5/2026	24/6/2026	24/6/2026	40	40	0	0	0	815,32	0	0	0	0	0	0	0	0	0	0	0	826,1
SR00535	31/5/2026	R	1,79171E+12	TRUJILLO DUQUE E HIJOS CIA, LTDA,	J	17	1	57				1,001E+12	1844,13	1758,61	21/5/2026	30/6/2026	30/6/2026	40	40	0	0	0	1758,61	0	0	0	0	0	0	0	0	0	0	0	1844,13
SR00535	31/5/2026	R	1,79171E+12	TRUJILLO DUQUE E HIJOS CIA, LTDA,	J	17	1	57				1,001E+12	309,71	305,67	18/5/2026	27/6/2026	27/6/2026	40	40	0	0	0	305,67	0	0	0	0	0	0	0	0	0	0	0	309,71
SR00535	31/5/2026	R	1,79171E+12	TRUJILLO DUQUE E HIJOS CIA, LTDA,	J	17	1	57				1,001E+12	136,09	122,79	20/4/2026	30/5/2026	30/5/2026	40	40	1	122,79	0	0	0	0	0	0	122,79	0	0	0	0	0	0	136,09
SR00535	31/5/2026	R	1,79171E+12	TRUJILLO DUQUE E HIJOS CIA, LTDA,	J	17	1	57				1,001E+12	8535,28	8313,98	21/5/2026	30/6/2026	30/6/2026	40	40	0	0	0	8313,98	0	0	0	0	0	0	0	0	0	0	0	8535,28
SR00535	31/5/2026	R	1,79171E+12	TRUJILLO DUQUE E HIJOS CIA, LTDA,	J	17	1	57				1,001E+12	549,45	542,28	27/5/2026	6/7/2026	6/7/2026	40	40	0	0	0	0	542,28	0	0	0	0	0	0	0	0	0	0	549,45
SR00535	31/5/2026	R	1,79171E+12	TRUJILLO DUQUE E HIJOS CIA, LTDA,	J	17	1	57				1,001E+12	352,1	336,5	26/5/2026	5/7/2026	5/7/2026	40	40	0	0	0	0	336,5	0	0	0	0	0	0	0	0	0	0	352,1
SR00535	31/5/2026	R	1,79171E+12	TRUJILLO DUQUE E HIJOS CIA, LTDA,	J	17	1	57				1,001E+12	6897,84	6239,97	25/5/2026	4/7/2026	4/7/2026	40	40	0	0	0	0	6239,97	0	0	0	0	0	0	0	0	0	0	6897,84
SR00535	31/5/2026	R	1,79171E+12	TRUJILLO DUQUE E HIJOS CIA, LTDA,	J	17	1	57				1,001E+12	190,36	187,88	20/5/2026	29/6/2026	29/6/2026	40	40	0	0	0	187,88	0	0	0	0	0	0	0	0	0	0	0	190,36
SR00535	31/5/2026	R	1,79171E+12	TRUJILLO DUQUE E HIJOS CIA, LTDA,	J	17	1	57				1,001E+12	2143,83	2115,87	15/5/2026	24/6/2026	24/6/2026	40	40	0	0	0	2115,87	0	0	0	0	0	0	0	0	0	0	0	2143,83
SR00535	31/5/2026	R	1,79171E+12	TRUJILLO DUQUE E HIJOS CIA, LTDA,	J	17	1	57				1,001E+12	996,99	983,99	20/4/2026	30/5/2026	30/5/2026	40	40	1	983,99	0	0	0	0	0	0	983,99	0	0	0	0	0	0	996,99
SR00535	31/5/2026	R	1,79171E+12	TRUJILLO DUQUE E HIJOS CIA, LTDA,	J	17	1	57				1,001E+12	901,57	889,81	24/4/2026	3/6/2026	3/6/2026	40	40	0	0	0	889,81	0	0	0	0	0	0	0	0	0	0	0	901,57
SR00535	31/5/2026	R	1,79171E+12	TRUJILLO DUQUE E HIJOS CIA, LTDA,	J	17	1	57				1,001E+12	2322,79	2292,49	26/5/2026	5/7/2026	5/7/2026	40	40	0	0	0	0	2292,49	0	0	0	0	0	0	0	0	0	0	2322,79
SR00535	31/5/2026	R	1,79171E+12	TRUJILLO DUQUE E HIJOS CIA, LTDA,	J	17	1	57				1,001E+12	1348,35	1301,43	27/5/2026	6/7/2026	6/7/2026	40	40	0	0	0	0	1301,43	0	0	0	0	0	0	0	0	0	0	1348,35
SR00535	31/5/2026	R	1,79171E+12	TRUJILLO DUQUE E HIJOS CIA, LTDA,	J	17	1	57				1,001E+12	154,86	152,84	25/5/2026	4/7/2026	4/7/2026	40	40	0	0	0	0	152,84	0	0	0	0	0	0	0	0	0	0	154,86
SR00535	31/5/2026	R	1,79171E+12	TRUJILLO DUQUE E HIJOS CIA, LTDA,	J	17	1	57				1,001E+12	3291,92	3151,82	21/5/2026	30/6/2026	30/6/2026	40	40	0	0	0	3151,82	0	0	0	0	0	0	0	0	0	0	0	3291,92
SR00535	31/5/2026	R	1,79171E+12	TRUJILLO DUQUE E HIJOS CIA, LTDA,	J	17	1	57				1,001E+12	1871,35	1846,94	21/4/2026	31/5/2026	31/5/2026	40	40	0	0	0	1846,94	0	0	0	0	0	0	0	0	0	0	0	1871,35
SR00535	31/5/2026	C	1311661522	TUMBACO LINO FREDDY RAUL	N	23	1	50	M	C	I	2,001E+12	10156,06	10156,06	26/11/2018	21/5/2018	21/5/2018	45	45	2932	10156,06	0	0	0	0	0	0	0	0	0	0	10156,06	10156,06	0	10156,06
SR00535	31/5/2026	R	1,40045E+12	URGILEZ VAZQUEZ MAYRA ISMENE	N	14	6	50	F	C	I	3,001E+12	1210,71	1210,71	8/5/2026	17/6/2026	17/6/2026	40	40	0	0	0	1210,71	0	0	0	0	0	0	0	0	0	0	0	1210,71
SR00535	31/5/2026	R	1,40045E+12	URGILEZ VAZQUEZ MAYRA ISMENE	N	14	6	50	F	C	I	1,001E+12	5863,65	5863,65	27/5/2026	6/7/2026	6/7/2026	40	40	0	0	0	0	5863,65	0	0	0	0	0	0	0	0	0	0	5863,65
SR00535	31/5/2026	R	1,40045E+12	URGILEZ VAZQUEZ MAYRA ISMENE	N	14	6	50	F	C	I	1,001E+12	9841,18	9777,1	28/4/2026	7/6/2026	7/6/2026	40	40	0	0	0	9777,1	0	0	0	0	0	0	0	0	0	0	0	9841,18
SR00535	31/5/2026	R	1,40045E+12	URGILEZ VAZQUEZ MAYRA ISMENE	N	14	6	50	F	C	I	1,001E+12	1210,71	1210,71	27/4/2026	6/6/2026	6/6/2026	40	40	0	0	0	1210,71	0	0	0	0	0	0	0	0	0	0	0	1210,71
SR00535	31/5/2026	R	1,40045E+12	URGILEZ VAZQUEZ MAYRA ISMENE	N	14	6	50	F	C	I	3,001E+12	4390,09	4390,09	8/5/2026	17/6/2026	17/6/2026	40	40	0	0	0	4390,09	0	0	0	0	0	0	0	0	0	0	0	4390,09
SR00535	31/5/2026	R	1,50073E+12	VARGAS CASTRO KEVIN DAVID	N	15	1	50	M	S	I	1,001E+12	207,48	207,48	28/5/2026	7/7/2026	7/7/2026	40	40	0	0	0	0	207,48	0	0	0	0	0	0	0	0	0	0	207,48
SR00535	31/5/2026	R	1,50073E+12	VARGAS CASTRO KEVIN DAVID	N	15	1	50	M	S	I	1,001E+12	521,05	521,05	14/5/2026	23/6/2026	23/6/2026	40	40	0	0	0	521,05	0	0	0	0	0	0	0	0	0	0	0	521,05
SR00535	31/5/2026	R	2,10042E+12	VELEZ LOAYZA DIANA CAROLINA	N	22	3	50	F	C	I	1,001E+12	1773,38	1773,38	28/5/2026	7/7/2026	7/7/2026	40	40	0	0	0	0	1773,38	0	0	0	0	0	0	0	0	0	0	1773,38
SR00535	31/5/2026	C	1307555407	VERA LOOR OTILIA AMARILIS	N	13	17	50	F	S	I	1,001E+12	8919	8919	7/5/2026	16/6/2026	16/6/2026	40	40	0	0	0	8919	0	0	0	0	0	0	0	0	0	0	0	8919
SR00535	31/5/2026	C	1307555407	VERA LOOR OTILIA AMARILIS	N	13	17	50	F	S	I	1,001E+12	1527,11	1527,11	8/5/2026	17/6/2026	17/6/2026	40	40	0	0	0	1527,11	0	0	0	0	0	0	0	0	0	0	0	1527,11
SR00535	31/5/2026	C	1307555407	VERA LOOR OTILIA AMARILIS	N	13	17	50	F	S	I	2,001E+12	9324	9324	8/5/2026	17/6/2026	17/6/2026	40	40	0	0	0	9324	0	0	0	0	0	0	0	0	0	0	0	9324
SR00535	31/5/2026	C	1304137720	VERA MARIN MARIA VICENTA	N	13	1	6	F	C	I	2,001E+12	153,55	153,55	29/4/2026	8/6/2026	8/6/2026	40	40	0	0	0	153,55	0	0	0	0	0	0	0	0	0	0	0	153,55
SR00535	31/5/2026	C	603203225	VERA SANTILLAN LUIS FERNANDO	N	6	1	3	M	S	I	1,001E+12	2949,61	2949,61	2/4/2026	12/5/2026	12/5/2026	40	40	19	2949,61	0	0	0	0	0	0	2949,61	0	0	0	0	0	0	2949,61
SR00535	31/5/2026	C	603203225	VERA SANTILLAN LUIS FERNANDO	N	6	1	3	M	S	I	1,001E+12	1957,01	1926,9	15/5/2026	24/6/2026	24/6/2026	40	40	0	0	0	1926,9	0	0	0	0	0	0	0	0	0	0	0	1957,01
SR00535	31/5/2026	C	603203225	VERA SANTILLAN LUIS FERNANDO	N	6	1	3	M	S	I	1,001E+12	91,24	91,24	17/5/2026	26/6/2026	26/6/2026	40	40	0	0	0	91,24	0	0	0	0	0	0	0	0	0	0	0	91,24
SR00535	31/5/2026	C	603203225	VERA SANTILLAN LUIS FERNANDO	N	6	1	3	M	S	I	1,001E+12	277	277	10/4/2026	20/5/2026	20/5/2026	40	40	11	277	0	0	0	0	0	0	277	0	0	0	0	0	0	277
SR00535	31/5/2026	R	9,925E+11	VETERINARIA NARANJAL S,A, VETNAR	J	9	11	50				3,001E+12	624,67	616,52	14/5/2026	23/6/2026	23/6/2026	40	40	0	0	0	616,52	0	0	0	0	0	0	0	0	0	0	0	624,67
SR00535	31/5/2026	R	9,925E+11	VETERINARIA NARANJAL S,A, VETNAR	J	9	11	50				3,001E+12	4117,79	4064,08	26/5/2026	5/7/2026	5/7/2026	40	40	0	0	0	0	4064,08	0	0	0	0	0	0	0	0	0	0	4117,79
SR00535	31/5/2026	R	9,925E+11	VETERINARIA NARANJAL S,A, VETNAR	J	9	11	50				3,001E+12	763,39	753,43	26/5/2026	5/7/2026	5/7/2026	40	40	0	0	0	0	753,43	0	0	0	0	0	0	0	0	0	0	763,39
SR00535	31/5/2026	R	9,925E+11	VETERINARIA NARANJAL S,A, VETNAR	J	9	11	50				3,001E+12	317,69	313,55	11/5/2026	20/6/2026	20/6/2026	40	40	0	0	0	313,55	0	0	0	0	0	0	0	0	0	0	0	317,69
SR00535	31/5/2026	R	9,925E+11	VETERINARIA NARANJAL S,A, VETNAR	J	9	11	50				3,001E+12	383,63	378,63	14/5/2026	23/6/2026	23/6/2026	40	40	0	0	0	378,63	0	0	0	0	0	0	0	0	0	0	0	383,63
SR00535	31/5/2026	R	9,925E+11	VETERINARIA NARANJAL S,A, VETNAR	J	9	11	50				3,001E+12	5303,31	5234,14	26/5/2026	5/7/2026	5/7/2026	40	40	0	0	0	0	5234,14	0	0	0	0	0	0	0	0	0	0	5303,31
SR00535	31/5/2026	R	9,925E+11	VETERINARIA NARANJAL S,A, VETNAR	J	9	11	50				3,001E+12	5222,53	5154,41	5/5/2026	14/6/2026	14/6/2026	40	40	0	0	0	5154,41	0	0	0	0	0	0	0	0	0	0	0	5222,53
SR00535	31/5/2026	R	9,925E+11	VETERINARIA NARANJAL S,A, VETNAR	J	9	11	50				3,001E+12	8345,22	8236,37	6/5/2026	15/6/2026	15/6/2026	40	40	0	0	0	8236,37	0	0	0	0	0	0	0	0	0	0	0	8345,22
SR00535	31/5/2026	R	9,925E+11	VETERINARIA NARANJAL S,A, VETNAR	J	9	11	50				2,001E+12	1490,45	1471,01	27/5/2026	6/7/2026	6/7/2026	40	40	0	0	0	0	1471,01	0	0	0	0	0	0	0	0	0	0	1490,45
SR00535	31/5/2026	C	909649774	VILLACIS CADENA CESAR ANTONIO	N	9	1	12	M	C	I	2,001E+12	13131,64	13131,64	31/12/2017	30/5/2017	30/5/2017	45	45	3288	13131,64	0	0	0	0	0	0	0	0	0	0	13131,64	13131,64	0	13131,64
SR00535	31/5/2026	R	1,70799E+12	VILLACIS SAA JUAN IVAN	N	5	4	50	M	C	I	2,001E+12	691,53	691,53	6/5/2026	15/6/2026	15/6/2026	40	40	0	0	0	691,53	0	0	0	0	0	0	0	0	0	0	0	691,53
SR00535	31/5/2026	R	1,70799E+12	VILLACIS SAA JUAN IVAN	N	5	4	50	M	C	I	2,001E+12	167,67	167,67	6/5/2026	15/6/2026	15/6/2026	40	40	0	0	0	167,67	0	0	0	0	0	0	0	0	0	0	0	167,67
SR00535	31/5/2026	R	1,70799E+12	VILLACIS SAA JUAN IVAN	N	5	4	50	M	C	I	2,001E+12	2589,44	2589,44	24/4/2026	3/6/2026	3/6/2026	40	40	0	0	0	2589,44	0	0	0	0	0	0	0	0	0	0	0	2589,44
SR00535	31/5/2026	R	1,70799E+12	VILLACIS SAA JUAN IVAN	N	5	4	50	M	C	I	2,001E+12	184,3	184,3	30/4/2026	9/6/2026	9/6/2026	40	40	0	0	0	184,3	0	0	0	0	0	0	0	0	0	0	0	184,3
SR00535	31/5/2026	R	1,70799E+12	VILLACIS SAA JUAN IVAN	N	5	4	50	M	C	I	2,001E+12	4932,52	4932,52	30/4/2026	9/6/2026	9/6/2026	40	40	0	0	0	4932,52	0	0	0	0	0	0	0	0	0	0	0	4932,52
SR00535	31/5/2026	C	1802841187	VILLAFUERTE MASABANDA JESSY LORENA	N	16	1	50	F	C	I	1,001E+12	4249,47	3701,36	21/5/2026	30/6/2026	30/6/2026	40	40	0	0	0	3701,36	0	0	0	0	0	0	0	0	0	0	0	4249,47
SR00535	31/5/2026	C	1802841187	VILLAFUERTE MASABANDA JESSY LORENA	N	16	1	50	F	C	I	1,001E+12	5268,91	5112,4	15/5/2026	24/6/2026	24/6/2026	40	40	0	0	0	5112,4	0	0	0	0	0	0	0	0	0	0	0	5268,91
SR00535	31/5/2026	C	1802841187	VILLAFUERTE MASABANDA JESSY LORENA	N	16	1	50	F	C	I	1,001E+12	352,1	342,01	21/5/2026	30/6/2026	30/6/2026	40	40	0	0	0	342,01	0	0	0	0	0	0	0	0	0	0	0	352,1
SR00535	31/5/2026	C	1802841187	VILLAFUERTE MASABANDA JESSY LORENA	N	16	1	50	F	C	I	1,001E+12	2131,72	1980,39	28/5/2026	7/7/2026	7/7/2026	40	40	0	0	0	0	1980,39	0	0	0	0	0	0	0	0	0	0	2131,72
SR00535	31/5/2026	C	1802841187	VILLAFUERTE MASABANDA JESSY LORENA	N	16	1	50	F	C	I	1,001E+12	5457,61	5301,17	21/5/2026	30/6/2026	30/6/2026	40	40	0	0	0	5301,17	0	0	0	0	0	0	0	0	0	0	0	5457,61
SR00535	31/5/2026	C	1802841187	VILLAFUERTE MASABANDA JESSY LORENA	N	16	1	50	F	C	I	1,001E+12	934,62	922,43	11/5/2026	20/6/2026	20/6/2026	40	40	0	0	0	922,43	0	0	0	0	0	0	0	0	0	0	0	934,62
SR00535	31/5/2026	C	913085148	VILLAMAR LOPEZ MIRNA CECILIA	N	9	13	50	F	C	I	2,001E+12	1152,31	1152,31	5/5/2026	14/6/2026	14/6/2026	40	40	0	0	0	1152,31	0	0	0	0	0	0	0	0	0	0	0	1152,31
SR00535	31/5/2026	C	913085148	VILLAMAR LOPEZ MIRNA CECILIA	N	9	13	50	F	C	I	2,001E+12	693,58	693,58	5/5/2026	14/6/2026	14/6/2026	40	40	0	0	0	693,58	0	0	0	0	0	0	0	0	0	0	0	693,58
SR00535	31/5/2026	C	913085148	VILLAMAR LOPEZ MIRNA CECILIA	N	9	13	50	F	C	I	2,001E+12	92,33	92,33	19/5/2026	28/6/2026	28/6/2026	40	40	0	0	0	92,33	0	0	0	0	0	0	0	0	0	0	0	92,33
SR00535	31/5/2026	C	913085148	VILLAMAR LOPEZ MIRNA CECILIA	N	9	13	50	F	C	I	2,001E+12	272,23	272,23	13/5/2026	22/6/2026	22/6/2026	40	40	0	0	0	272,23	0	0	0	0	0	0	0	0	0	0	0	272,23
SR00535	31/5/2026	C	913085148	VILLAMAR LOPEZ MIRNA CECILIA	N	9	13	50	F	C	I	2,001E+12	1199,74	1199,74	5/5/2026	14/6/2026	14/6/2026	40	40	0	0	0	1199,74	0	0	0	0	0	0	0	0	0	0	0	1199,74
SR00535	31/5/2026	C	913085148	VILLAMAR LOPEZ MIRNA CECILIA	N	9	13	50	F	C	I	2,001E+12	1062,47	1062,47	13/5/2026	22/6/2026	22/6/2026	40	40	0	0	0	1062,47	0	0	0	0	0	0	0	0	0	0	0	1062,47
SR00535	31/5/2026	C	913085148	VILLAMAR LOPEZ MIRNA CECILIA	N	9	13	50	F	C	I	2,001E+12	1333,43	1333,43	19/5/2026	28/6/2026	28/6/2026	40	40	0	0	0	1333,43	0	0	0	0	0	0	0	0	0	0	0	1333,43
SR00535	31/5/2026	R	9,92568E+11	WATLING S,A,	J	12	1	2				2,001E+12	2554,16	2554,16	21/5/2026	20/6/2026	20/6/2026	30	30	0	0	0	2554,16	0	0	0	0	0	0	0	0	0	0	0	2554,16
SR00535	31/5/2026	R	9,92568E+11	WATLING S,A,	J	12	1	2				2,001E+12	2641,32	2641,32	24/4/2026	24/5/2026	24/5/2026	30	30	7	2641,32	0	0	0	0	0	0	2641,32	0	0	0	0	0	0	2641,32
SR00535	31/5/2026	R	9,92568E+11	WATLING S,A,	J	12	1	2				2,001E+12	376,44	327,27	27/5/2026	26/6/2026	26/6/2026	30	30	0	0	0	327,27	0	0	0	0	0	0	0	0	0	0	0	376,44
SR00535	31/5/2026	R	9,92568E+11	WATLING S,A,	J	12	1	2				2,001E+12	1586,49	1458,55	21/5/2026	20/6/2026	20/6/2026	30	30	0	0	0	1458,55	0	0	0	0	0	0	0	0	0	0	0	1586,49
SR00535	31/5/2026	R	9,92568E+11	WATLING S,A,	J	12	1	2				2,001E+12	2554,16	2554,16	27/5/2026	26/6/2026	26/6/2026	30	30	0	0	0	2554,16	0	0	0	0	0	0	0	0	0	0	0	2554,16
SR00535	31/5/2026	R	9,92568E+11	WATLING S,A,	J	12	1	2				2,001E+12	1183,75	902,72	22/4/2026	22/5/2026	22/5/2026	30	30	9	902,72	0	0	0	0	0	0	902,72	0	0	0	0	0	0	1183,75
SR00535	31/5/2026	R	9,92568E+11	WATLING S,A,	J	12	1	2				2,001E+12	933,02	768,37	17/4/2026	17/5/2026	17/5/2026	30	30	14	768,37	0	0	0	0	0	0	768,37	0	0	0	0	0	0	933,02
SR00535	31/5/2026	R	9,93395E+11	WAVEMUSIC ECUADOR S,A,S,	J	9	1	50				2,001E+12	21113,55	21113,55	30/4/2026	8/10/2025	8/10/2025	45	45	235	21113,55	0	0	0	0	0	0	0	0	0	21113,55	0	21113,55	0	21113,55
SR00535	31/5/2026	C	1301858096	ZAMBRANO CEDENO TRUMAN LINCON	N	13	3	50	M	C	I	2,001E+12	504,72	504,72	29/4/2026	8/6/2026	8/6/2026	40	40	0	0	0	504,72	0	0	0	0	0	0	0	0	0	0	0	504,72
SR00535	31/5/2026	C	1301858096	ZAMBRANO CEDENO TRUMAN LINCON	N	13	3	50	M	C	I	2,001E+12	1827,09	1827,09	23/4/2026	2/6/2026	2/6/2026	40	40	0	0	0	1827,09	0	0	0	0	0	0	0	0	0	0	0	1827,09
SR00535	31/5/2026	C	1301858096	ZAMBRANO CEDENO TRUMAN LINCON	N	13	3	50	M	C	I	2,001E+12	622,48	622,48	29/4/2026	8/6/2026	8/6/2026	40	40	0	0	0	622,48	0	0	0	0	0	0	0	0	0	0	0	622,48
SR00535	31/5/2026	C	1301858096	ZAMBRANO CEDENO TRUMAN LINCON	N	13	3	50	M	C	I	2,001E+12	1167,8	1167,8	14/5/2026	23/6/2026	23/6/2026	40	40	0	0	0	1167,8	0	0	0	0	0	0	0	0	0	0	0	1167,8
SR00535	31/5/2026	C	1301858096	ZAMBRANO CEDENO TRUMAN LINCON	N	13	3	50	M	C	I	2,001E+12	336,48	336,48	29/4/2026	8/6/2026	8/6/2026	40	40	0	0	0	336,48	0	0	0	0	0	0	0	0	0	0	0	336,48
SR00535	31/5/2026	C	1301858096	ZAMBRANO CEDENO TRUMAN LINCON	N	13	3	50	M	C	I	2,001E+12	345,08	345,08	14/5/2026	23/6/2026	23/6/2026	40	40	0	0	0	345,08	0	0	0	0	0	0	0	0	0	0	0	345,08
SR00535	31/5/2026	C	1307509685	ZAMBRANO FERNANDEZ SANDRO  MIGUEL	N	13	1	6	M	C	I	2,001E+12	9475,44	9475,44	31/1/2017	2/3/2016	2/3/2016	45	45	3742	9475,44	0	0	0	0	0	0	0	0	0	0	9475,44	9475,44	0	9475,44
SR00535	31/5/2026	C	1310816838	ZAMBRANO MANZO SARA GABRIELA	N	13	1	2	F	S	I	2,001E+12	6134,56	4600,92	30/3/2026	9/5/2026	9/5/2026	40	40	22	4600,92	0	0	0	0	0	0	4600,92	0	0	0	0	0	0	6134,56
SR00535	31/5/2026	C	1310816838	ZAMBRANO MANZO SARA GABRIELA	N	13	1	2	F	S	I	1,001E+12	2678,33	2678,33	29/4/2026	8/6/2026	8/6/2026	40	40	0	0	0	2678,33	0	0	0	0	0	0	0	0	0	0	0	2678,33
SR00535	31/5/2026	C	1310816838	ZAMBRANO MANZO SARA GABRIELA	N	13	1	2	F	S	I	1,001E+12	2433,18	2433,18	29/4/2026	8/6/2026	8/6/2026	40	40	0	0	0	2433,18	0	0	0	0	0	0	0	0	0	0	0	2433,18
SR00535	31/5/2026	C	1310816838	ZAMBRANO MANZO SARA GABRIELA	N	13	1	2	F	S	I	2,001E+12	1539,56	328,72	25/3/2026	4/5/2026	4/5/2026	40	40	27	328,72	0	0	0	0	0	0	328,72	0	0	0	0	0	0	1539,56
SR00535	31/5/2026	C	1310816838	ZAMBRANO MANZO SARA GABRIELA	N	13	1	2	F	S	I	2,001E+12	2281,14	2281,14	2/4/2026	12/5/2026	12/5/2026	40	40	19	2281,14	0	0	0	0	0	0	2281,14	0	0	0	0	0	0	2281,14
SR00535	31/5/2026	C	1310816838	ZAMBRANO MANZO SARA GABRIELA	N	13	1	2	F	S	I	1,001E+12	6455,59	6233	29/4/2026	8/6/2026	8/6/2026	40	40	0	0	0	6233	0	0	0	0	0	0	0	0	0	0	0	6455,59
SR00535	31/5/2026	C	1310816838	ZAMBRANO MANZO SARA GABRIELA	N	13	1	2	F	S	I	2,001E+12	10023,78	1504,5	26/3/2026	5/5/2026	5/5/2026	40	40	26	1504,5	0	0	0	0	0	0	1504,5	0	0	0	0	0	0	10023,78
SR00535	31/5/2026	C	1310816838	ZAMBRANO MANZO SARA GABRIELA	N	13	1	2	F	S	I	1,001E+12	3884,39	1276,73	13/3/2026	22/4/2026	22/4/2026	40	40	39	1276,73	0	0	0	0	0	0	0	1276,73	0	0	0	0	0	3884,39
SR00535	31/5/2026	R	3,00287E+11	ZUNIGA CORONEL MARCIA LUZMILA	N	3	1	2	F	C	I	3,001E+12	1114,41	1010,16	12/5/2026	21/6/2026	21/6/2026	40	40	0	0	0	1010,16	0	0	0	0	0	0	0	0	0	0	0	1114,41
SR00535	31/5/2026	R	3,00287E+11	ZUNIGA CORONEL MARCIA LUZMILA	N	3	1	2	F	C	I	3,001E+12	1992,82	1886,25	28/4/2026	7/6/2026	7/6/2026	40	40	0	0	0	1886,25	0	0	0	0	0	0	0	0	0	0	0	1992,82
SR00535	31/5/2026	C	904904901	ZUNINO PABLO	N	9	1	12	M	S	I	2,001E+12	1958,59	1958,59	18/5/2026	17/6/2026	17/6/2026	30	30	0	0	0	1958,59	0	0	0	0	0	0	0	0	0	0	0	1958,59
SR00535	31/5/2026	R	1,3917E+12	ZURIDIST CIA, LTDA,	J	13	8	5				2,001E+12	813,79	803,17	12/5/2026	21/7/2026	21/7/2026	70	70	0	0	0	0	803,17	0	0	0	0	0	0	0	0	0	0	813,79
SR00535	31/5/2026	R	1,3917E+12	ZURIDIST CIA, LTDA,	J	13	8	5				2,001E+12	445,81	439,99	29/4/2026	8/7/2026	8/7/2026	70	70	0	0	0	0	439,99	0	0	0	0	0	0	0	0	0	0	445,81
SR00535	31/5/2026	R	1,3917E+12	ZURIDIST CIA, LTDA,	J	13	8	5				2,001E+12	1712,4	1690,06	16/4/2026	25/6/2026	25/6/2026	70	70	0	0	0	1690,06	0	0	0	0	0	0	0	0	0	0	0	1712,4
SR00535	31/5/2026	R	1,3917E+12	ZURIDIST CIA, LTDA,	J	13	8	5				2,001E+12	122,59	115,88	24/3/2026	2/6/2026	2/6/2026	70	70	0	0	0	115,88	0	0	0	0	0	0	0	0	0	0	0	122,59
SR00535	31/5/2026	R	1,3917E+12	ZURIDIST CIA, LTDA,	J	13	8	5				2,001E+12	13824,48	12865,43	24/4/2026	3/7/2026	3/7/2026	70	70	0	0	0	0	12865,43	0	0	0	0	0	0	0	0	0	0	13824,48
SR00535	31/5/2026	R	1,3917E+12	ZURIDIST CIA, LTDA,	J	13	8	5				2,001E+12	939,83	927,57	13/5/2026	22/7/2026	22/7/2026	70	70	0	0	0	0	927,57	0	0	0	0	0	0	0	0	0	0	939,83
SR00535	31/5/2026	R	1,3917E+12	ZURIDIST CIA, LTDA,	J	13	8	5				2,001E+12	385,42	380,39	12/5/2026	21/7/2026	21/7/2026	70	70	0	0	0	0	380,39	0	0	0	0	0	0	0	0	0	0	385,42
SR00535	31/5/2026	R	1,3917E+12	ZURIDIST CIA, LTDA,	J	13	8	5				2,001E+12	7338,83	7243,11	7/5/2026	16/7/2026	16/7/2026	70	70	0	0	0	0	7243,11	0	0	0	0	0	0	0	0	0	0	7338,83
SR00535	31/5/2026	R	1,3917E+12	ZURIDIST CIA, LTDA,	J	13	8	5				2,001E+12	831,52	831,52	28/5/2026	6/8/2026	6/8/2026	70	70	0	0	0	0	831,52	0	0	0	0	0	0	0	0	0	0	831,52
SR00535	31/5/2026	R	1,3917E+12	ZURIDIST CIA, LTDA,	J	13	8	5				2,001E+12	4093,61	4040,21	12/5/2026	21/7/2026	21/7/2026	70	70	0	0	0	0	4040,21	0	0	0	0	0	0	0	0	0	0	4093,61
SR00535	31/5/2026	R	1,3917E+12	ZURIDIST CIA, LTDA,	J	13	8	5				2,001E+12	3866,88	3816,44	8/5/2026	17/7/2026	17/7/2026	70	70	0	0	0	0	3816,44	0	0	0	0	0	0	0	0	0	0	3866,88
SR00535	31/5/2026	R	1,3917E+12	ZURIDIST CIA, LTDA,	J	13	8	5				2,001E+12	3345,14	3301,51	8/5/2026	17/7/2026	17/7/2026	70	70	0	0	0	0	3301,51	0	0	0	0	0	0	0	0	0	0	3345,14
SR00535	31/5/2026	R	1,3917E+12	ZURIDIST CIA, LTDA,	J	13	8	5				2,001E+12	817,24	806,58	16/4/2026	25/6/2026	25/6/2026	70	70	0	0	0	806,58	0	0	0	0	0	0	0	0	0	0	0	817,24
SR00535	31/5/2026	R	1,3917E+12	ZURIDIST CIA, LTDA,	J	13	8	5				2,001E+12	15031,33	14835,27	15/4/2026	24/6/2026	24/6/2026	70	70	0	0	0	14835,27	0	0	0	0	0	0	0	0	0	0	0	15031,33
SR00535	31/5/2026	R	1,3917E+12	ZURIDIST CIA, LTDA,	J	13	8	5				2,001E+12	4656,12	4595,39	8/5/2026	17/7/2026	17/7/2026	70	70	0	0	0	0	4595,39	0	0	0	0	0	0	0	0	0	0	4656,12
SR00535	31/5/2026	R	1,3917E+12	ZURIDIST CIA, LTDA,	J	13	8	5				2,001E+12	487,75	481,39	24/4/2026	3/7/2026	3/7/2026	70	70	0	0	0	0	481,39	0	0	0	0	0	0	0	0	0	0	487,75
SR00535	31/5/2026	R	1,3917E+12	ZURIDIST CIA, LTDA,	J	13	8	5				2,001E+12	1961,37	1854,08	24/3/2026	2/6/2026	2/6/2026	70	70	0	0	0	1854,08	0	0	0	0	0	0	0	0	0	0	0	1961,37
SR00535	31/5/2026	R	1,3917E+12	ZURIDIST CIA, LTDA,	J	13	8	5				2,001E+12	403,79	398,52	8/5/2026	17/7/2026	17/7/2026	70	70	0	0	0	0	398,52	0	0	0	0	0	0	0	0	0	0	403,79
SR00535	31/5/2026	R	1,3917E+12	ZURIDIST CIA, LTDA,	J	13	8	5				2,001E+12	1144,14	1129,22	21/5/2026	30/7/2026	30/7/2026	70	70	0	0	0	0	1129,22	0	0	0	0	0	0	0	0	0	0	1144,14
SR00535	31/5/2026	R	1,3917E+12	ZURIDIST CIA, LTDA,	J	13	8	5				2,001E+12	1699,53	1677,36	27/4/2026	6/7/2026	6/7/2026	70	70	0	0	0	0	1677,36	0	0	0	0	0	0	0	0	0	0	1699,53
SR00535	31/5/2026	R	1,3917E+12	ZURIDIST CIA, LTDA,	J	13	8	5				2,001E+12	8115,58	8009,72	16/4/2026	25/6/2026	25/6/2026	70	70	0	0	0	8009,72	0	0	0	0	0	0	0	0	0	0	0	8115,58
SR00535	31/5/2026	R	1,3917E+12	ZURIDIST CIA, LTDA,	J	13	8	5				2,001E+12	2463,59	2431,46	21/5/2026	30/7/2026	30/7/2026	70	70	0	0	0	0	2431,46	0	0	0	0	0	0	0	0	0	0	2463,59
SR00535	31/5/2026	C	1308868544	ZURITA YANEZ SANTIAGO ANDREI	N	13	1	50	M	C	I	2,001E+12	5831,51	3121,81	30/3/2026	9/5/2026	9/5/2026	40	40	22	3121,81	0	0	0	0	0	0	3121,81	0	0	0	0	0	0	5831,51
SR00535	31/5/2026	C	1308868544	ZURITA YANEZ SANTIAGO ANDREI	N	13	1	50	M	C	I	2,001E+12	845,37	834,34	7/5/2026	16/6/2026	16/6/2026	40	40	0	0	0	834,34	0	0	0	0	0	0	0	0	0	0	0	845,37
SR00535	31/5/2026	C	1308868544	ZURITA YANEZ SANTIAGO ANDREI	N	13	1	50	M	C	I	2,001E+12	8814,67	8699,7	29/5/2026	8/7/2026	8/7/2026	40	40	0	0	0	0	8699,7	0	0	0	0	0	0	0	0	0	0	8814,67
SR00535	31/5/2026	C	1308868544	ZURITA YANEZ SANTIAGO ANDREI	N	13	1	50	M	C	I	1,001E+12	3194,72	3153,05	29/4/2026	8/6/2026	8/6/2026	40	40	0	0	0	3153,05	0	0	0	0	0	0	0	0	0	0	0	3194,72
SR00535	31/5/2026	C	1308868544	ZURITA YANEZ SANTIAGO ANDREI	N	13	1	50	M	C	I	2,001E+12	4088,72	3930,04	29/4/2026	8/6/2026	8/6/2026	40	40	0	0	0	3930,04	0	0	0	0	0	0	0	0	0	0	0	4088,72
SR00535	31/5/2026	C	1308868544	ZURITA YANEZ SANTIAGO ANDREI	N	13	1	50	M	C	I	2,001E+12	498,01	483,08	24/4/2026	3/6/2026	3/6/2026	40	40	0	0	0	483,08	0	0	0	0	0	0	0	0	0	0	0	498,01
SR00535	31/5/2026	C	1308868544	ZURITA YANEZ SANTIAGO ANDREI	N	13	1	50	M	C	I	2,001E+12	998,5	985,48	13/5/2026	22/6/2026	22/6/2026	40	40	0	0	0	985,48	0	0	0	0	0	0	0	0	0	0	0	998,5
SR00535	31/5/2026	C	1308868544	ZURITA YANEZ SANTIAGO ANDREI	N	13	1	50	M	C	I	2,001E+12	1690,45	1238,74	30/3/2026	9/5/2026	9/5/2026	40	40	22	1238,74	0	0	0	0	0	0	1238,74	0	0	0	0	0	0	1690,45
SR00535	31/5/2026	C	1308868544	ZURITA YANEZ SANTIAGO ANDREI	N	13	1	50	M	C	I	2,001E+12	1162,24	1147,08	29/5/2026	8/7/2026	8/7/2026	40	40	0	0	0	0	1147,08	0	0	0	0	0	0	0	0	0	0	1162,24
SR00535	31/5/2026	C	1308868544	ZURITA YANEZ SANTIAGO ANDREI	N	13	1	50	M	C	I	2,001E+12	964,07	917,07	28/5/2026	7/7/2026	7/7/2026	40	40	0	0	0	0	917,07	0	0	0	0	0	0	0	0	0	0	964,07
SR00535	31/5/2026	C	1308868544	ZURITA YANEZ SANTIAGO ANDREI	N	13	1	50	M	C	I	1,001E+12	2848,46	2811,31	17/5/2026	26/6/2026	26/6/2026	40	40	0	0	0	2811,31	0	0	0	0	0	0	0	0	0	0	0	2848,46
SR00535	31/5/2026	C	1308868544	ZURITA YANEZ SANTIAGO ANDREI	N	13	1	50	M	C	I	2,001E+12	394,54	389,39	21/4/2026	31/5/2026	31/5/2026	40	40	0	0	0	389,39	0	0	0	0	0	0	0	0	0	0	0	394,54
SR00535	31/5/2026	C	1308868544	ZURITA YANEZ SANTIAGO ANDREI	N	13	1	50	M	C	I	2,001E+12	452,24	446,34	29/5/2026	8/7/2026	8/7/2026	40	40	0	0	0	0	446,34	0	0	0	0	0	0	0	0	0	0	452,24
																																			
													12137040,02	11295002,6							1691291,77	0	6132323,7	3471387,13	0	0	0	911441,17	32039,36	107244,15	178647,3	461919,79	475933,64	0	12137040,02
